GridID,year,species,count
1,2003,Canis lupus,7
1,2004,Canis lupus,1
1,2006,Capreolus capreolus,1
1,2010,Alces alces,1
1,2010,Capreolus capreolus,1
1,2011,Capreolus capreolus,1
1,2014,Capreolus capreolus,1
1,2015,Capreolus capreolus,1
1,2016,Capreolus capreolus,1
1,2017,Capreolus capreolus,4
1,2018,Capreolus capreolus,2
1,2019,Alces alces,1
1,2019,Capreolus capreolus,2
1,2020,Capreolus capreolus,21
1,2021,Alces alces,1
1,2021,Capreolus capreolus,18
1,2022,Capreolus capreolus,42
1,2023,Capreolus capreolus,25
1,2024,Canis lupus,21
1,2024,Capreolus capreolus,24
2,1999,Alces alces,1
2,1999,Capreolus capreolus,1
2,2001,Capreolus capreolus,1
2,2002,Capreolus capreolus,3
2,2003,Alces alces,1
2,2003,Canis lupus,6
2,2003,Capreolus capreolus,1
2,2004,Capreolus capreolus,2
2,2006,Capreolus capreolus,1
2,2007,Alces alces,1
2,2007,Capreolus capreolus,2
2,2008,Alces alces,1
2,2008,Capreolus capreolus,7
2,2009,Alces alces,1
2,2009,Capreolus capreolus,11
2,2010,Alces alces,1
2,2010,Capreolus capreolus,21
2,2011,Capreolus capreolus,15
2,2012,Alces alces,3
2,2012,Capreolus capreolus,15
2,2013,Alces alces,1
2,2013,Capreolus capreolus,30
2,2014,Alces alces,1
2,2014,Capreolus capreolus,15
2,2015,Alces alces,1
2,2015,Capreolus capreolus,54
2,2016,Alces alces,1
2,2016,Capreolus capreolus,72
2,2017,Alces alces,1
2,2017,Capreolus capreolus,72
2,2018,Alces alces,2
2,2018,Capreolus capreolus,98
2,2019,Alces alces,2
2,2019,Capreolus capreolus,92
2,2020,Alces alces,2
2,2020,Capreolus capreolus,93
2,2021,Alces alces,3
2,2021,Capreolus capreolus,108
2,2022,Alces alces,1
2,2022,Capreolus capreolus,107
2,2023,Alces alces,3
2,2023,Capreolus capreolus,102
2,2024,Alces alces,2
2,2024,Capreolus capreolus,136
3,1999,Capreolus capreolus,1
3,2000,Capreolus capreolus,1
3,2001,Alces alces,1
3,2001,Capreolus capreolus,3
3,2002,Capreolus capreolus,3
3,2003,Capreolus capreolus,2
3,2004,Capreolus capreolus,1
3,2005,Alces alces,1
3,2005,Capreolus capreolus,2
3,2006,Alces alces,1
3,2006,Capreolus capreolus,3
3,2007,Capreolus capreolus,4
3,2008,Capreolus capreolus,10
3,2009,Capreolus capreolus,7
3,2010,Capreolus capreolus,6
3,2011,Alces alces,3
3,2011,Capreolus capreolus,8
3,2012,Capreolus capreolus,4
3,2013,Alces alces,1
3,2013,Capreolus capreolus,28
3,2014,Alces alces,2
3,2014,Capreolus capreolus,32
3,2015,Alces alces,2
3,2015,Capreolus capreolus,102
3,2016,Capreolus capreolus,64
3,2017,Alces alces,4
3,2017,Capreolus capreolus,62
3,2018,Alces alces,5
3,2018,Capreolus capreolus,84
3,2019,Alces alces,4
3,2019,Capreolus capreolus,65
3,2020,Alces alces,5
3,2020,Capreolus capreolus,98
3,2021,Alces alces,2
3,2021,Capreolus capreolus,149
3,2022,Alces alces,1
3,2022,Capreolus capreolus,121
3,2023,Alces alces,3
3,2023,Capreolus capreolus,196
3,2024,Alces alces,5
3,2024,Capreolus capreolus,130
4,2001,Capreolus capreolus,1
4,2002,Capreolus capreolus,16
4,2003,Capreolus capreolus,3
4,2004,Capreolus capreolus,1
4,2006,Capreolus capreolus,3
4,2007,Capreolus capreolus,1
4,2009,Capreolus capreolus,4
4,2010,Capreolus capreolus,5
4,2011,Capreolus capreolus,6
4,2012,Capreolus capreolus,5
4,2013,Capreolus capreolus,6
4,2014,Capreolus capreolus,7
4,2015,Alces alces,1
4,2015,Capreolus capreolus,19
4,2016,Alces alces,1
4,2016,Capreolus capreolus,40
4,2017,Alces alces,2
4,2017,Capreolus capreolus,53
4,2018,Capreolus capreolus,47
4,2019,Alces alces,4
4,2019,Capreolus capreolus,57
4,2020,Capreolus capreolus,26
4,2021,Alces alces,1
4,2021,Capreolus capreolus,40
4,2022,Alces alces,1
4,2022,Capreolus capreolus,20
4,2023,Capreolus capreolus,20
4,2024,Alces alces,1
4,2024,Capreolus capreolus,15
5,2007,Capreolus capreolus,1
5,2008,Capreolus capreolus,1
5,2012,Alces alces,1
5,2015,Capreolus capreolus,3
5,2016,Capreolus capreolus,3
5,2017,Capreolus capreolus,3
5,2018,Capreolus capreolus,1
5,2019,Alces alces,1
5,2019,Capreolus capreolus,1
5,2021,Canis lupus,1
5,2021,Capreolus capreolus,1
5,2022,Capreolus capreolus,1
5,2024,Capreolus capreolus,2
6,1999,Alces alces,1
6,2010,Alces alces,1
6,2014,Capreolus capreolus,1
6,2017,Alces alces,1
6,2019,Capreolus capreolus,1
7,2001,Capreolus capreolus,1
7,2018,Canis lupus,7
7,2019,Canis lupus,3
7,2020,Canis lupus,9
8,2001,Alces alces,2
8,2014,Canis lupus,15
8,2015,Canis lupus,2
8,2017,Canis lupus,1
8,2018,Canis lupus,11
8,2019,Canis lupus,11
8,2020,Canis lupus,7
8,2021,Canis lupus,4
8,2022,Capreolus capreolus,1
9,2017,Alces alces,1
10,2016,Capreolus capreolus,1
12,1999,Alces alces,37
12,1999,Capreolus capreolus,34
12,2000,Alces alces,9
12,2000,Capreolus capreolus,13
12,2001,Alces alces,11
12,2001,Capreolus capreolus,15
12,2002,Canis lupus,10
12,2002,Capreolus capreolus,9
12,2003,Alces alces,1
12,2003,Canis lupus,6
12,2003,Capreolus capreolus,9
12,2004,Alces alces,6
12,2004,Canis lupus,4
12,2004,Capreolus capreolus,19
12,2005,Alces alces,3
12,2005,Capreolus capreolus,8
12,2006,Alces alces,2
12,2006,Capreolus capreolus,5
12,2007,Alces alces,4
12,2007,Capreolus capreolus,10
12,2008,Alces alces,1
12,2008,Capreolus capreolus,33
12,2009,Alces alces,13
12,2009,Capreolus capreolus,64
12,2010,Alces alces,7
12,2010,Canis lupus,11
12,2010,Capreolus capreolus,50
12,2011,Alces alces,8
12,2011,Capreolus capreolus,39
12,2012,Alces alces,2
12,2012,Canis lupus,16
12,2012,Capreolus capreolus,18
12,2013,Alces alces,8
12,2013,Capreolus capreolus,20
12,2014,Alces alces,8
12,2014,Capreolus capreolus,49
12,2015,Alces alces,8
12,2015,Canis lupus,2
12,2015,Capreolus capreolus,55
12,2016,Alces alces,16
12,2016,Canis lupus,5
12,2016,Capreolus capreolus,118
12,2017,Alces alces,15
12,2017,Capreolus capreolus,138
12,2018,Alces alces,11
12,2018,Capreolus capreolus,96
12,2019,Alces alces,11
12,2019,Canis lupus,14
12,2019,Capreolus capreolus,64
12,2020,Alces alces,2
12,2020,Canis lupus,2
12,2020,Capreolus capreolus,37
12,2021,Alces alces,2
12,2021,Capreolus capreolus,61
12,2022,Alces alces,3
12,2022,Capreolus capreolus,44
12,2023,Alces alces,5
12,2023,Canis lupus,6
12,2023,Capreolus capreolus,51
12,2024,Alces alces,1
12,2024,Canis lupus,11
12,2024,Capreolus capreolus,44
13,1999,Alces alces,26
13,1999,Capreolus capreolus,21
13,2000,Alces alces,1
13,2001,Alces alces,2
13,2001,Capreolus capreolus,2
13,2004,Alces alces,1
13,2004,Capreolus capreolus,1
13,2005,Alces alces,1
13,2005,Capreolus capreolus,1
13,2007,Capreolus capreolus,1
13,2008,Alces alces,3
13,2008,Capreolus capreolus,3
13,2009,Alces alces,2
13,2009,Capreolus capreolus,3
13,2010,Alces alces,1
13,2011,Capreolus capreolus,2
13,2014,Alces alces,3
13,2014,Canis lupus,21
13,2014,Capreolus capreolus,2
13,2015,Alces alces,2
13,2015,Canis lupus,3
13,2016,Alces alces,2
13,2016,Canis lupus,2
13,2016,Capreolus capreolus,3
13,2017,Alces alces,6
13,2017,Capreolus capreolus,1
13,2018,Alces alces,6
13,2018,Capreolus capreolus,2
13,2019,Capreolus capreolus,7
13,2020,Alces alces,1
13,2020,Canis lupus,6
13,2020,Capreolus capreolus,3
13,2021,Alces alces,3
13,2021,Capreolus capreolus,6
13,2022,Alces alces,3
13,2022,Capreolus capreolus,5
13,2023,Alces alces,1
13,2023,Canis lupus,2
13,2023,Capreolus capreolus,6
13,2024,Alces alces,3
13,2024,Capreolus capreolus,5
14,1999,Alces alces,2
14,1999,Capreolus capreolus,1
14,2002,Alces alces,1
14,2002,Capreolus capreolus,1
14,2004,Alces alces,1
14,2007,Alces alces,2
14,2009,Alces alces,1
14,2012,Alces alces,1
14,2013,Alces alces,2
14,2014,Alces alces,1
14,2015,Alces alces,3
14,2017,Alces alces,3
14,2017,Capreolus capreolus,1
14,2018,Capreolus capreolus,2
14,2019,Alces alces,4
14,2020,Alces alces,2
14,2020,Capreolus capreolus,4
14,2021,Alces alces,1
14,2021,Capreolus capreolus,1
14,2022,Alces alces,1
14,2022,Capreolus capreolus,1
14,2023,Alces alces,1
14,2024,Alces alces,2
14,2024,Canis lupus,1
15,2001,Alces alces,2
15,2001,Capreolus capreolus,1
15,2002,Alces alces,3
15,2002,Capreolus capreolus,3
15,2003,Capreolus capreolus,2
15,2005,Alces alces,6
15,2006,Capreolus capreolus,2
15,2007,Alces alces,1
15,2007,Capreolus capreolus,3
15,2008,Capreolus capreolus,2
15,2009,Alces alces,7
15,2009,Capreolus capreolus,4
15,2010,Alces alces,2
15,2010,Capreolus capreolus,9
15,2011,Alces alces,11
15,2011,Capreolus capreolus,15
15,2012,Alces alces,7
15,2012,Capreolus capreolus,5
15,2013,Alces alces,5
15,2013,Capreolus capreolus,3
15,2014,Alces alces,5
15,2014,Capreolus capreolus,3
15,2015,Alces alces,3
15,2015,Capreolus capreolus,6
15,2016,Alces alces,3
15,2016,Capreolus capreolus,2
15,2017,Alces alces,6
15,2017,Capreolus capreolus,6
15,2018,Alces alces,6
15,2018,Capreolus capreolus,5
15,2019,Alces alces,4
15,2019,Capreolus capreolus,4
15,2020,Alces alces,5
15,2020,Capreolus capreolus,7
15,2021,Alces alces,3
15,2021,Capreolus capreolus,11
15,2022,Capreolus capreolus,6
15,2023,Capreolus capreolus,2
15,2024,Capreolus capreolus,1
16,1999,Capreolus capreolus,1
16,2002,Alces alces,3
16,2007,Capreolus capreolus,1
16,2009,Alces alces,1
16,2010,Alces alces,2
16,2010,Capreolus capreolus,6
16,2012,Alces alces,1
16,2012,Capreolus capreolus,3
16,2013,Alces alces,1
16,2014,Alces alces,2
16,2014,Capreolus capreolus,1
16,2015,Alces alces,1
16,2015,Capreolus capreolus,2
16,2016,Canis lupus,1
16,2016,Capreolus capreolus,1
16,2017,Alces alces,1
16,2017,Capreolus capreolus,1
16,2019,Alces alces,3
16,2020,Alces alces,1
16,2022,Capreolus capreolus,1
16,2023,Alces alces,1
16,2023,Capreolus capreolus,1
17,2000,Alces alces,35
17,2000,Capreolus capreolus,2
17,2002,Alces alces,6
17,2004,Alces alces,1
17,2006,Alces alces,1
17,2009,Alces alces,1
17,2010,Alces alces,1
17,2011,Alces alces,2
17,2013,Alces alces,2
17,2016,Alces alces,1
17,2018,Alces alces,1
17,2019,Alces alces,1
17,2021,Alces alces,2
17,2022,Alces alces,1
18,1999,Alces alces,1
18,2000,Alces alces,7
18,2000,Capreolus capreolus,1
18,2003,Alces alces,2
18,2009,Alces alces,1
18,2019,Alces alces,1
18,2022,Alces alces,1
18,2024,Alces alces,2
19,2001,Alces alces,2
19,2013,Alces alces,1
19,2015,Canis lupus,1
20,2014,Canis lupus,14
20,2021,Capreolus capreolus,1
20,2023,Canis lupus,1
21,2001,Capreolus capreolus,1
21,2007,Capreolus capreolus,1
21,2011,Capreolus capreolus,1
21,2014,Canis lupus,6
21,2015,Capreolus capreolus,9
21,2016,Capreolus capreolus,7
21,2017,Capreolus capreolus,6
21,2018,Capreolus capreolus,10
21,2019,Capreolus capreolus,12
21,2020,Capreolus capreolus,14
21,2021,Capreolus capreolus,19
21,2022,Capreolus capreolus,19
21,2023,Capreolus capreolus,20
21,2024,Capreolus capreolus,16
22,2013,Capreolus capreolus,2
22,2014,Capreolus capreolus,1
22,2015,Capreolus capreolus,7
22,2016,Capreolus capreolus,5
22,2017,Capreolus capreolus,8
22,2018,Capreolus capreolus,4
22,2019,Capreolus capreolus,8
22,2020,Capreolus capreolus,15
22,2021,Capreolus capreolus,6
22,2022,Capreolus capreolus,8
22,2023,Capreolus capreolus,5
22,2024,Capreolus capreolus,6
23,1999,Alces alces,14
23,1999,Capreolus capreolus,10
23,2000,Alces alces,35
23,2000,Capreolus capreolus,7
23,2001,Alces alces,3
23,2001,Capreolus capreolus,1
23,2002,Alces alces,2
23,2002,Canis lupus,5
23,2002,Capreolus capreolus,4
23,2003,Alces alces,3
23,2003,Capreolus capreolus,3
23,2004,Alces alces,25
23,2004,Capreolus capreolus,11
23,2005,Alces alces,4
23,2005,Capreolus capreolus,2
23,2006,Canis lupus,1
23,2006,Capreolus capreolus,4
23,2007,Alces alces,4
23,2007,Capreolus capreolus,4
23,2008,Alces alces,6
23,2008,Capreolus capreolus,7
23,2009,Alces alces,22
23,2009,Capreolus capreolus,46
23,2010,Alces alces,11
23,2010,Canis lupus,19
23,2010,Capreolus capreolus,40
23,2011,Alces alces,10
23,2011,Capreolus capreolus,26
23,2012,Alces alces,4
23,2012,Canis lupus,41
23,2012,Capreolus capreolus,28
23,2013,Alces alces,7
23,2013,Canis lupus,7
23,2013,Capreolus capreolus,40
23,2014,Alces alces,5
23,2014,Canis lupus,5
23,2014,Capreolus capreolus,32
23,2015,Alces alces,6
23,2015,Canis lupus,6
23,2015,Capreolus capreolus,30
23,2016,Alces alces,14
23,2016,Canis lupus,5
23,2016,Capreolus capreolus,64
23,2017,Alces alces,16
23,2017,Canis lupus,1
23,2017,Capreolus capreolus,56
23,2018,Alces alces,16
23,2018,Capreolus capreolus,85
23,2019,Alces alces,8
23,2019,Canis lupus,3
23,2019,Capreolus capreolus,111
23,2020,Alces alces,14
23,2020,Canis lupus,3
23,2020,Capreolus capreolus,80
23,2021,Alces alces,20
23,2021,Capreolus capreolus,99
23,2022,Alces alces,9
23,2022,Capreolus capreolus,93
23,2023,Alces alces,10
23,2023,Capreolus capreolus,121
23,2024,Alces alces,4
23,2024,Canis lupus,8
23,2024,Capreolus capreolus,106
24,1999,Alces alces,5
24,1999,Capreolus capreolus,2
24,2000,Alces alces,16
24,2000,Capreolus capreolus,2
24,2001,Alces alces,3
24,2002,Alces alces,10
24,2002,Capreolus capreolus,4
24,2003,Alces alces,3
24,2003,Capreolus capreolus,1
24,2004,Alces alces,3
24,2005,Alces alces,1
24,2005,Capreolus capreolus,2
24,2008,Alces alces,1
24,2008,Capreolus capreolus,1
24,2009,Alces alces,3
24,2009,Capreolus capreolus,3
24,2010,Alces alces,6
24,2010,Canis lupus,47
24,2010,Capreolus capreolus,8
24,2011,Alces alces,4
24,2011,Capreolus capreolus,6
24,2012,Alces alces,2
24,2012,Canis lupus,6
24,2012,Capreolus capreolus,8
24,2013,Alces alces,2
24,2013,Canis lupus,11
24,2013,Capreolus capreolus,2
24,2014,Alces alces,2
24,2014,Canis lupus,11
24,2014,Capreolus capreolus,4
24,2015,Alces alces,2
24,2015,Canis lupus,31
24,2015,Capreolus capreolus,8
24,2016,Alces alces,1
24,2016,Canis lupus,9
24,2016,Capreolus capreolus,9
24,2017,Alces alces,6
24,2017,Capreolus capreolus,6
24,2018,Alces alces,9
24,2018,Capreolus capreolus,9
24,2019,Alces alces,7
24,2019,Capreolus capreolus,7
24,2020,Alces alces,8
24,2020,Canis lupus,17
24,2020,Capreolus capreolus,7
24,2021,Alces alces,3
24,2021,Capreolus capreolus,9
24,2022,Alces alces,2
24,2022,Capreolus capreolus,5
24,2023,Alces alces,5
24,2023,Capreolus capreolus,4
24,2024,Alces alces,6
24,2024,Canis lupus,4
24,2024,Capreolus capreolus,3
25,1999,Alces alces,18
25,1999,Capreolus capreolus,9
25,2000,Alces alces,6
25,2000,Capreolus capreolus,3
25,2001,Alces alces,4
25,2002,Alces alces,10
25,2002,Capreolus capreolus,1
25,2003,Alces alces,1
25,2006,Alces alces,1
25,2006,Capreolus capreolus,1
25,2007,Alces alces,3
25,2007,Capreolus capreolus,1
25,2009,Capreolus capreolus,1
25,2010,Canis lupus,3
25,2010,Capreolus capreolus,1
25,2011,Alces alces,2
25,2011,Capreolus capreolus,1
25,2012,Alces alces,1
25,2014,Alces alces,5
25,2014,Canis lupus,1
25,2014,Capreolus capreolus,2
25,2015,Alces alces,2
25,2016,Alces alces,1
25,2016,Canis lupus,2
25,2017,Canis lupus,2
25,2017,Capreolus capreolus,3
25,2018,Alces alces,1
25,2018,Capreolus capreolus,2
25,2019,Alces alces,6
25,2019,Canis lupus,4
25,2019,Capreolus capreolus,1
25,2020,Alces alces,8
25,2020,Canis lupus,1
25,2020,Capreolus capreolus,14
25,2021,Capreolus capreolus,4
25,2022,Alces alces,14
25,2022,Canis lupus,2
25,2022,Capreolus capreolus,7
25,2023,Alces alces,14
25,2023,Canis lupus,2
25,2023,Capreolus capreolus,9
25,2024,Alces alces,17
25,2024,Capreolus capreolus,4
26,1999,Alces alces,1
26,1999,Capreolus capreolus,1
26,2001,Alces alces,1
26,2003,Alces alces,1
26,2009,Alces alces,1
26,2011,Alces alces,3
26,2011,Capreolus capreolus,1
26,2012,Alces alces,1
26,2012,Canis lupus,1
26,2013,Canis lupus,1
26,2013,Capreolus capreolus,1
26,2014,Alces alces,1
26,2014,Capreolus capreolus,1
26,2017,Alces alces,3
26,2017,Capreolus capreolus,1
26,2018,Alces alces,5
26,2018,Capreolus capreolus,2
26,2019,Alces alces,1
26,2019,Canis lupus,1
26,2019,Capreolus capreolus,2
26,2020,Alces alces,1
26,2020,Canis lupus,1
26,2020,Capreolus capreolus,5
26,2021,Alces alces,3
26,2021,Capreolus capreolus,1
26,2022,Alces alces,4
26,2022,Capreolus capreolus,1
26,2023,Alces alces,2
26,2023,Capreolus capreolus,5
26,2024,Alces alces,4
26,2024,Canis lupus,1
26,2024,Capreolus capreolus,3
27,2002,Alces alces,1
27,2008,Alces alces,1
27,2013,Alces alces,1
27,2014,Capreolus capreolus,1
27,2015,Alces alces,3
27,2016,Alces alces,1
27,2018,Alces alces,1
27,2019,Alces alces,1
27,2020,Alces alces,2
27,2021,Alces alces,1
27,2022,Alces alces,2
27,2023,Alces alces,1
28,1999,Capreolus capreolus,1
28,2002,Alces alces,16
28,2002,Capreolus capreolus,2
28,2003,Alces alces,2
28,2014,Alces alces,2
28,2014,Canis lupus,1
28,2018,Alces alces,2
28,2018,Capreolus capreolus,1
28,2020,Alces alces,1
28,2021,Alces alces,1
28,2023,Canis lupus,1
28,2023,Capreolus capreolus,1
28,2024,Alces alces,1
28,2024,Capreolus capreolus,1
29,2000,Alces alces,2
29,2001,Alces alces,3
29,2008,Capreolus capreolus,1
29,2010,Capreolus capreolus,10
29,2011,Capreolus capreolus,1
29,2012,Alces alces,2
29,2012,Capreolus capreolus,1
29,2013,Alces alces,1
30,2012,Capreolus capreolus,1
30,2014,Alces alces,1
30,2014,Canis lupus,1
30,2014,Capreolus capreolus,1
30,2015,Capreolus capreolus,1
30,2016,Capreolus capreolus,3
30,2017,Capreolus capreolus,4
30,2018,Capreolus capreolus,2
30,2019,Capreolus capreolus,9
30,2020,Capreolus capreolus,4
30,2021,Alces alces,1
30,2021,Capreolus capreolus,4
30,2022,Capreolus capreolus,1
30,2023,Capreolus capreolus,3
30,2024,Alces alces,1
30,2024,Capreolus capreolus,3
31,1999,Alces alces,7
31,2000,Alces alces,1
31,2000,Capreolus capreolus,1
31,2001,Alces alces,1
31,2003,Alces alces,1
31,2012,Canis lupus,1
31,2017,Alces alces,1
31,2019,Alces alces,5
31,2020,Alces alces,4
31,2021,Capreolus capreolus,1
31,2022,Alces alces,4
31,2023,Alces alces,4
31,2024,Alces alces,1
32,1999,Capreolus capreolus,1
32,2001,Capreolus capreolus,2
32,2003,Capreolus capreolus,1
32,2005,Capreolus capreolus,2
32,2006,Alces alces,1
32,2007,Capreolus capreolus,2
32,2009,Capreolus capreolus,1
32,2010,Alces alces,1
32,2010,Capreolus capreolus,2
32,2011,Alces alces,1
32,2011,Capreolus capreolus,3
32,2012,Alces alces,1
32,2012,Capreolus capreolus,2
32,2013,Capreolus capreolus,2
32,2015,Capreolus capreolus,3
32,2016,Alces alces,3
32,2016,Canis lupus,7
32,2016,Capreolus capreolus,2
32,2017,Capreolus capreolus,4
32,2018,Capreolus capreolus,8
32,2019,Capreolus capreolus,2
32,2020,Capreolus capreolus,16
32,2021,Capreolus capreolus,10
32,2022,Capreolus capreolus,8
32,2023,Capreolus capreolus,2
32,2024,Capreolus capreolus,6
33,2002,Capreolus capreolus,1
33,2003,Alces alces,7
33,2003,Capreolus capreolus,28
33,2004,Alces alces,1
33,2004,Capreolus capreolus,2
33,2005,Capreolus capreolus,3
33,2006,Capreolus capreolus,6
33,2007,Capreolus capreolus,2
33,2008,Alces alces,2
33,2008,Capreolus capreolus,6
33,2009,Alces alces,1
33,2009,Capreolus capreolus,13
33,2010,Capreolus capreolus,7
33,2011,Capreolus capreolus,10
33,2012,Alces alces,2
33,2012,Capreolus capreolus,9
33,2013,Capreolus capreolus,8
33,2014,Alces alces,1
33,2014,Capreolus capreolus,12
33,2015,Alces alces,1
33,2015,Capreolus capreolus,29
33,2016,Alces alces,1
33,2016,Capreolus capreolus,24
33,2017,Alces alces,2
33,2017,Capreolus capreolus,14
33,2018,Alces alces,2
33,2018,Capreolus capreolus,19
33,2019,Alces alces,3
33,2019,Capreolus capreolus,28
33,2020,Alces alces,1
33,2020,Capreolus capreolus,11
33,2021,Alces alces,2
33,2021,Capreolus capreolus,53
33,2022,Alces alces,1
33,2022,Capreolus capreolus,54
33,2023,Alces alces,3
33,2023,Capreolus capreolus,47
33,2024,Alces alces,1
33,2024,Capreolus capreolus,36
34,2007,Capreolus capreolus,1
34,2010,Capreolus capreolus,1
34,2011,Capreolus capreolus,1
34,2012,Capreolus capreolus,2
34,2013,Capreolus capreolus,2
34,2014,Capreolus capreolus,1
34,2015,Capreolus capreolus,1
34,2016,Alces alces,1
34,2016,Capreolus capreolus,6
34,2017,Capreolus capreolus,1
34,2018,Capreolus capreolus,2
34,2019,Capreolus capreolus,7
34,2020,Alces alces,1
34,2020,Capreolus capreolus,27
34,2021,Alces alces,1
34,2021,Capreolus capreolus,11
34,2022,Alces alces,2
34,2022,Capreolus capreolus,17
34,2023,Capreolus capreolus,10
34,2024,Alces alces,3
34,2024,Capreolus capreolus,16
35,1999,Alces alces,10
35,1999,Capreolus capreolus,13
35,2000,Alces alces,4
35,2000,Capreolus capreolus,5
35,2001,Alces alces,9
35,2001,Capreolus capreolus,9
35,2002,Alces alces,6
35,2002,Canis lupus,1
35,2002,Capreolus capreolus,11
35,2003,Canis lupus,3
35,2004,Alces alces,2
35,2004,Capreolus capreolus,3
35,2005,Capreolus capreolus,1
35,2008,Alces alces,2
35,2008,Capreolus capreolus,5
35,2009,Capreolus capreolus,4
35,2010,Alces alces,2
35,2010,Capreolus capreolus,12
35,2011,Alces alces,1
35,2011,Capreolus capreolus,10
35,2012,Alces alces,3
35,2012,Capreolus capreolus,11
35,2013,Alces alces,2
35,2013,Canis lupus,1
35,2013,Capreolus capreolus,7
35,2014,Alces alces,3
35,2014,Capreolus capreolus,22
35,2015,Alces alces,4
35,2015,Capreolus capreolus,25
35,2016,Alces alces,8
35,2016,Canis lupus,2
35,2016,Capreolus capreolus,40
35,2017,Alces alces,8
35,2017,Capreolus capreolus,54
35,2018,Alces alces,5
35,2018,Capreolus capreolus,49
35,2019,Alces alces,3
35,2019,Capreolus capreolus,74
35,2020,Alces alces,15
35,2020,Capreolus capreolus,59
35,2021,Alces alces,6
35,2021,Capreolus capreolus,72
35,2022,Alces alces,6
35,2022,Capreolus capreolus,67
35,2023,Alces alces,15
35,2023,Capreolus capreolus,73
35,2024,Alces alces,16
35,2024,Capreolus capreolus,60
36,1999,Alces alces,57
36,1999,Capreolus capreolus,40
36,2000,Alces alces,2
36,2001,Alces alces,15
36,2001,Capreolus capreolus,12
36,2002,Alces alces,10
36,2002,Canis lupus,9
36,2002,Capreolus capreolus,13
36,2003,Canis lupus,4
36,2004,Capreolus capreolus,1
36,2005,Alces alces,1
36,2005,Capreolus capreolus,2
36,2006,Alces alces,1
36,2007,Canis lupus,30
36,2008,Alces alces,1
36,2008,Canis lupus,2
36,2008,Capreolus capreolus,1
36,2009,Alces alces,1
36,2010,Canis lupus,1
36,2010,Capreolus capreolus,3
36,2011,Alces alces,6
36,2011,Capreolus capreolus,1
36,2012,Alces alces,1
36,2012,Canis lupus,14
36,2013,Canis lupus,20
36,2014,Canis lupus,2
36,2014,Capreolus capreolus,2
36,2015,Alces alces,10
36,2015,Canis lupus,9
36,2015,Capreolus capreolus,8
36,2016,Alces alces,9
36,2016,Canis lupus,11
36,2016,Capreolus capreolus,11
36,2017,Alces alces,4
36,2017,Canis lupus,3
36,2017,Capreolus capreolus,7
36,2018,Alces alces,8
36,2018,Capreolus capreolus,10
36,2019,Alces alces,5
36,2019,Canis lupus,1
36,2019,Capreolus capreolus,5
36,2020,Alces alces,1
36,2020,Capreolus capreolus,7
36,2021,Alces alces,2
36,2021,Capreolus capreolus,15
36,2022,Alces alces,3
36,2022,Capreolus capreolus,8
36,2023,Alces alces,4
36,2023,Capreolus capreolus,9
36,2024,Alces alces,1
36,2024,Canis lupus,20
36,2024,Capreolus capreolus,4
37,1999,Alces alces,2
37,2001,Alces alces,1
37,2002,Capreolus capreolus,1
37,2003,Alces alces,1
37,2004,Capreolus capreolus,1
37,2006,Alces alces,1
37,2009,Alces alces,3
37,2009,Capreolus capreolus,1
37,2010,Alces alces,6
37,2010,Canis lupus,3
37,2010,Capreolus capreolus,2
37,2011,Alces alces,9
37,2012,Capreolus capreolus,1
37,2013,Alces alces,1
37,2013,Canis lupus,10
37,2013,Capreolus capreolus,1
37,2014,Alces alces,1
37,2014,Capreolus capreolus,2
37,2015,Alces alces,2
37,2015,Canis lupus,15
37,2015,Capreolus capreolus,4
37,2016,Alces alces,1
37,2016,Canis lupus,2
37,2016,Capreolus capreolus,7
37,2017,Alces alces,1
37,2017,Canis lupus,1
37,2017,Capreolus capreolus,13
37,2018,Alces alces,7
37,2018,Capreolus capreolus,13
37,2019,Alces alces,6
37,2019,Canis lupus,1
37,2019,Capreolus capreolus,23
37,2020,Alces alces,3
37,2020,Capreolus capreolus,22
37,2021,Alces alces,8
37,2021,Capreolus capreolus,49
37,2022,Alces alces,3
37,2022,Capreolus capreolus,4
37,2023,Alces alces,2
37,2023,Capreolus capreolus,6
37,2024,Alces alces,2
37,2024,Capreolus capreolus,10
38,1999,Alces alces,1
38,2000,Alces alces,1
38,2001,Alces alces,1
38,2002,Alces alces,2
38,2002,Capreolus capreolus,1
38,2003,Alces alces,1
38,2006,Alces alces,3
38,2006,Capreolus capreolus,1
38,2008,Alces alces,1
38,2009,Alces alces,4
38,2009,Capreolus capreolus,1
38,2010,Capreolus capreolus,1
38,2011,Alces alces,1
38,2011,Capreolus capreolus,2
38,2013,Canis lupus,30
38,2013,Capreolus capreolus,2
38,2014,Alces alces,3
38,2014,Capreolus capreolus,1
38,2015,Alces alces,2
38,2015,Canis lupus,9
38,2015,Capreolus capreolus,3
38,2016,Alces alces,4
38,2016,Canis lupus,8
38,2016,Capreolus capreolus,6
38,2017,Alces alces,6
38,2017,Capreolus capreolus,4
38,2018,Alces alces,8
38,2018,Canis lupus,1
38,2018,Capreolus capreolus,7
38,2019,Alces alces,6
38,2019,Canis lupus,14
38,2019,Capreolus capreolus,6
38,2020,Alces alces,2
38,2020,Canis lupus,5
38,2020,Capreolus capreolus,6
38,2021,Alces alces,11
38,2021,Canis lupus,2
38,2021,Capreolus capreolus,10
38,2022,Alces alces,6
38,2022,Canis lupus,5
38,2022,Capreolus capreolus,5
38,2023,Alces alces,6
38,2023,Canis lupus,2
38,2023,Capreolus capreolus,12
38,2024,Alces alces,25
38,2024,Capreolus capreolus,6
39,1999,Alces alces,2
39,2008,Alces alces,1
39,2009,Alces alces,1
39,2009,Capreolus capreolus,1
39,2014,Alces alces,1
39,2015,Alces alces,1
39,2016,Capreolus capreolus,3
39,2018,Canis lupus,1
39,2018,Capreolus capreolus,2
39,2019,Alces alces,1
39,2020,Capreolus capreolus,1
39,2021,Alces alces,1
39,2021,Capreolus capreolus,3
39,2022,Alces alces,3
39,2022,Capreolus capreolus,2
39,2023,Canis lupus,4
39,2023,Capreolus capreolus,3
39,2024,Alces alces,3
40,1999,Alces alces,8
40,1999,Capreolus capreolus,3
40,2000,Alces alces,8
40,2000,Capreolus capreolus,8
40,2002,Alces alces,1
40,2003,Alces alces,15
40,2004,Alces alces,19
40,2007,Capreolus capreolus,1
40,2008,Alces alces,1
40,2009,Alces alces,1
40,2010,Alces alces,3
40,2010,Capreolus capreolus,1
40,2011,Alces alces,5
40,2011,Capreolus capreolus,1
40,2012,Alces alces,2
40,2012,Canis lupus,1
40,2012,Capreolus capreolus,2
40,2013,Alces alces,2
40,2013,Capreolus capreolus,6
40,2014,Alces alces,6
40,2014,Capreolus capreolus,7
40,2015,Alces alces,12
40,2015,Canis lupus,5
40,2015,Capreolus capreolus,12
40,2016,Alces alces,14
40,2016,Capreolus capreolus,16
40,2017,Alces alces,3
40,2017,Capreolus capreolus,20
40,2018,Alces alces,13
40,2018,Capreolus capreolus,12
40,2019,Alces alces,25
40,2019,Canis lupus,1
40,2019,Capreolus capreolus,11
40,2020,Alces alces,7
40,2020,Canis lupus,4
40,2020,Capreolus capreolus,15
40,2021,Alces alces,14
40,2021,Canis lupus,1
40,2021,Capreolus capreolus,17
40,2022,Alces alces,17
40,2022,Capreolus capreolus,19
40,2023,Alces alces,10
40,2023,Canis lupus,5
40,2023,Capreolus capreolus,31
40,2024,Alces alces,21
40,2024,Canis lupus,1
40,2024,Capreolus capreolus,36
41,1999,Alces alces,38
41,1999,Capreolus capreolus,10
41,2000,Alces alces,1
41,2001,Alces alces,6
41,2001,Capreolus capreolus,2
41,2002,Alces alces,8
41,2002,Capreolus capreolus,5
41,2003,Alces alces,8
41,2003,Capreolus capreolus,6
41,2008,Alces alces,1
41,2010,Capreolus capreolus,2
41,2011,Alces alces,1
41,2012,Alces alces,1
41,2012,Capreolus capreolus,1
41,2013,Canis lupus,8
41,2013,Capreolus capreolus,8
41,2014,Alces alces,3
41,2014,Capreolus capreolus,2
41,2015,Alces alces,2
41,2015,Canis lupus,1
41,2015,Capreolus capreolus,1
41,2016,Canis lupus,1
41,2016,Capreolus capreolus,3
41,2017,Alces alces,1
41,2017,Capreolus capreolus,1
41,2018,Alces alces,1
41,2018,Capreolus capreolus,1
41,2019,Alces alces,1
41,2019,Canis lupus,1
41,2019,Capreolus capreolus,3
41,2020,Capreolus capreolus,1
41,2021,Alces alces,2
41,2021,Canis lupus,1
41,2021,Capreolus capreolus,3
41,2022,Canis lupus,1
41,2022,Capreolus capreolus,1
41,2023,Alces alces,5
41,2023,Capreolus capreolus,6
41,2024,Alces alces,4
41,2024,Capreolus capreolus,6
42,2002,Capreolus capreolus,1
42,2009,Alces alces,1
42,2009,Capreolus capreolus,1
42,2013,Alces alces,1
42,2015,Alces alces,3
42,2017,Alces alces,1
42,2020,Canis lupus,1
42,2023,Alces alces,1
42,2024,Alces alces,1
43,1999,Alces alces,8
43,1999,Capreolus capreolus,2
43,2002,Canis lupus,3
43,2008,Alces alces,1
43,2009,Alces alces,2
43,2010,Alces alces,6
43,2011,Alces alces,2
43,2012,Alces alces,1
43,2012,Canis lupus,29
43,2013,Alces alces,3
43,2013,Capreolus capreolus,1
43,2015,Alces alces,5
43,2015,Capreolus capreolus,3
43,2016,Alces alces,6
43,2016,Capreolus capreolus,10
43,2017,Alces alces,8
43,2018,Alces alces,40
43,2018,Capreolus capreolus,10
43,2019,Alces alces,6
43,2019,Capreolus capreolus,5
43,2020,Alces alces,4
43,2020,Capreolus capreolus,9
43,2021,Alces alces,8
43,2021,Capreolus capreolus,6
43,2022,Alces alces,1
43,2022,Capreolus capreolus,12
43,2023,Alces alces,3
43,2023,Capreolus capreolus,4
43,2024,Alces alces,4
43,2024,Capreolus capreolus,6
44,1999,Alces alces,1
44,1999,Capreolus capreolus,1
44,2008,Alces alces,1
44,2009,Alces alces,1
44,2010,Alces alces,1
44,2012,Canis lupus,74
44,2013,Canis lupus,16
44,2014,Alces alces,1
44,2014,Capreolus capreolus,1
44,2015,Capreolus capreolus,1
44,2016,Capreolus capreolus,1
44,2017,Capreolus capreolus,2
44,2018,Capreolus capreolus,1
44,2019,Alces alces,1
44,2020,Alces alces,1
44,2020,Capreolus capreolus,1
44,2021,Alces alces,1
44,2022,Alces alces,6
44,2022,Capreolus capreolus,5
44,2024,Alces alces,2
44,2024,Capreolus capreolus,3
45,2001,Alces alces,11
45,2001,Capreolus capreolus,17
45,2002,Alces alces,3
45,2002,Capreolus capreolus,2
45,2003,Alces alces,3
45,2003,Capreolus capreolus,3
45,2004,Capreolus capreolus,4
45,2005,Alces alces,4
45,2005,Capreolus capreolus,6
45,2006,Capreolus capreolus,1
45,2007,Alces alces,2
45,2007,Capreolus capreolus,4
45,2008,Alces alces,1
45,2008,Capreolus capreolus,14
45,2009,Alces alces,11
45,2009,Capreolus capreolus,56
45,2010,Alces alces,19
45,2010,Capreolus capreolus,154
45,2011,Alces alces,16
45,2011,Capreolus capreolus,74
45,2012,Alces alces,10
45,2012,Capreolus capreolus,99
45,2013,Alces alces,8
45,2013,Capreolus capreolus,99
45,2014,Alces alces,6
45,2014,Capreolus capreolus,58
45,2015,Alces alces,5
45,2015,Capreolus capreolus,98
45,2016,Alces alces,12
45,2016,Capreolus capreolus,89
45,2017,Alces alces,6
45,2017,Capreolus capreolus,94
45,2018,Alces alces,16
45,2018,Capreolus capreolus,75
45,2019,Alces alces,6
45,2019,Canis lupus,3
45,2019,Capreolus capreolus,48
45,2020,Alces alces,8
45,2020,Capreolus capreolus,60
45,2021,Alces alces,6
45,2021,Capreolus capreolus,65
45,2022,Capreolus capreolus,63
45,2023,Alces alces,11
45,2023,Capreolus capreolus,35
45,2024,Alces alces,5
45,2024,Capreolus capreolus,45
46,2000,Alces alces,1
46,2000,Capreolus capreolus,1
46,2001,Alces alces,4
46,2001,Capreolus capreolus,3
46,2002,Capreolus capreolus,1
46,2005,Alces alces,1
46,2006,Capreolus capreolus,1
46,2007,Alces alces,3
46,2007,Capreolus capreolus,3
46,2008,Alces alces,1
46,2008,Capreolus capreolus,14
46,2009,Alces alces,4
46,2009,Capreolus capreolus,23
46,2010,Alces alces,5
46,2010,Capreolus capreolus,9
46,2011,Alces alces,1
46,2011,Capreolus capreolus,9
46,2012,Capreolus capreolus,6
46,2013,Alces alces,1
46,2013,Capreolus capreolus,9
46,2014,Capreolus capreolus,9
46,2015,Capreolus capreolus,9
46,2016,Capreolus capreolus,13
46,2017,Alces alces,1
46,2017,Capreolus capreolus,14
46,2018,Canis lupus,1
46,2018,Capreolus capreolus,22
46,2019,Alces alces,1
46,2019,Capreolus capreolus,26
46,2020,Alces alces,6
46,2020,Capreolus capreolus,30
46,2021,Alces alces,5
46,2021,Capreolus capreolus,18
46,2022,Alces alces,3
46,2022,Capreolus capreolus,15
46,2023,Alces alces,2
46,2023,Canis lupus,7
46,2023,Capreolus capreolus,12
46,2024,Alces alces,2
46,2024,Capreolus capreolus,25
47,1999,Capreolus capreolus,1
47,2000,Alces alces,1
47,2001,Alces alces,4
47,2001,Capreolus capreolus,3
47,2002,Capreolus capreolus,2
47,2008,Capreolus capreolus,1
47,2014,Capreolus capreolus,1
47,2016,Alces alces,1
47,2016,Capreolus capreolus,1
47,2017,Capreolus capreolus,1
47,2018,Capreolus capreolus,1
47,2020,Capreolus capreolus,2
47,2022,Capreolus capreolus,5
47,2024,Capreolus capreolus,2
48,1999,Alces alces,31
48,1999,Capreolus capreolus,19
48,2000,Alces alces,3
48,2000,Capreolus capreolus,2
48,2001,Alces alces,9
48,2001,Capreolus capreolus,16
48,2002,Alces alces,4
48,2002,Capreolus capreolus,3
48,2003,Capreolus capreolus,4
48,2004,Alces alces,1
48,2004,Capreolus capreolus,3
48,2005,Capreolus capreolus,1
48,2006,Capreolus capreolus,1
48,2007,Capreolus capreolus,1
48,2008,Capreolus capreolus,4
48,2009,Alces alces,2
48,2009,Capreolus capreolus,16
48,2010,Capreolus capreolus,15
48,2011,Alces alces,2
48,2011,Capreolus capreolus,7
48,2012,Canis lupus,1
48,2012,Capreolus capreolus,12
48,2013,Capreolus capreolus,10
48,2014,Alces alces,1
48,2014,Capreolus capreolus,30
48,2015,Alces alces,4
48,2015,Capreolus capreolus,33
48,2016,Alces alces,5
48,2016,Capreolus capreolus,56
48,2017,Alces alces,5
48,2017,Canis lupus,1
48,2017,Capreolus capreolus,35
48,2018,Alces alces,10
48,2018,Capreolus capreolus,54
48,2019,Alces alces,24
48,2019,Capreolus capreolus,41
48,2020,Alces alces,10
48,2020,Canis lupus,1
48,2020,Capreolus capreolus,40
48,2021,Alces alces,10
48,2021,Canis lupus,1
48,2021,Capreolus capreolus,62
48,2022,Alces alces,5
48,2022,Capreolus capreolus,56
48,2023,Alces alces,6
48,2023,Canis lupus,1
48,2023,Capreolus capreolus,78
48,2024,Alces alces,9
48,2024,Capreolus capreolus,82
49,1999,Alces alces,12
49,1999,Capreolus capreolus,3
49,2000,Alces alces,1
49,2000,Capreolus capreolus,2
49,2001,Alces alces,2
49,2001,Capreolus capreolus,1
49,2002,Alces alces,23
49,2002,Capreolus capreolus,14
49,2003,Alces alces,1
49,2003,Canis lupus,5
49,2003,Capreolus capreolus,1
49,2004,Alces alces,1
49,2004,Capreolus capreolus,1
49,2005,Alces alces,2
49,2005,Capreolus capreolus,2
49,2006,Capreolus capreolus,3
49,2007,Alces alces,1
49,2007,Canis lupus,1
49,2008,Alces alces,2
49,2008,Capreolus capreolus,6
49,2009,Alces alces,3
49,2009,Capreolus capreolus,13
49,2010,Alces alces,3
49,2010,Capreolus capreolus,7
49,2011,Alces alces,2
49,2011,Capreolus capreolus,5
49,2012,Canis lupus,4
49,2012,Capreolus capreolus,13
49,2013,Alces alces,4
49,2013,Canis lupus,10
49,2013,Capreolus capreolus,22
49,2014,Alces alces,6
49,2014,Canis lupus,1
49,2014,Capreolus capreolus,24
49,2015,Alces alces,5
49,2015,Canis lupus,6
49,2015,Capreolus capreolus,19
49,2016,Alces alces,7
49,2016,Capreolus capreolus,50
49,2017,Alces alces,6
49,2017,Capreolus capreolus,45
49,2018,Alces alces,15
49,2018,Capreolus capreolus,49
49,2019,Alces alces,17
49,2019,Capreolus capreolus,40
49,2020,Alces alces,8
49,2020,Capreolus capreolus,34
49,2021,Alces alces,11
49,2021,Canis lupus,2
49,2021,Capreolus capreolus,87
49,2022,Alces alces,4
49,2022,Capreolus capreolus,52
49,2023,Alces alces,7
49,2023,Canis lupus,1
49,2023,Capreolus capreolus,89
49,2024,Alces alces,14
49,2024,Canis lupus,15
49,2024,Capreolus capreolus,63
50,1999,Alces alces,2
50,2001,Alces alces,7
50,2001,Capreolus capreolus,5
50,2002,Alces alces,5
50,2002,Capreolus capreolus,2
50,2004,Alces alces,2
50,2006,Alces alces,10
50,2006,Capreolus capreolus,1
50,2008,Alces alces,1
50,2008,Capreolus capreolus,3
50,2009,Alces alces,2
50,2009,Capreolus capreolus,2
50,2010,Alces alces,1
50,2010,Capreolus capreolus,3
50,2011,Alces alces,2
50,2011,Capreolus capreolus,1
50,2012,Alces alces,4
50,2012,Canis lupus,5
50,2012,Capreolus capreolus,5
50,2013,Alces alces,1
50,2013,Capreolus capreolus,4
50,2014,Alces alces,3
50,2014,Canis lupus,3
50,2014,Capreolus capreolus,10
50,2015,Alces alces,5
50,2015,Canis lupus,9
50,2015,Capreolus capreolus,13
50,2016,Alces alces,3
50,2016,Capreolus capreolus,12
50,2017,Alces alces,7
50,2017,Capreolus capreolus,28
50,2018,Alces alces,4
50,2018,Canis lupus,2
50,2018,Capreolus capreolus,31
50,2019,Alces alces,3
50,2019,Capreolus capreolus,16
50,2020,Alces alces,5
50,2020,Capreolus capreolus,15
50,2021,Alces alces,6
50,2021,Capreolus capreolus,29
50,2022,Alces alces,5
50,2022,Capreolus capreolus,37
50,2023,Alces alces,8
50,2023,Canis lupus,1
50,2023,Capreolus capreolus,60
50,2024,Alces alces,6
50,2024,Capreolus capreolus,31
51,1999,Alces alces,4
51,1999,Capreolus capreolus,2
51,2000,Alces alces,1
51,2000,Capreolus capreolus,4
51,2001,Alces alces,3
51,2002,Alces alces,1
51,2002,Capreolus capreolus,3
51,2004,Canis lupus,1
51,2005,Alces alces,11
51,2005,Capreolus capreolus,1
51,2006,Alces alces,5
51,2006,Capreolus capreolus,1
51,2009,Alces alces,1
51,2009,Capreolus capreolus,1
51,2010,Capreolus capreolus,1
51,2011,Alces alces,1
51,2013,Alces alces,1
51,2013,Canis lupus,1
51,2014,Alces alces,2
51,2014,Capreolus capreolus,1
51,2015,Alces alces,2
51,2015,Capreolus capreolus,3
51,2016,Alces alces,2
51,2016,Capreolus capreolus,2
51,2017,Alces alces,3
51,2017,Capreolus capreolus,2
51,2018,Alces alces,3
51,2018,Canis lupus,1
51,2018,Capreolus capreolus,9
51,2019,Alces alces,1
51,2019,Canis lupus,1
51,2019,Capreolus capreolus,4
51,2020,Alces alces,2
51,2020,Capreolus capreolus,8
51,2021,Capreolus capreolus,9
51,2022,Alces alces,2
51,2022,Canis lupus,2
51,2022,Capreolus capreolus,8
51,2023,Alces alces,4
51,2023,Canis lupus,4
51,2023,Capreolus capreolus,6
51,2024,Alces alces,7
51,2024,Canis lupus,7
51,2024,Capreolus capreolus,10
52,1999,Alces alces,12
52,2000,Capreolus capreolus,1
52,2001,Alces alces,1
52,2002,Alces alces,2
52,2003,Alces alces,6
52,2003,Capreolus capreolus,2
52,2004,Capreolus capreolus,1
52,2007,Alces alces,2
52,2007,Capreolus capreolus,1
52,2008,Alces alces,1
52,2009,Alces alces,1
52,2010,Capreolus capreolus,1
52,2011,Alces alces,4
52,2011,Capreolus capreolus,3
52,2012,Alces alces,1
52,2012,Canis lupus,1
52,2013,Alces alces,9
52,2013,Canis lupus,6
52,2013,Capreolus capreolus,4
52,2014,Alces alces,3
52,2014,Canis lupus,6
52,2015,Alces alces,3
52,2015,Canis lupus,1
52,2015,Capreolus capreolus,2
52,2016,Alces alces,3
52,2016,Capreolus capreolus,6
52,2017,Alces alces,10
52,2017,Capreolus capreolus,4
52,2018,Alces alces,16
52,2018,Canis lupus,15
52,2018,Capreolus capreolus,8
52,2019,Alces alces,7
52,2019,Capreolus capreolus,7
52,2020,Alces alces,6
52,2020,Capreolus capreolus,3
52,2021,Alces alces,3
52,2021,Canis lupus,17
52,2021,Capreolus capreolus,14
52,2022,Alces alces,8
52,2022,Capreolus capreolus,10
52,2023,Alces alces,7
52,2023,Capreolus capreolus,7
52,2024,Alces alces,12
52,2024,Canis lupus,6
52,2024,Capreolus capreolus,5
53,1999,Alces alces,69
53,1999,Capreolus capreolus,20
53,2000,Alces alces,81
53,2000,Capreolus capreolus,14
53,2001,Alces alces,22
53,2001,Capreolus capreolus,3
53,2002,Alces alces,11
53,2002,Capreolus capreolus,3
53,2003,Alces alces,7
53,2003,Capreolus capreolus,4
53,2005,Alces alces,2
53,2009,Alces alces,2
53,2010,Alces alces,2
53,2011,Alces alces,1
53,2012,Alces alces,1
53,2013,Alces alces,8
53,2013,Capreolus capreolus,9
53,2014,Alces alces,9
53,2014,Canis lupus,7
53,2014,Capreolus capreolus,7
53,2015,Alces alces,18
53,2015,Capreolus capreolus,14
53,2016,Alces alces,13
53,2016,Capreolus capreolus,17
53,2017,Alces alces,16
53,2017,Canis lupus,1
53,2017,Capreolus capreolus,8
53,2018,Alces alces,9
53,2018,Canis lupus,6
53,2018,Capreolus capreolus,10
53,2019,Alces alces,9
53,2019,Canis lupus,1
53,2019,Capreolus capreolus,8
53,2020,Alces alces,10
53,2020,Capreolus capreolus,5
53,2021,Alces alces,24
53,2021,Capreolus capreolus,12
53,2022,Alces alces,53
53,2022,Capreolus capreolus,11
53,2023,Alces alces,123
53,2023,Capreolus capreolus,13
53,2024,Alces alces,82
53,2024,Canis lupus,7
53,2024,Capreolus capreolus,27
54,1999,Alces alces,7
54,1999,Capreolus capreolus,1
54,2000,Alces alces,11
54,2000,Capreolus capreolus,1
54,2001,Alces alces,2
54,2001,Capreolus capreolus,2
54,2002,Alces alces,1
54,2002,Canis lupus,6
54,2004,Alces alces,12
54,2004,Canis lupus,1
54,2004,Capreolus capreolus,1
54,2007,Alces alces,1
54,2009,Canis lupus,2
54,2010,Alces alces,4
54,2010,Capreolus capreolus,4
54,2011,Capreolus capreolus,4
54,2012,Alces alces,2
54,2012,Canis lupus,1
54,2012,Capreolus capreolus,5
54,2013,Alces alces,1
54,2013,Canis lupus,91
54,2013,Capreolus capreolus,6
54,2014,Alces alces,2
54,2014,Canis lupus,29
54,2015,Alces alces,3
54,2015,Canis lupus,2
54,2016,Alces alces,6
54,2016,Canis lupus,1
54,2016,Capreolus capreolus,3
54,2017,Alces alces,1
54,2017,Canis lupus,1
54,2017,Capreolus capreolus,4
54,2018,Alces alces,6
54,2018,Capreolus capreolus,3
54,2019,Alces alces,5
54,2019,Capreolus capreolus,2
54,2020,Alces alces,7
54,2020,Capreolus capreolus,10
54,2021,Alces alces,6
54,2021,Capreolus capreolus,13
54,2022,Alces alces,4
54,2022,Capreolus capreolus,14
54,2023,Alces alces,3
54,2023,Canis lupus,1
54,2023,Capreolus capreolus,8
54,2024,Alces alces,1
54,2024,Canis lupus,31
54,2024,Capreolus capreolus,10
55,1999,Alces alces,6
55,1999,Capreolus capreolus,5
55,2001,Alces alces,3
55,2002,Canis lupus,14
55,2003,Alces alces,1
55,2003,Capreolus capreolus,1
55,2005,Alces alces,1
55,2006,Canis lupus,29
55,2007,Alces alces,2
55,2008,Alces alces,2
55,2008,Canis lupus,1
55,2009,Alces alces,3
55,2009,Canis lupus,5
55,2010,Alces alces,4
55,2010,Capreolus capreolus,6
55,2011,Alces alces,10
55,2011,Capreolus capreolus,1
55,2012,Alces alces,4
55,2012,Canis lupus,2
55,2013,Alces alces,4
55,2013,Canis lupus,10
55,2013,Capreolus capreolus,1
55,2014,Alces alces,3
55,2014,Capreolus capreolus,3
55,2015,Alces alces,13
55,2015,Canis lupus,16
55,2015,Capreolus capreolus,4
55,2016,Alces alces,12
55,2016,Canis lupus,3
55,2016,Capreolus capreolus,7
55,2017,Alces alces,26
55,2017,Capreolus capreolus,11
55,2018,Alces alces,14
55,2018,Capreolus capreolus,16
55,2019,Alces alces,29
55,2019,Capreolus capreolus,16
55,2020,Alces alces,17
55,2020,Capreolus capreolus,23
55,2021,Alces alces,19
55,2021,Capreolus capreolus,34
55,2022,Alces alces,29
55,2022,Capreolus capreolus,47
55,2023,Alces alces,61
55,2023,Canis lupus,11
55,2023,Capreolus capreolus,21
55,2024,Alces alces,50
55,2024,Canis lupus,1
55,2024,Capreolus capreolus,41
56,1999,Alces alces,4
56,1999,Capreolus capreolus,2
56,2000,Alces alces,2
56,2000,Capreolus capreolus,1
56,2001,Alces alces,2
56,2001,Capreolus capreolus,5
56,2002,Alces alces,2
56,2002,Capreolus capreolus,11
56,2003,Alces alces,1
56,2004,Capreolus capreolus,1
56,2006,Alces alces,3
56,2007,Alces alces,1
56,2007,Canis lupus,6
56,2008,Alces alces,2
56,2009,Alces alces,1
56,2010,Alces alces,5
56,2010,Capreolus capreolus,5
56,2011,Alces alces,10
56,2011,Capreolus capreolus,6
56,2012,Alces alces,4
56,2012,Canis lupus,1
56,2012,Capreolus capreolus,7
56,2013,Alces alces,7
56,2013,Canis lupus,10
56,2013,Capreolus capreolus,9
56,2014,Alces alces,8
56,2014,Capreolus capreolus,3
56,2015,Alces alces,4
56,2015,Canis lupus,3
56,2015,Capreolus capreolus,7
56,2016,Alces alces,6
56,2016,Capreolus capreolus,9
56,2017,Alces alces,6
56,2017,Capreolus capreolus,6
56,2018,Alces alces,13
56,2019,Alces alces,21
56,2019,Capreolus capreolus,4
56,2020,Alces alces,9
56,2020,Capreolus capreolus,1
56,2021,Alces alces,3
56,2021,Capreolus capreolus,6
56,2022,Alces alces,18
56,2022,Capreolus capreolus,10
56,2023,Alces alces,26
56,2023,Canis lupus,2
56,2023,Capreolus capreolus,3
56,2024,Alces alces,21
56,2024,Canis lupus,1
56,2024,Capreolus capreolus,4
57,2000,Alces alces,2
57,2000,Capreolus capreolus,1
57,2001,Alces alces,5
57,2001,Capreolus capreolus,10
57,2002,Alces alces,3
57,2002,Capreolus capreolus,8
57,2003,Alces alces,2
57,2003,Capreolus capreolus,1
57,2004,Capreolus capreolus,2
57,2005,Capreolus capreolus,2
57,2007,Capreolus capreolus,1
57,2008,Alces alces,5
57,2008,Capreolus capreolus,3
57,2009,Alces alces,5
57,2009,Canis lupus,1
57,2009,Capreolus capreolus,6
57,2010,Alces alces,7
57,2010,Capreolus capreolus,10
57,2011,Alces alces,11
57,2011,Capreolus capreolus,7
57,2012,Alces alces,3
57,2012,Canis lupus,1
57,2012,Capreolus capreolus,5
57,2013,Alces alces,3
57,2013,Canis lupus,9
57,2013,Capreolus capreolus,7
57,2014,Alces alces,25
57,2014,Capreolus capreolus,8
57,2015,Alces alces,6
57,2015,Capreolus capreolus,4
57,2016,Alces alces,7
57,2016,Canis lupus,6
57,2016,Capreolus capreolus,6
57,2017,Alces alces,18
57,2017,Capreolus capreolus,24
57,2018,Alces alces,6
57,2018,Capreolus capreolus,10
57,2019,Alces alces,12
57,2019,Capreolus capreolus,18
57,2020,Alces alces,3
57,2020,Capreolus capreolus,14
57,2021,Alces alces,10
57,2021,Capreolus capreolus,13
57,2022,Alces alces,2
57,2022,Capreolus capreolus,10
57,2023,Alces alces,4
57,2023,Capreolus capreolus,13
57,2024,Alces alces,5
57,2024,Capreolus capreolus,17
58,1999,Alces alces,3
58,2000,Alces alces,1
58,2000,Capreolus capreolus,1
58,2001,Alces alces,21
58,2001,Capreolus capreolus,15
58,2002,Alces alces,20
58,2002,Capreolus capreolus,19
58,2003,Alces alces,5
58,2004,Alces alces,1
58,2005,Alces alces,1
58,2008,Alces alces,12
58,2008,Capreolus capreolus,7
58,2009,Alces alces,8
58,2009,Capreolus capreolus,12
58,2010,Alces alces,9
58,2010,Capreolus capreolus,8
58,2011,Alces alces,5
58,2011,Capreolus capreolus,3
58,2012,Alces alces,6
58,2012,Canis lupus,5
58,2012,Capreolus capreolus,2
58,2013,Alces alces,11
58,2013,Canis lupus,1
58,2013,Capreolus capreolus,1
58,2014,Alces alces,1
58,2014,Capreolus capreolus,4
58,2015,Alces alces,28
58,2015,Capreolus capreolus,37
58,2016,Alces alces,10
58,2016,Capreolus capreolus,14
58,2017,Alces alces,23
58,2017,Capreolus capreolus,40
58,2018,Alces alces,23
58,2018,Capreolus capreolus,40
58,2019,Alces alces,34
58,2019,Capreolus capreolus,48
58,2020,Alces alces,22
58,2020,Capreolus capreolus,30
58,2021,Alces alces,9
58,2021,Capreolus capreolus,33
58,2022,Alces alces,10
58,2022,Capreolus capreolus,23
58,2023,Alces alces,9
58,2023,Canis lupus,91
58,2023,Capreolus capreolus,28
58,2024,Alces alces,13
58,2024,Capreolus capreolus,26
59,1999,Alces alces,1
59,1999,Capreolus capreolus,1
59,2000,Alces alces,1
59,2000,Capreolus capreolus,7
59,2001,Alces alces,7
59,2001,Capreolus capreolus,8
59,2002,Alces alces,1
59,2002,Capreolus capreolus,7
59,2003,Capreolus capreolus,8
59,2008,Alces alces,2
59,2008,Capreolus capreolus,8
59,2009,Capreolus capreolus,5
59,2010,Capreolus capreolus,6
59,2011,Alces alces,1
59,2011,Capreolus capreolus,6
59,2012,Capreolus capreolus,1
59,2013,Capreolus capreolus,2
59,2014,Alces alces,1
59,2014,Capreolus capreolus,10
59,2015,Alces alces,1
59,2015,Capreolus capreolus,8
59,2016,Alces alces,2
59,2016,Capreolus capreolus,41
59,2017,Alces alces,2
59,2017,Capreolus capreolus,28
59,2018,Capreolus capreolus,31
59,2019,Alces alces,1
59,2019,Canis lupus,1
59,2019,Capreolus capreolus,46
59,2020,Alces alces,2
59,2020,Capreolus capreolus,85
59,2021,Alces alces,2
59,2021,Capreolus capreolus,288
59,2022,Alces alces,1
59,2022,Capreolus capreolus,351
59,2023,Capreolus capreolus,246
59,2024,Alces alces,4
59,2024,Canis lupus,1
59,2024,Capreolus capreolus,235
61,1999,Alces alces,9
61,1999,Capreolus capreolus,9
61,2000,Alces alces,2
61,2000,Capreolus capreolus,3
61,2001,Alces alces,3
61,2001,Capreolus capreolus,5
61,2002,Alces alces,5
61,2002,Capreolus capreolus,9
61,2003,Alces alces,2
61,2003,Capreolus capreolus,1
61,2004,Alces alces,1
61,2004,Capreolus capreolus,4
61,2005,Alces alces,7
61,2005,Capreolus capreolus,2
61,2006,Capreolus capreolus,1
61,2007,Alces alces,1
61,2007,Capreolus capreolus,2
61,2008,Capreolus capreolus,18
61,2009,Alces alces,7
61,2009,Capreolus capreolus,13
61,2010,Alces alces,7
61,2010,Capreolus capreolus,31
61,2011,Alces alces,3
61,2011,Capreolus capreolus,63
61,2012,Alces alces,6
61,2012,Capreolus capreolus,66
61,2013,Alces alces,4
61,2013,Capreolus capreolus,46
61,2014,Alces alces,4
61,2014,Canis lupus,1
61,2014,Capreolus capreolus,90
61,2015,Alces alces,12
61,2015,Capreolus capreolus,83
61,2016,Alces alces,18
61,2016,Capreolus capreolus,129
61,2017,Alces alces,26
61,2017,Capreolus capreolus,153
61,2018,Alces alces,23
61,2018,Capreolus capreolus,152
61,2019,Alces alces,28
61,2019,Canis lupus,1
61,2019,Capreolus capreolus,157
61,2020,Alces alces,13
61,2020,Canis lupus,1
61,2020,Capreolus capreolus,117
61,2021,Alces alces,15
61,2021,Canis lupus,1
61,2021,Capreolus capreolus,215
61,2022,Alces alces,15
61,2022,Capreolus capreolus,191
61,2023,Alces alces,20
61,2023,Canis lupus,2
61,2023,Capreolus capreolus,320
61,2024,Alces alces,24
61,2024,Capreolus capreolus,270
62,1999,Alces alces,8
62,1999,Capreolus capreolus,8
62,2000,Alces alces,13
62,2000,Capreolus capreolus,19
62,2001,Alces alces,8
62,2001,Capreolus capreolus,11
62,2002,Alces alces,2
62,2002,Capreolus capreolus,4
62,2003,Alces alces,1
62,2003,Capreolus capreolus,2
62,2004,Alces alces,39
62,2004,Capreolus capreolus,29
62,2005,Alces alces,4
62,2005,Capreolus capreolus,1
62,2006,Alces alces,9
62,2006,Capreolus capreolus,6
62,2007,Capreolus capreolus,2
62,2008,Alces alces,8
62,2008,Capreolus capreolus,14
62,2009,Alces alces,7
62,2009,Capreolus capreolus,21
62,2010,Alces alces,4
62,2010,Capreolus capreolus,32
62,2011,Alces alces,5
62,2011,Capreolus capreolus,41
62,2012,Alces alces,5
62,2012,Capreolus capreolus,30
62,2013,Alces alces,6
62,2013,Capreolus capreolus,47
62,2014,Alces alces,7
62,2014,Canis lupus,33
62,2014,Capreolus capreolus,67
62,2015,Alces alces,9
62,2015,Capreolus capreolus,111
62,2016,Alces alces,9
62,2016,Capreolus capreolus,143
62,2017,Alces alces,9
62,2017,Canis lupus,1
62,2017,Capreolus capreolus,116
62,2018,Alces alces,16
62,2018,Canis lupus,2
62,2018,Capreolus capreolus,138
62,2019,Alces alces,10
62,2019,Canis lupus,2
62,2019,Capreolus capreolus,155
62,2020,Alces alces,15
62,2020,Canis lupus,6
62,2020,Capreolus capreolus,175
62,2021,Alces alces,18
62,2021,Canis lupus,4
62,2021,Capreolus capreolus,325
62,2022,Alces alces,19
62,2022,Canis lupus,2
62,2022,Capreolus capreolus,247
62,2023,Alces alces,40
62,2023,Canis lupus,3
62,2023,Capreolus capreolus,250
62,2024,Alces alces,33
62,2024,Canis lupus,8
62,2024,Capreolus capreolus,224
63,1999,Alces alces,5
63,1999,Capreolus capreolus,7
63,2000,Alces alces,25
63,2000,Capreolus capreolus,20
63,2001,Alces alces,66
63,2001,Capreolus capreolus,14
63,2002,Alces alces,8
63,2002,Capreolus capreolus,7
63,2003,Alces alces,18
63,2003,Capreolus capreolus,19
63,2004,Capreolus capreolus,1
63,2005,Alces alces,11
63,2005,Capreolus capreolus,2
63,2006,Alces alces,12
63,2006,Capreolus capreolus,6
63,2007,Alces alces,5
63,2007,Capreolus capreolus,9
63,2008,Alces alces,12
63,2008,Capreolus capreolus,29
63,2009,Alces alces,25
63,2009,Capreolus capreolus,24
63,2010,Alces alces,52
63,2010,Canis lupus,1
63,2010,Capreolus capreolus,57
63,2011,Alces alces,52
63,2011,Canis lupus,1
63,2011,Capreolus capreolus,13
63,2012,Alces alces,17
63,2012,Canis lupus,3
63,2012,Capreolus capreolus,27
63,2013,Alces alces,16
63,2013,Canis lupus,1
63,2013,Capreolus capreolus,36
63,2014,Alces alces,18
63,2014,Canis lupus,6
63,2014,Capreolus capreolus,59
63,2015,Alces alces,16
63,2015,Canis lupus,20
63,2015,Capreolus capreolus,62
63,2016,Alces alces,38
63,2016,Canis lupus,6
63,2016,Capreolus capreolus,79
63,2017,Alces alces,28
63,2017,Canis lupus,9
63,2017,Capreolus capreolus,98
63,2018,Alces alces,36
63,2018,Canis lupus,31
63,2018,Capreolus capreolus,112
63,2019,Alces alces,28
63,2019,Capreolus capreolus,106
63,2020,Alces alces,25
63,2020,Capreolus capreolus,70
63,2021,Alces alces,22
63,2021,Canis lupus,1
63,2021,Capreolus capreolus,136
63,2022,Alces alces,35
63,2022,Canis lupus,4
63,2022,Capreolus capreolus,118
63,2023,Alces alces,113
63,2023,Canis lupus,4
63,2023,Capreolus capreolus,290
63,2024,Alces alces,72
63,2024,Canis lupus,20
63,2024,Capreolus capreolus,174
64,1999,Alces alces,4
64,1999,Capreolus capreolus,3
64,2000,Alces alces,37
64,2000,Capreolus capreolus,10
64,2001,Alces alces,6
64,2001,Capreolus capreolus,1
64,2002,Alces alces,5
64,2002,Capreolus capreolus,5
64,2003,Alces alces,4
64,2003,Capreolus capreolus,2
64,2008,Alces alces,2
64,2009,Alces alces,2
64,2009,Capreolus capreolus,3
64,2010,Alces alces,1
64,2010,Canis lupus,1
64,2010,Capreolus capreolus,1
64,2012,Alces alces,2
64,2013,Canis lupus,1
64,2013,Capreolus capreolus,5
64,2014,Alces alces,2
64,2014,Canis lupus,9
64,2014,Capreolus capreolus,5
64,2015,Alces alces,4
64,2015,Canis lupus,7
64,2015,Capreolus capreolus,4
64,2016,Alces alces,3
64,2016,Canis lupus,1
64,2016,Capreolus capreolus,11
64,2017,Canis lupus,6
64,2017,Capreolus capreolus,13
64,2018,Alces alces,2
64,2018,Canis lupus,1
64,2018,Capreolus capreolus,14
64,2019,Alces alces,4
64,2019,Canis lupus,7
64,2019,Capreolus capreolus,15
64,2020,Alces alces,4
64,2020,Canis lupus,1
64,2020,Capreolus capreolus,18
64,2021,Alces alces,9
64,2021,Capreolus capreolus,28
64,2022,Alces alces,5
64,2022,Capreolus capreolus,22
64,2023,Alces alces,11
64,2023,Capreolus capreolus,31
64,2024,Alces alces,11
64,2024,Canis lupus,2
64,2024,Capreolus capreolus,28
65,1999,Alces alces,43
65,1999,Capreolus capreolus,16
65,2000,Alces alces,12
65,2000,Capreolus capreolus,8
65,2001,Alces alces,27
65,2002,Alces alces,3
65,2002,Canis lupus,17
65,2004,Canis lupus,2
65,2008,Alces alces,3
65,2008,Capreolus capreolus,1
65,2009,Alces alces,2
65,2009,Canis lupus,5
65,2009,Capreolus capreolus,2
65,2010,Alces alces,5
65,2010,Canis lupus,5
65,2010,Capreolus capreolus,9
65,2011,Alces alces,10
65,2011,Canis lupus,1
65,2011,Capreolus capreolus,12
65,2012,Alces alces,8
65,2012,Capreolus capreolus,7
65,2013,Alces alces,14
65,2013,Canis lupus,1
65,2013,Capreolus capreolus,9
65,2014,Alces alces,5
65,2014,Canis lupus,1
65,2014,Capreolus capreolus,5
65,2015,Alces alces,9
65,2015,Canis lupus,20
65,2015,Capreolus capreolus,13
65,2016,Alces alces,10
65,2016,Canis lupus,1
65,2016,Capreolus capreolus,19
65,2017,Alces alces,24
65,2017,Canis lupus,2
65,2017,Capreolus capreolus,35
65,2018,Alces alces,22
65,2018,Canis lupus,3
65,2018,Capreolus capreolus,30
65,2019,Alces alces,7
65,2019,Canis lupus,4
65,2019,Capreolus capreolus,36
65,2020,Alces alces,12
65,2020,Capreolus capreolus,23
65,2021,Alces alces,22
65,2021,Capreolus capreolus,37
65,2022,Alces alces,24
65,2022,Capreolus capreolus,34
65,2023,Alces alces,39
65,2023,Canis lupus,1
65,2023,Capreolus capreolus,57
65,2024,Alces alces,32
65,2024,Canis lupus,4
65,2024,Capreolus capreolus,61
66,1999,Alces alces,69
66,1999,Capreolus capreolus,10
66,2000,Alces alces,115
66,2000,Capreolus capreolus,1
66,2001,Alces alces,4
66,2002,Alces alces,1
66,2002,Canis lupus,19
66,2004,Alces alces,9
66,2004,Canis lupus,12
66,2004,Capreolus capreolus,1
66,2007,Canis lupus,26
66,2009,Alces alces,4
66,2009,Canis lupus,45
66,2009,Capreolus capreolus,6
66,2010,Alces alces,1
66,2010,Canis lupus,19
66,2011,Alces alces,1
66,2012,Alces alces,3
66,2013,Alces alces,4
66,2013,Canis lupus,34
66,2013,Capreolus capreolus,3
66,2014,Alces alces,3
66,2014,Capreolus capreolus,2
66,2015,Alces alces,2
66,2015,Canis lupus,7
66,2015,Capreolus capreolus,3
66,2016,Alces alces,8
66,2016,Canis lupus,13
66,2016,Capreolus capreolus,5
66,2017,Alces alces,15
66,2017,Canis lupus,61
66,2017,Capreolus capreolus,19
66,2018,Alces alces,9
66,2018,Canis lupus,6
66,2018,Capreolus capreolus,10
66,2019,Alces alces,22
66,2019,Capreolus capreolus,21
66,2020,Alces alces,12
66,2020,Canis lupus,2
66,2020,Capreolus capreolus,23
66,2021,Alces alces,17
66,2021,Canis lupus,3
66,2021,Capreolus capreolus,29
66,2022,Alces alces,4
66,2022,Canis lupus,2
66,2022,Capreolus capreolus,26
66,2023,Alces alces,11
66,2023,Canis lupus,15
66,2023,Capreolus capreolus,29
66,2024,Alces alces,8
66,2024,Canis lupus,56
66,2024,Capreolus capreolus,16
67,1999,Alces alces,5
67,2000,Alces alces,14
67,2000,Capreolus capreolus,2
67,2002,Canis lupus,9
67,2004,Alces alces,7
67,2004,Canis lupus,2
67,2006,Alces alces,1
67,2006,Canis lupus,2
67,2007,Alces alces,2
67,2007,Canis lupus,2
67,2008,Canis lupus,5
67,2009,Alces alces,2
67,2009,Canis lupus,63
67,2010,Alces alces,2
67,2010,Canis lupus,2
67,2010,Capreolus capreolus,1
67,2011,Alces alces,4
67,2011,Canis lupus,18
67,2011,Capreolus capreolus,2
67,2012,Alces alces,5
67,2012,Canis lupus,4
67,2012,Capreolus capreolus,1
67,2013,Alces alces,1
67,2013,Canis lupus,16
67,2014,Alces alces,5
67,2014,Canis lupus,2
67,2015,Alces alces,3
67,2015,Canis lupus,9
67,2015,Capreolus capreolus,2
67,2016,Alces alces,3
67,2016,Canis lupus,26
67,2016,Capreolus capreolus,1
67,2017,Alces alces,3
67,2017,Canis lupus,1
67,2017,Capreolus capreolus,3
67,2018,Alces alces,5
67,2019,Alces alces,5
67,2019,Canis lupus,1
67,2019,Capreolus capreolus,2
67,2020,Alces alces,2
67,2020,Canis lupus,31
67,2020,Capreolus capreolus,1
67,2021,Capreolus capreolus,1
67,2022,Alces alces,13
67,2022,Canis lupus,1
67,2022,Capreolus capreolus,2
67,2023,Alces alces,3
67,2023,Canis lupus,9
67,2023,Capreolus capreolus,1
67,2024,Alces alces,4
67,2024,Capreolus capreolus,1
68,1999,Alces alces,6
68,1999,Capreolus capreolus,1
68,2000,Alces alces,6
68,2000,Capreolus capreolus,2
68,2002,Alces alces,1
68,2002,Capreolus capreolus,2
68,2007,Canis lupus,19
68,2009,Canis lupus,18
68,2009,Capreolus capreolus,1
68,2010,Alces alces,2
68,2010,Capreolus capreolus,2
68,2011,Capreolus capreolus,1
68,2012,Alces alces,2
68,2012,Canis lupus,1
68,2012,Capreolus capreolus,1
68,2013,Alces alces,1
68,2013,Canis lupus,17
68,2013,Capreolus capreolus,1
68,2014,Alces alces,4
68,2014,Canis lupus,22
68,2015,Alces alces,5
68,2015,Canis lupus,6
68,2015,Capreolus capreolus,1
68,2016,Alces alces,2
68,2016,Capreolus capreolus,4
68,2017,Alces alces,4
68,2017,Canis lupus,1
68,2018,Alces alces,6
68,2018,Capreolus capreolus,2
68,2019,Alces alces,6
68,2019,Capreolus capreolus,2
68,2020,Alces alces,13
68,2020,Capreolus capreolus,5
68,2021,Alces alces,7
68,2021,Canis lupus,14
68,2021,Capreolus capreolus,3
68,2022,Alces alces,4
68,2022,Canis lupus,1
68,2022,Capreolus capreolus,3
68,2023,Alces alces,4
68,2023,Canis lupus,1
68,2023,Capreolus capreolus,2
68,2024,Alces alces,4
68,2024,Capreolus capreolus,4
69,1999,Alces alces,3
69,1999,Capreolus capreolus,1
69,2000,Alces alces,3
69,2000,Capreolus capreolus,2
69,2001,Alces alces,15
69,2001,Capreolus capreolus,15
69,2002,Alces alces,32
69,2002,Capreolus capreolus,25
69,2006,Alces alces,1
69,2006,Capreolus capreolus,1
69,2007,Canis lupus,6
69,2008,Alces alces,6
69,2008,Capreolus capreolus,2
69,2009,Alces alces,1
69,2009,Canis lupus,13
69,2009,Capreolus capreolus,1
69,2010,Alces alces,17
69,2010,Capreolus capreolus,13
69,2011,Alces alces,19
69,2011,Capreolus capreolus,8
69,2012,Alces alces,13
69,2012,Capreolus capreolus,10
69,2013,Alces alces,17
69,2013,Canis lupus,6
69,2013,Capreolus capreolus,7
69,2014,Alces alces,23
69,2014,Canis lupus,1
69,2014,Capreolus capreolus,5
69,2015,Alces alces,23
69,2015,Canis lupus,10
69,2015,Capreolus capreolus,20
69,2016,Alces alces,20
69,2016,Canis lupus,3
69,2016,Capreolus capreolus,20
69,2017,Alces alces,19
69,2017,Capreolus capreolus,15
69,2018,Alces alces,369
69,2018,Canis lupus,3
69,2018,Capreolus capreolus,20
69,2019,Alces alces,8
69,2019,Canis lupus,1
69,2019,Capreolus capreolus,14
69,2020,Alces alces,4
69,2020,Capreolus capreolus,21
69,2021,Alces alces,1
69,2021,Capreolus capreolus,14
69,2022,Alces alces,6
69,2022,Capreolus capreolus,11
69,2023,Alces alces,6
69,2023,Canis lupus,14
69,2023,Capreolus capreolus,10
69,2024,Alces alces,3
69,2024,Capreolus capreolus,13
70,1999,Alces alces,3
70,1999,Capreolus capreolus,2
70,2000,Alces alces,8
70,2000,Capreolus capreolus,18
70,2001,Alces alces,125
70,2001,Capreolus capreolus,105
70,2002,Alces alces,10
70,2002,Capreolus capreolus,6
70,2003,Alces alces,3
70,2003,Capreolus capreolus,2
70,2004,Alces alces,1
70,2005,Alces alces,1
70,2005,Capreolus capreolus,2
70,2006,Alces alces,51
70,2008,Alces alces,19
70,2008,Capreolus capreolus,20
70,2009,Alces alces,32
70,2009,Capreolus capreolus,61
70,2010,Alces alces,22
70,2010,Capreolus capreolus,38
70,2011,Alces alces,17
70,2011,Capreolus capreolus,17
70,2012,Alces alces,23
70,2012,Canis lupus,29
70,2012,Capreolus capreolus,18
70,2013,Alces alces,38
70,2013,Canis lupus,21
70,2013,Capreolus capreolus,34
70,2014,Alces alces,14
70,2014,Capreolus capreolus,59
70,2015,Alces alces,33
70,2015,Canis lupus,9
70,2015,Capreolus capreolus,71
70,2016,Alces alces,32
70,2016,Capreolus capreolus,120
70,2017,Alces alces,35
70,2017,Capreolus capreolus,105
70,2018,Alces alces,41
70,2018,Capreolus capreolus,154
70,2019,Alces alces,63
70,2019,Canis lupus,1
70,2019,Capreolus capreolus,174
70,2020,Alces alces,27
70,2020,Capreolus capreolus,146
70,2021,Alces alces,47
70,2021,Capreolus capreolus,190
70,2022,Alces alces,57
70,2022,Canis lupus,1
70,2022,Capreolus capreolus,204
70,2023,Alces alces,55
70,2023,Canis lupus,57
70,2023,Capreolus capreolus,227
70,2024,Alces alces,57
70,2024,Canis lupus,2
70,2024,Capreolus capreolus,226
71,1999,Alces alces,1
71,2000,Alces alces,63
71,2000,Capreolus capreolus,20
71,2001,Alces alces,18
71,2001,Capreolus capreolus,17
71,2002,Alces alces,9
71,2002,Capreolus capreolus,7
71,2003,Alces alces,3
71,2003,Capreolus capreolus,1
71,2004,Alces alces,1
71,2005,Alces alces,2
71,2005,Capreolus capreolus,1
71,2006,Capreolus capreolus,1
71,2008,Alces alces,3
71,2008,Capreolus capreolus,1
71,2009,Alces alces,5
71,2009,Capreolus capreolus,5
71,2010,Alces alces,8
71,2010,Capreolus capreolus,15
71,2011,Alces alces,10
71,2011,Capreolus capreolus,14
71,2012,Canis lupus,1
71,2012,Capreolus capreolus,17
71,2013,Alces alces,3
71,2013,Canis lupus,1
71,2013,Capreolus capreolus,12
71,2014,Alces alces,12
71,2014,Capreolus capreolus,12
71,2015,Alces alces,41
71,2015,Capreolus capreolus,39
71,2016,Alces alces,58
71,2016,Capreolus capreolus,76
71,2017,Alces alces,53
71,2017,Capreolus capreolus,64
71,2018,Alces alces,30
71,2018,Capreolus capreolus,44
71,2019,Alces alces,23
71,2019,Capreolus capreolus,46
71,2020,Alces alces,37
71,2020,Canis lupus,1
71,2020,Capreolus capreolus,53
71,2021,Alces alces,50
71,2021,Capreolus capreolus,111
71,2022,Alces alces,48
71,2022,Capreolus capreolus,187
71,2023,Alces alces,50
71,2023,Capreolus capreolus,185
71,2024,Alces alces,26
71,2024,Capreolus capreolus,154
72,1999,Alces alces,2
72,1999,Capreolus capreolus,1
72,2000,Capreolus capreolus,6
72,2001,Alces alces,6
72,2001,Capreolus capreolus,9
72,2002,Alces alces,3
72,2002,Capreolus capreolus,3
72,2005,Alces alces,1
72,2005,Capreolus capreolus,1
72,2006,Alces alces,1
72,2009,Capreolus capreolus,1
72,2010,Alces alces,3
72,2010,Capreolus capreolus,4
72,2012,Capreolus capreolus,9
72,2013,Alces alces,2
72,2013,Capreolus capreolus,9
72,2014,Alces alces,4
72,2014,Capreolus capreolus,6
72,2015,Alces alces,7
72,2015,Capreolus capreolus,4
72,2016,Capreolus capreolus,7
72,2017,Alces alces,1
72,2017,Capreolus capreolus,3
72,2018,Alces alces,2
72,2018,Capreolus capreolus,5
72,2019,Alces alces,1
72,2019,Capreolus capreolus,7
72,2020,Alces alces,3
72,2020,Capreolus capreolus,4
72,2021,Alces alces,1
72,2021,Capreolus capreolus,3
72,2022,Alces alces,3
72,2022,Capreolus capreolus,6
72,2023,Alces alces,3
72,2023,Capreolus capreolus,6
72,2024,Alces alces,6
72,2024,Capreolus capreolus,4
73,2000,Capreolus capreolus,1
73,2006,Capreolus capreolus,1
73,2010,Capreolus capreolus,1
73,2020,Capreolus capreolus,6
73,2021,Capreolus capreolus,1
73,2022,Capreolus capreolus,1
77,2009,Alces alces,1
77,2009,Capreolus capreolus,2
77,2010,Alces alces,1
77,2010,Capreolus capreolus,2
77,2011,Capreolus capreolus,1
77,2012,Alces alces,1
77,2012,Capreolus capreolus,3
77,2013,Capreolus capreolus,1
77,2014,Capreolus capreolus,1
77,2015,Capreolus capreolus,1
77,2016,Alces alces,1
77,2016,Capreolus capreolus,3
77,2017,Alces alces,2
77,2017,Capreolus capreolus,8
77,2018,Alces alces,1
77,2018,Capreolus capreolus,8
77,2019,Alces alces,3
77,2019,Capreolus capreolus,7
77,2020,Capreolus capreolus,12
77,2021,Capreolus capreolus,13
77,2022,Alces alces,2
77,2022,Capreolus capreolus,8
77,2023,Alces alces,2
77,2023,Capreolus capreolus,7
77,2024,Alces alces,2
77,2024,Capreolus capreolus,14
78,1999,Alces alces,1
78,2004,Alces alces,2
78,2004,Capreolus capreolus,9
78,2005,Alces alces,1
78,2005,Capreolus capreolus,1
78,2006,Alces alces,1
78,2006,Capreolus capreolus,6
78,2007,Capreolus capreolus,1
78,2011,Alces alces,1
78,2011,Capreolus capreolus,2
78,2012,Alces alces,2
78,2012,Capreolus capreolus,3
78,2013,Capreolus capreolus,2
78,2014,Alces alces,2
78,2014,Capreolus capreolus,1
78,2015,Alces alces,3
78,2015,Capreolus capreolus,1
78,2016,Alces alces,3
78,2016,Capreolus capreolus,12
78,2017,Alces alces,5
78,2017,Capreolus capreolus,13
78,2018,Alces alces,3
78,2018,Capreolus capreolus,17
78,2019,Alces alces,5
78,2019,Capreolus capreolus,56
78,2020,Alces alces,7
78,2020,Capreolus capreolus,70
78,2021,Alces alces,5
78,2021,Capreolus capreolus,25
78,2022,Alces alces,3
78,2022,Capreolus capreolus,18
78,2023,Alces alces,3
78,2023,Capreolus capreolus,19
78,2024,Alces alces,9
78,2024,Capreolus capreolus,50
79,1999,Alces alces,1
79,1999,Capreolus capreolus,5
79,2000,Alces alces,8
79,2000,Capreolus capreolus,17
79,2001,Alces alces,3
79,2001,Capreolus capreolus,5
79,2002,Canis lupus,36
79,2002,Capreolus capreolus,16
79,2003,Alces alces,3
79,2003,Canis lupus,14
79,2003,Capreolus capreolus,20
79,2004,Alces alces,3
79,2004,Canis lupus,31
79,2004,Capreolus capreolus,9
79,2005,Alces alces,2
79,2005,Capreolus capreolus,8
79,2006,Canis lupus,1
79,2006,Capreolus capreolus,4
79,2007,Capreolus capreolus,1
79,2008,Alces alces,3
79,2008,Capreolus capreolus,66
79,2009,Alces alces,4
79,2009,Capreolus capreolus,52
79,2010,Alces alces,6
79,2010,Canis lupus,21
79,2010,Capreolus capreolus,70
79,2011,Alces alces,11
79,2011,Canis lupus,1
79,2011,Capreolus capreolus,71
79,2012,Alces alces,10
79,2012,Canis lupus,1
79,2012,Capreolus capreolus,66
79,2013,Alces alces,3
79,2013,Canis lupus,2
79,2013,Capreolus capreolus,66
79,2014,Alces alces,24
79,2014,Canis lupus,2
79,2014,Capreolus capreolus,92
79,2015,Alces alces,23
79,2015,Canis lupus,1
79,2015,Capreolus capreolus,167
79,2016,Alces alces,31
79,2016,Canis lupus,2
79,2016,Capreolus capreolus,245
79,2017,Alces alces,35
79,2017,Canis lupus,17
79,2017,Capreolus capreolus,243
79,2018,Alces alces,30
79,2018,Canis lupus,4
79,2018,Capreolus capreolus,225
79,2019,Alces alces,39
79,2019,Canis lupus,3
79,2019,Capreolus capreolus,247
79,2020,Alces alces,40
79,2020,Canis lupus,6
79,2020,Capreolus capreolus,167
79,2021,Alces alces,48
79,2021,Canis lupus,12
79,2021,Capreolus capreolus,236
79,2022,Alces alces,55
79,2022,Canis lupus,1
79,2022,Capreolus capreolus,247
79,2023,Alces alces,59
79,2023,Canis lupus,25
79,2023,Capreolus capreolus,257
79,2024,Alces alces,51
79,2024,Capreolus capreolus,250
80,1999,Alces alces,6
80,1999,Capreolus capreolus,10
80,2000,Alces alces,5
80,2000,Capreolus capreolus,6
80,2001,Alces alces,14
80,2001,Capreolus capreolus,19
80,2002,Alces alces,10
80,2002,Canis lupus,91
80,2002,Capreolus capreolus,20
80,2003,Alces alces,28
80,2003,Canis lupus,18
80,2003,Capreolus capreolus,47
80,2004,Alces alces,7
80,2004,Canis lupus,14
80,2004,Capreolus capreolus,16
80,2005,Alces alces,1
80,2005,Canis lupus,1
80,2005,Capreolus capreolus,17
80,2006,Alces alces,8
80,2006,Capreolus capreolus,15
80,2007,Alces alces,14
80,2007,Capreolus capreolus,23
80,2008,Alces alces,10
80,2008,Capreolus capreolus,17
80,2009,Alces alces,24
80,2009,Capreolus capreolus,48
80,2010,Alces alces,21
80,2010,Canis lupus,1
80,2010,Capreolus capreolus,65
80,2011,Alces alces,13
80,2011,Canis lupus,4
80,2011,Capreolus capreolus,46
80,2012,Alces alces,19
80,2012,Canis lupus,11
80,2012,Capreolus capreolus,62
80,2013,Alces alces,17
80,2013,Canis lupus,8
80,2013,Capreolus capreolus,54
80,2014,Alces alces,15
80,2014,Canis lupus,19
80,2014,Capreolus capreolus,74
80,2015,Alces alces,35
80,2015,Canis lupus,68
80,2015,Capreolus capreolus,94
80,2016,Alces alces,53
80,2016,Canis lupus,14
80,2016,Capreolus capreolus,176
80,2017,Alces alces,62
80,2017,Canis lupus,177
80,2017,Capreolus capreolus,216
80,2018,Alces alces,59
80,2018,Canis lupus,104
80,2018,Capreolus capreolus,258
80,2019,Alces alces,63
80,2019,Canis lupus,70
80,2019,Capreolus capreolus,255
80,2020,Alces alces,47
80,2020,Canis lupus,32
80,2020,Capreolus capreolus,179
80,2021,Alces alces,48
80,2021,Canis lupus,32
80,2021,Capreolus capreolus,275
80,2022,Alces alces,69
80,2022,Canis lupus,26
80,2022,Capreolus capreolus,258
80,2023,Alces alces,65
80,2023,Canis lupus,73
80,2023,Capreolus capreolus,335
80,2024,Alces alces,54
80,2024,Canis lupus,17
80,2024,Capreolus capreolus,301
81,1999,Alces alces,56
81,1999,Capreolus capreolus,23
81,2000,Alces alces,61
81,2000,Capreolus capreolus,60
81,2001,Alces alces,20
81,2001,Capreolus capreolus,16
81,2002,Alces alces,14
81,2002,Canis lupus,1
81,2002,Capreolus capreolus,26
81,2003,Alces alces,11
81,2003,Canis lupus,1
81,2003,Capreolus capreolus,14
81,2004,Alces alces,13
81,2004,Canis lupus,3
81,2004,Capreolus capreolus,15
81,2005,Alces alces,3
81,2005,Canis lupus,1
81,2005,Capreolus capreolus,16
81,2006,Alces alces,5
81,2006,Capreolus capreolus,3
81,2007,Alces alces,17
81,2007,Capreolus capreolus,19
81,2008,Alces alces,18
81,2008,Capreolus capreolus,30
81,2009,Alces alces,20
81,2009,Capreolus capreolus,36
81,2010,Alces alces,9
81,2010,Canis lupus,2
81,2010,Capreolus capreolus,24
81,2011,Alces alces,10
81,2011,Canis lupus,11
81,2011,Capreolus capreolus,11
81,2012,Alces alces,7
81,2012,Canis lupus,6
81,2012,Capreolus capreolus,14
81,2013,Alces alces,11
81,2013,Canis lupus,26
81,2013,Capreolus capreolus,22
81,2014,Alces alces,10
81,2014,Canis lupus,38
81,2014,Capreolus capreolus,49
81,2015,Alces alces,21
81,2015,Canis lupus,32
81,2015,Capreolus capreolus,98
81,2016,Alces alces,25
81,2016,Canis lupus,19
81,2016,Capreolus capreolus,140
81,2017,Alces alces,40
81,2017,Canis lupus,98
81,2017,Capreolus capreolus,199
81,2018,Alces alces,71
81,2018,Canis lupus,45
81,2018,Capreolus capreolus,294
81,2019,Alces alces,63
81,2019,Canis lupus,42
81,2019,Capreolus capreolus,270
81,2020,Alces alces,37
81,2020,Canis lupus,30
81,2020,Capreolus capreolus,311
81,2021,Alces alces,72
81,2021,Canis lupus,18
81,2021,Capreolus capreolus,355
81,2022,Alces alces,42
81,2022,Canis lupus,13
81,2022,Capreolus capreolus,275
81,2023,Alces alces,56
81,2023,Canis lupus,26
81,2023,Capreolus capreolus,313
81,2024,Alces alces,63
81,2024,Canis lupus,12
81,2024,Capreolus capreolus,287
82,1999,Alces alces,4
82,1999,Capreolus capreolus,2
82,2000,Alces alces,21
82,2000,Capreolus capreolus,12
82,2001,Alces alces,26
82,2001,Capreolus capreolus,2
82,2002,Alces alces,27
82,2002,Capreolus capreolus,13
82,2003,Alces alces,8
82,2003,Capreolus capreolus,1
82,2004,Alces alces,1
82,2004,Canis lupus,56
82,2005,Alces alces,1
82,2005,Canis lupus,9
82,2008,Alces alces,4
82,2008,Capreolus capreolus,4
82,2009,Alces alces,7
82,2009,Canis lupus,50
82,2009,Capreolus capreolus,9
82,2010,Alces alces,1
82,2010,Canis lupus,2
82,2010,Capreolus capreolus,7
82,2011,Canis lupus,57
82,2011,Capreolus capreolus,5
82,2012,Alces alces,6
82,2012,Canis lupus,15
82,2012,Capreolus capreolus,3
82,2013,Alces alces,2
82,2013,Canis lupus,23
82,2013,Capreolus capreolus,10
82,2014,Alces alces,2
82,2014,Canis lupus,111
82,2014,Capreolus capreolus,6
82,2015,Alces alces,22
82,2015,Canis lupus,110
82,2015,Capreolus capreolus,23
82,2016,Alces alces,8
82,2016,Canis lupus,32
82,2016,Capreolus capreolus,69
82,2017,Alces alces,13
82,2017,Canis lupus,311
82,2017,Capreolus capreolus,57
82,2018,Alces alces,29
82,2018,Canis lupus,40
82,2018,Capreolus capreolus,98
82,2019,Alces alces,51
82,2019,Canis lupus,1
82,2019,Capreolus capreolus,256
82,2020,Alces alces,36
82,2020,Capreolus capreolus,101
82,2021,Alces alces,19
82,2021,Canis lupus,27
82,2021,Capreolus capreolus,82
82,2022,Alces alces,17
82,2022,Canis lupus,23
82,2022,Capreolus capreolus,61
82,2023,Alces alces,16
82,2023,Canis lupus,66
82,2023,Capreolus capreolus,76
82,2024,Alces alces,35
82,2024,Canis lupus,11
82,2024,Capreolus capreolus,68
83,1999,Alces alces,3
83,1999,Capreolus capreolus,1
83,2000,Alces alces,5
83,2000,Capreolus capreolus,2
83,2001,Alces alces,57
83,2001,Capreolus capreolus,13
83,2002,Alces alces,40
83,2002,Canis lupus,47
83,2002,Capreolus capreolus,27
83,2003,Canis lupus,18
83,2004,Canis lupus,98
83,2005,Alces alces,2
83,2005,Canis lupus,22
83,2006,Alces alces,1
83,2006,Capreolus capreolus,1
83,2007,Canis lupus,284
83,2008,Alces alces,1
83,2008,Canis lupus,22
83,2008,Capreolus capreolus,3
83,2009,Alces alces,2
83,2009,Canis lupus,30
83,2009,Capreolus capreolus,5
83,2010,Alces alces,7
83,2010,Canis lupus,50
83,2010,Capreolus capreolus,2
83,2011,Alces alces,12
83,2011,Canis lupus,118
83,2011,Capreolus capreolus,10
83,2012,Alces alces,1
83,2012,Canis lupus,78
83,2012,Capreolus capreolus,3
83,2013,Alces alces,4
83,2013,Canis lupus,28
83,2013,Capreolus capreolus,5
83,2014,Alces alces,7
83,2014,Canis lupus,11
83,2014,Capreolus capreolus,17
83,2015,Alces alces,12
83,2015,Canis lupus,39
83,2015,Capreolus capreolus,20
83,2016,Alces alces,17
83,2016,Canis lupus,4
83,2016,Capreolus capreolus,33
83,2017,Alces alces,22
83,2017,Canis lupus,37
83,2017,Capreolus capreolus,58
83,2018,Alces alces,29
83,2018,Canis lupus,39
83,2018,Capreolus capreolus,79
83,2019,Alces alces,27
83,2019,Canis lupus,2
83,2019,Capreolus capreolus,59
83,2020,Alces alces,11
83,2020,Canis lupus,66
83,2020,Capreolus capreolus,43
83,2021,Alces alces,22
83,2021,Canis lupus,18
83,2021,Capreolus capreolus,70
83,2022,Alces alces,24
83,2022,Canis lupus,32
83,2022,Capreolus capreolus,68
83,2023,Alces alces,31
83,2023,Canis lupus,32
83,2023,Capreolus capreolus,85
83,2024,Alces alces,29
83,2024,Canis lupus,38
83,2024,Capreolus capreolus,66
84,1999,Alces alces,32
84,1999,Capreolus capreolus,1
84,2000,Alces alces,22
84,2001,Alces alces,3
84,2001,Capreolus capreolus,1
84,2002,Canis lupus,49
84,2003,Alces alces,1
84,2003,Canis lupus,4
84,2004,Canis lupus,28
84,2004,Capreolus capreolus,1
84,2005,Canis lupus,2
84,2006,Canis lupus,1
84,2006,Capreolus capreolus,1
84,2007,Canis lupus,4
84,2008,Canis lupus,2
84,2009,Alces alces,2
84,2009,Canis lupus,2
84,2010,Alces alces,5
84,2010,Canis lupus,23
84,2011,Alces alces,4
84,2011,Canis lupus,1
84,2012,Alces alces,1
84,2012,Canis lupus,18
84,2012,Capreolus capreolus,1
84,2013,Canis lupus,55
84,2013,Capreolus capreolus,1
84,2014,Alces alces,2
84,2014,Canis lupus,5
84,2014,Capreolus capreolus,2
84,2015,Alces alces,5
84,2015,Canis lupus,10
84,2015,Capreolus capreolus,2
84,2016,Alces alces,2
84,2016,Canis lupus,9
84,2016,Capreolus capreolus,1
84,2017,Alces alces,4
84,2017,Canis lupus,24
84,2017,Capreolus capreolus,3
84,2018,Alces alces,3
84,2018,Canis lupus,51
84,2019,Alces alces,9
84,2019,Canis lupus,4
84,2019,Capreolus capreolus,3
84,2020,Canis lupus,30
84,2021,Alces alces,4
84,2021,Canis lupus,4
84,2021,Capreolus capreolus,2
84,2022,Alces alces,10
84,2022,Capreolus capreolus,1
84,2023,Alces alces,4
84,2023,Canis lupus,2
84,2023,Capreolus capreolus,2
84,2024,Alces alces,3
84,2024,Canis lupus,5
84,2024,Capreolus capreolus,1
85,1999,Alces alces,47
85,1999,Capreolus capreolus,3
85,2000,Alces alces,44
85,2000,Capreolus capreolus,4
85,2002,Canis lupus,174
85,2003,Canis lupus,23
85,2004,Alces alces,1
85,2004,Canis lupus,40
85,2007,Alces alces,1
85,2007,Canis lupus,55
85,2008,Canis lupus,24
85,2009,Canis lupus,156
85,2010,Alces alces,1
85,2010,Canis lupus,27
85,2011,Canis lupus,7
85,2012,Canis lupus,11
85,2013,Canis lupus,26
85,2014,Alces alces,1
85,2014,Canis lupus,25
85,2015,Alces alces,2
85,2015,Canis lupus,31
85,2015,Capreolus capreolus,1
85,2016,Canis lupus,149
85,2017,Alces alces,3
85,2017,Canis lupus,15
85,2017,Capreolus capreolus,5
85,2018,Alces alces,2
85,2018,Canis lupus,142
85,2018,Capreolus capreolus,4
85,2019,Alces alces,8
85,2019,Canis lupus,43
85,2019,Capreolus capreolus,2
85,2020,Alces alces,7
85,2020,Canis lupus,14
85,2020,Capreolus capreolus,5
85,2021,Alces alces,5
85,2021,Canis lupus,2
85,2021,Capreolus capreolus,3
85,2022,Alces alces,3
85,2022,Canis lupus,14
85,2022,Capreolus capreolus,2
85,2023,Alces alces,4
85,2023,Capreolus capreolus,3
85,2024,Alces alces,2
85,2024,Capreolus capreolus,2
86,1999,Alces alces,15
86,1999,Capreolus capreolus,2
86,2000,Alces alces,16
86,2000,Capreolus capreolus,1
86,2001,Alces alces,9
86,2001,Capreolus capreolus,2
86,2002,Capreolus capreolus,3
86,2003,Canis lupus,1
86,2004,Alces alces,1
86,2004,Canis lupus,3
86,2006,Canis lupus,5
86,2007,Alces alces,1
86,2007,Canis lupus,49
86,2007,Capreolus capreolus,1
86,2008,Alces alces,4
86,2008,Canis lupus,20
86,2008,Capreolus capreolus,2
86,2009,Alces alces,12
86,2009,Capreolus capreolus,12
86,2010,Alces alces,2
86,2010,Capreolus capreolus,3
86,2011,Alces alces,3
86,2011,Canis lupus,13
86,2011,Capreolus capreolus,2
86,2012,Alces alces,2
86,2012,Canis lupus,16
86,2013,Alces alces,1
86,2013,Canis lupus,22
86,2013,Capreolus capreolus,1
86,2014,Canis lupus,45
86,2014,Capreolus capreolus,2
86,2015,Alces alces,5
86,2015,Canis lupus,37
86,2015,Capreolus capreolus,6
86,2016,Alces alces,2
86,2016,Canis lupus,30
86,2016,Capreolus capreolus,9
86,2017,Alces alces,5
86,2017,Canis lupus,50
86,2017,Capreolus capreolus,28
86,2018,Canis lupus,225
86,2018,Capreolus capreolus,17
86,2019,Alces alces,7
86,2019,Canis lupus,14
86,2019,Capreolus capreolus,18
86,2020,Alces alces,14
86,2020,Canis lupus,11
86,2020,Capreolus capreolus,22
86,2021,Alces alces,9
86,2021,Canis lupus,7
86,2021,Capreolus capreolus,26
86,2022,Alces alces,17
86,2022,Canis lupus,2
86,2022,Capreolus capreolus,18
86,2023,Alces alces,10
86,2023,Canis lupus,3
86,2023,Capreolus capreolus,27
86,2024,Alces alces,4
86,2024,Capreolus capreolus,16
87,1999,Alces alces,1
87,2000,Alces alces,6
87,2000,Capreolus capreolus,4
87,2001,Alces alces,24
87,2001,Capreolus capreolus,14
87,2002,Alces alces,9
87,2002,Canis lupus,2
87,2002,Capreolus capreolus,2
87,2007,Canis lupus,16
87,2009,Alces alces,3
87,2012,Alces alces,3
87,2012,Capreolus capreolus,1
87,2013,Alces alces,2
87,2013,Canis lupus,13
87,2013,Capreolus capreolus,2
87,2014,Alces alces,6
87,2015,Alces alces,4
87,2015,Capreolus capreolus,6
87,2016,Alces alces,2
87,2016,Capreolus capreolus,4
87,2017,Alces alces,3
87,2017,Canis lupus,1
87,2017,Capreolus capreolus,5
87,2018,Alces alces,1
87,2018,Canis lupus,16
87,2018,Capreolus capreolus,1
87,2019,Alces alces,7
87,2019,Capreolus capreolus,4
87,2020,Alces alces,5
87,2020,Capreolus capreolus,1
87,2021,Alces alces,2
87,2021,Capreolus capreolus,11
87,2022,Alces alces,3
87,2022,Capreolus capreolus,5
87,2023,Alces alces,3
87,2023,Capreolus capreolus,7
87,2024,Alces alces,5
87,2024,Capreolus capreolus,5
88,1999,Alces alces,2
88,1999,Capreolus capreolus,1
88,2000,Alces alces,1
88,2000,Capreolus capreolus,1
88,2001,Alces alces,29
88,2001,Capreolus capreolus,17
88,2002,Alces alces,19
88,2002,Capreolus capreolus,14
88,2003,Capreolus capreolus,2
88,2004,Alces alces,4
88,2004,Capreolus capreolus,3
88,2005,Alces alces,2
88,2005,Capreolus capreolus,11
88,2006,Capreolus capreolus,8
88,2007,Alces alces,3
88,2007,Capreolus capreolus,26
88,2008,Alces alces,30
88,2008,Capreolus capreolus,33
88,2009,Alces alces,28
88,2009,Capreolus capreolus,41
88,2010,Alces alces,24
88,2010,Canis lupus,42
88,2010,Capreolus capreolus,54
88,2011,Alces alces,12
88,2011,Capreolus capreolus,39
88,2012,Alces alces,10
88,2012,Canis lupus,1
88,2012,Capreolus capreolus,10
88,2013,Alces alces,7
88,2013,Canis lupus,6
88,2013,Capreolus capreolus,28
88,2014,Alces alces,8
88,2014,Capreolus capreolus,16
88,2015,Alces alces,13
88,2015,Capreolus capreolus,35
88,2016,Alces alces,14
88,2016,Canis lupus,2
88,2016,Capreolus capreolus,33
88,2017,Alces alces,24
88,2017,Canis lupus,1
88,2017,Capreolus capreolus,50
88,2018,Alces alces,32
88,2018,Canis lupus,21
88,2018,Capreolus capreolus,72
88,2019,Alces alces,29
88,2019,Capreolus capreolus,72
88,2020,Alces alces,28
88,2020,Capreolus capreolus,72
88,2021,Alces alces,21
88,2021,Canis lupus,3
88,2021,Capreolus capreolus,95
88,2022,Alces alces,16
88,2022,Canis lupus,9
88,2022,Capreolus capreolus,84
88,2023,Alces alces,22
88,2023,Capreolus capreolus,96
88,2024,Alces alces,19
88,2024,Canis lupus,1
88,2024,Capreolus capreolus,74
89,1999,Alces alces,17
89,1999,Capreolus capreolus,32
89,2000,Alces alces,4
89,2000,Capreolus capreolus,1
89,2001,Alces alces,2
89,2001,Capreolus capreolus,2
89,2002,Alces alces,5
89,2002,Capreolus capreolus,1
89,2003,Alces alces,24
89,2003,Capreolus capreolus,10
89,2004,Alces alces,5
89,2004,Capreolus capreolus,3
89,2005,Capreolus capreolus,1
89,2007,Alces alces,4
89,2007,Capreolus capreolus,1
89,2008,Alces alces,31
89,2008,Capreolus capreolus,15
89,2009,Alces alces,38
89,2009,Capreolus capreolus,51
89,2010,Alces alces,56
89,2010,Capreolus capreolus,34
89,2011,Alces alces,19
89,2011,Capreolus capreolus,15
89,2012,Alces alces,16
89,2012,Capreolus capreolus,6
89,2013,Alces alces,15
89,2013,Capreolus capreolus,7
89,2014,Alces alces,12
89,2014,Capreolus capreolus,16
89,2015,Alces alces,18
89,2015,Canis lupus,1
89,2015,Capreolus capreolus,16
89,2016,Alces alces,25
89,2016,Capreolus capreolus,28
89,2017,Alces alces,47
89,2017,Capreolus capreolus,25
89,2018,Alces alces,23
89,2018,Capreolus capreolus,62
89,2019,Alces alces,17
89,2019,Canis lupus,27
89,2019,Capreolus capreolus,35
89,2020,Alces alces,8
89,2020,Canis lupus,1
89,2020,Capreolus capreolus,38
89,2021,Alces alces,25
89,2021,Capreolus capreolus,58
89,2022,Alces alces,19
89,2022,Canis lupus,1
89,2022,Capreolus capreolus,44
89,2023,Alces alces,25
89,2023,Capreolus capreolus,50
89,2024,Alces alces,19
89,2024,Capreolus capreolus,38
90,1999,Alces alces,6
90,1999,Capreolus capreolus,4
90,2000,Alces alces,9
90,2000,Capreolus capreolus,4
90,2001,Alces alces,3
90,2001,Capreolus capreolus,4
90,2002,Alces alces,4
90,2002,Capreolus capreolus,1
90,2003,Alces alces,33
90,2004,Alces alces,3
90,2005,Alces alces,1
90,2005,Capreolus capreolus,2
90,2008,Alces alces,1
90,2008,Capreolus capreolus,1
90,2009,Alces alces,7
90,2009,Capreolus capreolus,1
90,2010,Alces alces,8
90,2010,Capreolus capreolus,23
90,2011,Alces alces,12
90,2011,Capreolus capreolus,32
90,2012,Alces alces,2
90,2012,Capreolus capreolus,2
90,2013,Alces alces,1
90,2013,Capreolus capreolus,2
90,2014,Alces alces,1
90,2014,Capreolus capreolus,2
90,2015,Alces alces,3
90,2015,Capreolus capreolus,4
90,2016,Alces alces,12
90,2016,Capreolus capreolus,9
90,2017,Alces alces,6
90,2017,Capreolus capreolus,11
90,2018,Alces alces,19
90,2018,Canis lupus,1
90,2018,Capreolus capreolus,12
90,2019,Alces alces,11
90,2019,Capreolus capreolus,20
90,2020,Alces alces,12
90,2020,Capreolus capreolus,35
90,2021,Alces alces,9
90,2021,Capreolus capreolus,23
90,2022,Alces alces,11
90,2022,Capreolus capreolus,20
90,2023,Alces alces,7
90,2023,Capreolus capreolus,16
90,2024,Alces alces,1
90,2024,Capreolus capreolus,9
91,1999,Capreolus capreolus,2
91,2000,Alces alces,14
91,2000,Capreolus capreolus,2
91,2001,Alces alces,1
91,2002,Capreolus capreolus,4
91,2003,Alces alces,4
91,2003,Capreolus capreolus,1
91,2007,Alces alces,2
91,2009,Alces alces,2
91,2009,Capreolus capreolus,4
91,2010,Alces alces,5
91,2010,Capreolus capreolus,1
91,2011,Alces alces,2
91,2013,Alces alces,2
91,2013,Capreolus capreolus,5
91,2014,Alces alces,1
91,2014,Capreolus capreolus,2
91,2015,Capreolus capreolus,2
91,2016,Alces alces,2
91,2016,Capreolus capreolus,7
91,2017,Alces alces,12
91,2017,Capreolus capreolus,4
91,2018,Alces alces,5
91,2018,Capreolus capreolus,6
91,2019,Alces alces,5
91,2019,Capreolus capreolus,17
91,2020,Alces alces,13
91,2020,Capreolus capreolus,4
91,2021,Alces alces,1
91,2021,Capreolus capreolus,10
91,2022,Alces alces,2
91,2022,Capreolus capreolus,9
91,2023,Alces alces,6
91,2023,Capreolus capreolus,13
91,2024,Alces alces,3
91,2024,Capreolus capreolus,5
92,2000,Alces alces,11
92,2000,Capreolus capreolus,10
92,2006,Capreolus capreolus,1
92,2007,Capreolus capreolus,2
92,2008,Alces alces,1
92,2009,Alces alces,1
92,2009,Capreolus capreolus,1
92,2011,Alces alces,2
92,2011,Capreolus capreolus,1
92,2012,Capreolus capreolus,1
92,2013,Capreolus capreolus,1
92,2014,Capreolus capreolus,6
92,2015,Alces alces,1
92,2015,Capreolus capreolus,2
92,2016,Alces alces,2
92,2016,Capreolus capreolus,3
92,2017,Alces alces,1
92,2017,Capreolus capreolus,2
92,2018,Capreolus capreolus,3
92,2019,Capreolus capreolus,4
92,2020,Capreolus capreolus,1
92,2021,Capreolus capreolus,8
92,2022,Alces alces,8
92,2022,Capreolus capreolus,12
92,2023,Alces alces,2
92,2023,Capreolus capreolus,8
92,2024,Alces alces,1
92,2024,Capreolus capreolus,6
93,2011,Capreolus capreolus,1
93,2018,Capreolus capreolus,1
93,2019,Capreolus capreolus,1
93,2020,Capreolus capreolus,1
93,2021,Capreolus capreolus,2
100,2009,Capreolus capreolus,1
100,2015,Capreolus capreolus,1
100,2017,Capreolus capreolus,1
100,2018,Capreolus capreolus,1
100,2020,Capreolus capreolus,5
100,2021,Capreolus capreolus,4
100,2022,Capreolus capreolus,3
100,2023,Capreolus capreolus,2
100,2024,Capreolus capreolus,5
101,2001,Capreolus capreolus,1
101,2002,Capreolus capreolus,1
101,2006,Capreolus capreolus,1
101,2007,Alces alces,1
101,2007,Capreolus capreolus,2
101,2008,Alces alces,4
101,2008,Capreolus capreolus,9
101,2009,Alces alces,2
101,2009,Capreolus capreolus,4
101,2010,Alces alces,3
101,2010,Capreolus capreolus,5
101,2011,Alces alces,2
101,2011,Capreolus capreolus,7
101,2012,Alces alces,3
101,2012,Capreolus capreolus,11
101,2013,Alces alces,2
101,2013,Capreolus capreolus,6
101,2014,Alces alces,3
101,2014,Capreolus capreolus,3
101,2015,Alces alces,6
101,2015,Capreolus capreolus,14
101,2016,Alces alces,13
101,2016,Capreolus capreolus,35
101,2017,Alces alces,15
101,2017,Capreolus capreolus,30
101,2018,Alces alces,16
101,2018,Capreolus capreolus,43
101,2019,Alces alces,23
101,2019,Capreolus capreolus,43
101,2020,Alces alces,22
101,2020,Capreolus capreolus,40
101,2021,Alces alces,25
101,2021,Capreolus capreolus,38
101,2022,Alces alces,28
101,2022,Capreolus capreolus,46
101,2023,Alces alces,46
101,2023,Capreolus capreolus,39
101,2024,Alces alces,39
101,2024,Capreolus capreolus,60
102,2000,Capreolus capreolus,2
102,2001,Capreolus capreolus,6
102,2002,Alces alces,1
102,2002,Capreolus capreolus,7
102,2003,Alces alces,2
102,2003,Capreolus capreolus,6
102,2006,Alces alces,2
102,2006,Capreolus capreolus,1
102,2007,Alces alces,1
102,2007,Capreolus capreolus,2
102,2008,Alces alces,6
102,2008,Capreolus capreolus,16
102,2009,Alces alces,7
102,2009,Capreolus capreolus,46
102,2010,Alces alces,9
102,2010,Capreolus capreolus,19
102,2011,Alces alces,17
102,2011,Capreolus capreolus,28
102,2012,Alces alces,9
102,2012,Capreolus capreolus,30
102,2013,Alces alces,8
102,2013,Capreolus capreolus,40
102,2014,Alces alces,13
102,2014,Capreolus capreolus,48
102,2015,Alces alces,39
102,2015,Capreolus capreolus,134
102,2016,Alces alces,33
102,2016,Capreolus capreolus,160
102,2017,Alces alces,29
102,2017,Capreolus capreolus,160
102,2018,Alces alces,36
102,2018,Capreolus capreolus,183
102,2019,Alces alces,36
102,2019,Capreolus capreolus,236
102,2020,Alces alces,52
102,2020,Capreolus capreolus,231
102,2021,Alces alces,53
102,2021,Capreolus capreolus,249
102,2022,Alces alces,27
102,2022,Capreolus capreolus,284
102,2023,Alces alces,39
102,2023,Capreolus capreolus,299
102,2024,Alces alces,51
102,2024,Capreolus capreolus,259
103,1999,Capreolus capreolus,2
103,2001,Capreolus capreolus,2
103,2002,Capreolus capreolus,1
103,2004,Alces alces,1
103,2004,Capreolus capreolus,1
103,2005,Alces alces,2
103,2005,Capreolus capreolus,3
103,2006,Capreolus capreolus,1
103,2007,Alces alces,4
103,2007,Capreolus capreolus,3
103,2008,Alces alces,1
103,2008,Capreolus capreolus,5
103,2009,Alces alces,2
103,2009,Capreolus capreolus,29
103,2010,Alces alces,5
103,2010,Capreolus capreolus,18
103,2011,Alces alces,5
103,2011,Capreolus capreolus,16
103,2012,Alces alces,6
103,2012,Capreolus capreolus,23
103,2013,Alces alces,16
103,2013,Capreolus capreolus,14
103,2014,Alces alces,9
103,2014,Capreolus capreolus,3
103,2015,Alces alces,34
103,2015,Capreolus capreolus,36
103,2016,Alces alces,41
103,2016,Capreolus capreolus,70
103,2017,Alces alces,74
103,2017,Capreolus capreolus,73
103,2018,Alces alces,33
103,2018,Capreolus capreolus,113
103,2019,Alces alces,24
103,2019,Capreolus capreolus,95
103,2020,Alces alces,17
103,2020,Capreolus capreolus,45
103,2021,Alces alces,22
103,2021,Capreolus capreolus,58
103,2022,Alces alces,21
103,2022,Capreolus capreolus,51
103,2023,Alces alces,20
103,2023,Capreolus capreolus,57
103,2024,Alces alces,17
103,2024,Capreolus capreolus,50
104,1999,Alces alces,1
104,1999,Capreolus capreolus,5
104,2000,Capreolus capreolus,2
104,2004,Alces alces,1
104,2004,Capreolus capreolus,2
104,2005,Capreolus capreolus,1
104,2006,Capreolus capreolus,1
104,2008,Alces alces,1
104,2008,Capreolus capreolus,4
104,2009,Alces alces,1
104,2009,Canis lupus,2
104,2010,Alces alces,1
104,2010,Canis lupus,3
104,2011,Alces alces,2
104,2011,Canis lupus,1
104,2011,Capreolus capreolus,2
104,2012,Alces alces,2
104,2012,Canis lupus,1
104,2012,Capreolus capreolus,11
104,2013,Alces alces,2
104,2013,Canis lupus,2
104,2013,Capreolus capreolus,4
104,2014,Canis lupus,1
104,2014,Capreolus capreolus,4
104,2015,Alces alces,8
104,2015,Capreolus capreolus,18
104,2016,Alces alces,16
104,2016,Capreolus capreolus,24
104,2017,Alces alces,6
104,2017,Capreolus capreolus,12
104,2018,Alces alces,14
104,2018,Capreolus capreolus,9
104,2019,Alces alces,6
104,2019,Capreolus capreolus,17
104,2020,Alces alces,13
104,2020,Canis lupus,1
104,2020,Capreolus capreolus,17
104,2021,Alces alces,18
104,2021,Canis lupus,7
104,2021,Capreolus capreolus,21
104,2022,Alces alces,8
104,2022,Capreolus capreolus,12
104,2023,Alces alces,16
104,2023,Capreolus capreolus,13
104,2024,Alces alces,11
104,2024,Capreolus capreolus,13
105,1999,Alces alces,3
105,1999,Capreolus capreolus,4
105,2002,Alces alces,6
105,2002,Capreolus capreolus,1
105,2003,Alces alces,1
105,2004,Alces alces,16
105,2004,Capreolus capreolus,1
105,2005,Alces alces,1
105,2005,Capreolus capreolus,2
105,2006,Alces alces,2
105,2007,Alces alces,2
105,2008,Alces alces,1
105,2008,Canis lupus,7
105,2008,Capreolus capreolus,1
105,2009,Alces alces,7
105,2009,Canis lupus,23
105,2009,Capreolus capreolus,3
105,2010,Canis lupus,4
105,2010,Capreolus capreolus,2
105,2011,Canis lupus,19
105,2012,Alces alces,1
105,2012,Capreolus capreolus,1
105,2013,Alces alces,1
105,2013,Canis lupus,3
105,2013,Capreolus capreolus,2
105,2014,Alces alces,3
105,2014,Canis lupus,14
105,2014,Capreolus capreolus,6
105,2015,Alces alces,8
105,2015,Canis lupus,3
105,2015,Capreolus capreolus,13
105,2016,Alces alces,9
105,2016,Canis lupus,4
105,2016,Capreolus capreolus,12
105,2017,Alces alces,5
105,2017,Canis lupus,1
105,2017,Capreolus capreolus,5
105,2018,Alces alces,10
105,2018,Canis lupus,3
105,2018,Capreolus capreolus,4
105,2019,Alces alces,12
105,2019,Canis lupus,4
105,2019,Capreolus capreolus,7
105,2020,Alces alces,15
105,2020,Canis lupus,1
105,2020,Capreolus capreolus,11
105,2021,Alces alces,9
105,2021,Canis lupus,4
105,2021,Capreolus capreolus,20
105,2022,Alces alces,14
105,2022,Canis lupus,3
105,2022,Capreolus capreolus,22
105,2023,Alces alces,16
105,2023,Canis lupus,36
105,2023,Capreolus capreolus,14
105,2024,Alces alces,11
105,2024,Canis lupus,4
105,2024,Capreolus capreolus,12
106,1999,Alces alces,2
106,1999,Capreolus capreolus,5
106,2002,Canis lupus,1
106,2003,Alces alces,1
106,2003,Canis lupus,5
106,2003,Capreolus capreolus,3
106,2004,Alces alces,32
106,2004,Canis lupus,10
106,2004,Capreolus capreolus,6
106,2005,Canis lupus,4
106,2005,Capreolus capreolus,1
106,2006,Canis lupus,1
106,2008,Capreolus capreolus,2
106,2009,Alces alces,1
106,2009,Capreolus capreolus,2
106,2010,Alces alces,1
106,2010,Canis lupus,1
106,2010,Capreolus capreolus,1
106,2011,Alces alces,5
106,2011,Canis lupus,4
106,2011,Capreolus capreolus,9
106,2012,Alces alces,3
106,2012,Canis lupus,1
106,2012,Capreolus capreolus,6
106,2013,Alces alces,1
106,2013,Canis lupus,1
106,2013,Capreolus capreolus,4
106,2014,Alces alces,4
106,2014,Canis lupus,2
106,2014,Capreolus capreolus,5
106,2015,Canis lupus,3
106,2015,Capreolus capreolus,4
106,2016,Alces alces,5
106,2016,Canis lupus,7
106,2016,Capreolus capreolus,14
106,2017,Alces alces,10
106,2017,Canis lupus,24
106,2017,Capreolus capreolus,13
106,2018,Alces alces,3
106,2018,Canis lupus,42
106,2018,Capreolus capreolus,10
106,2019,Alces alces,2
106,2019,Canis lupus,8
106,2019,Capreolus capreolus,9
106,2020,Alces alces,9
106,2020,Canis lupus,11
106,2020,Capreolus capreolus,9
106,2021,Alces alces,1
106,2021,Canis lupus,41
106,2021,Capreolus capreolus,8
106,2022,Alces alces,11
106,2022,Canis lupus,4
106,2022,Capreolus capreolus,11
106,2023,Alces alces,10
106,2023,Canis lupus,2
106,2023,Capreolus capreolus,13
106,2024,Alces alces,10
106,2024,Canis lupus,1
106,2024,Capreolus capreolus,11
107,1999,Alces alces,12
107,1999,Capreolus capreolus,5
107,2000,Alces alces,2
107,2000,Capreolus capreolus,4
107,2001,Alces alces,21
107,2001,Capreolus capreolus,10
107,2002,Alces alces,14
107,2002,Canis lupus,6
107,2002,Capreolus capreolus,4
107,2003,Alces alces,2
107,2003,Canis lupus,16
107,2004,Alces alces,6
107,2004,Canis lupus,15
107,2004,Capreolus capreolus,2
107,2005,Alces alces,2
107,2005,Canis lupus,8
107,2005,Capreolus capreolus,6
107,2006,Alces alces,2
107,2006,Canis lupus,2
107,2006,Capreolus capreolus,4
107,2007,Alces alces,5
107,2007,Canis lupus,2
107,2007,Capreolus capreolus,9
107,2008,Alces alces,5
107,2008,Canis lupus,9
107,2008,Capreolus capreolus,8
107,2009,Alces alces,30
107,2009,Canis lupus,9
107,2009,Capreolus capreolus,54
107,2010,Alces alces,26
107,2010,Canis lupus,2
107,2010,Capreolus capreolus,41
107,2011,Alces alces,16
107,2011,Canis lupus,16
107,2011,Capreolus capreolus,15
107,2012,Alces alces,15
107,2012,Canis lupus,13
107,2012,Capreolus capreolus,14
107,2013,Alces alces,6
107,2013,Canis lupus,4
107,2013,Capreolus capreolus,7
107,2014,Alces alces,7
107,2014,Canis lupus,1
107,2014,Capreolus capreolus,10
107,2015,Alces alces,15
107,2015,Canis lupus,15
107,2015,Capreolus capreolus,29
107,2016,Alces alces,32
107,2016,Canis lupus,20
107,2016,Capreolus capreolus,60
107,2017,Alces alces,19
107,2017,Canis lupus,59
107,2017,Capreolus capreolus,49
107,2018,Alces alces,15
107,2018,Canis lupus,26
107,2018,Capreolus capreolus,43
107,2019,Alces alces,17
107,2019,Canis lupus,29
107,2019,Capreolus capreolus,49
107,2020,Alces alces,11
107,2020,Canis lupus,24
107,2020,Capreolus capreolus,35
107,2021,Alces alces,22
107,2021,Canis lupus,18
107,2021,Capreolus capreolus,42
107,2022,Alces alces,14
107,2022,Canis lupus,6
107,2022,Capreolus capreolus,37
107,2023,Alces alces,21
107,2023,Canis lupus,52
107,2023,Capreolus capreolus,40
107,2024,Alces alces,17
107,2024,Canis lupus,3
107,2024,Capreolus capreolus,22
108,1999,Alces alces,54
108,1999,Capreolus capreolus,34
108,2000,Alces alces,20
108,2000,Capreolus capreolus,5
108,2001,Alces alces,16
108,2001,Capreolus capreolus,8
108,2002,Alces alces,1
108,2002,Canis lupus,6
108,2002,Capreolus capreolus,2
108,2003,Canis lupus,10
108,2004,Alces alces,1
108,2004,Canis lupus,190
108,2004,Capreolus capreolus,1
108,2005,Canis lupus,7
108,2005,Capreolus capreolus,1
108,2006,Alces alces,1
108,2006,Canis lupus,18
108,2006,Capreolus capreolus,1
108,2007,Alces alces,1
108,2007,Canis lupus,34
108,2007,Capreolus capreolus,1
108,2008,Alces alces,15
108,2008,Canis lupus,2
108,2008,Capreolus capreolus,17
108,2009,Alces alces,4
108,2009,Canis lupus,20
108,2009,Capreolus capreolus,11
108,2010,Alces alces,3
108,2010,Canis lupus,3
108,2010,Capreolus capreolus,11
108,2011,Alces alces,4
108,2011,Canis lupus,15
108,2011,Capreolus capreolus,4
108,2012,Alces alces,1
108,2012,Canis lupus,37
108,2013,Alces alces,2
108,2013,Canis lupus,57
108,2013,Capreolus capreolus,2
108,2014,Alces alces,2
108,2014,Canis lupus,21
108,2014,Capreolus capreolus,4
108,2015,Alces alces,3
108,2015,Canis lupus,11
108,2015,Capreolus capreolus,7
108,2016,Alces alces,9
108,2016,Canis lupus,44
108,2016,Capreolus capreolus,38
108,2017,Alces alces,10
108,2017,Canis lupus,22
108,2017,Capreolus capreolus,17
108,2018,Alces alces,8
108,2018,Canis lupus,21
108,2018,Capreolus capreolus,27
108,2019,Alces alces,6
108,2019,Canis lupus,6
108,2019,Capreolus capreolus,16
108,2020,Alces alces,4
108,2020,Canis lupus,7
108,2020,Capreolus capreolus,7
108,2021,Alces alces,3
108,2021,Canis lupus,9
108,2021,Capreolus capreolus,25
108,2022,Alces alces,7
108,2022,Canis lupus,24
108,2022,Capreolus capreolus,21
108,2023,Alces alces,7
108,2023,Canis lupus,10
108,2023,Capreolus capreolus,19
108,2024,Alces alces,3
108,2024,Canis lupus,9
108,2024,Capreolus capreolus,11
109,1999,Alces alces,23
109,1999,Capreolus capreolus,2
109,2000,Alces alces,10
109,2000,Capreolus capreolus,3
109,2001,Alces alces,6
109,2002,Alces alces,6
109,2002,Canis lupus,45
109,2002,Capreolus capreolus,2
109,2003,Canis lupus,35
109,2004,Canis lupus,24
109,2004,Capreolus capreolus,1
109,2005,Canis lupus,44
109,2006,Alces alces,1
109,2006,Capreolus capreolus,1
109,2007,Alces alces,1
109,2007,Canis lupus,3
109,2007,Capreolus capreolus,1
109,2008,Alces alces,1
109,2009,Canis lupus,1
109,2010,Canis lupus,2
109,2011,Alces alces,5
109,2011,Canis lupus,3
109,2011,Capreolus capreolus,2
109,2012,Alces alces,2
109,2012,Canis lupus,22
109,2012,Capreolus capreolus,1
109,2013,Alces alces,6
109,2013,Canis lupus,16
109,2013,Capreolus capreolus,8
109,2014,Alces alces,11
109,2014,Canis lupus,31
109,2014,Capreolus capreolus,12
109,2015,Alces alces,5
109,2015,Canis lupus,48
109,2015,Capreolus capreolus,6
109,2016,Alces alces,7
109,2016,Canis lupus,55
109,2016,Capreolus capreolus,13
109,2017,Alces alces,32
109,2017,Canis lupus,192
109,2017,Capreolus capreolus,26
109,2018,Alces alces,37
109,2018,Canis lupus,41
109,2018,Capreolus capreolus,21
109,2019,Alces alces,24
109,2019,Canis lupus,41
109,2019,Capreolus capreolus,30
109,2020,Alces alces,12
109,2020,Canis lupus,60
109,2020,Capreolus capreolus,14
109,2021,Alces alces,18
109,2021,Canis lupus,43
109,2021,Capreolus capreolus,27
109,2022,Alces alces,16
109,2022,Canis lupus,14
109,2022,Capreolus capreolus,27
109,2023,Alces alces,3
109,2023,Canis lupus,4
109,2023,Capreolus capreolus,21
109,2024,Alces alces,8
109,2024,Canis lupus,13
109,2024,Capreolus capreolus,11
110,1999,Alces alces,3
110,2000,Alces alces,7
110,2000,Capreolus capreolus,4
110,2001,Alces alces,1
110,2002,Alces alces,3
110,2002,Canis lupus,81
110,2003,Canis lupus,2
110,2004,Alces alces,1
110,2004,Canis lupus,15
110,2005,Canis lupus,25
110,2006,Canis lupus,1
110,2007,Canis lupus,3
110,2009,Alces alces,1
110,2010,Canis lupus,3
110,2011,Alces alces,2
110,2011,Canis lupus,6
110,2012,Canis lupus,2
110,2013,Alces alces,3
110,2013,Capreolus capreolus,5
110,2014,Canis lupus,9
110,2014,Capreolus capreolus,4
110,2015,Alces alces,2
110,2015,Canis lupus,35
110,2015,Capreolus capreolus,35
110,2016,Alces alces,1
110,2016,Canis lupus,14
110,2016,Capreolus capreolus,28
110,2017,Alces alces,2
110,2017,Canis lupus,5
110,2017,Capreolus capreolus,38
110,2018,Alces alces,4
110,2018,Canis lupus,3
110,2018,Capreolus capreolus,16
110,2019,Alces alces,5
110,2019,Canis lupus,1
110,2019,Capreolus capreolus,4
110,2020,Alces alces,2
110,2020,Canis lupus,1
110,2020,Capreolus capreolus,3
110,2021,Alces alces,1
110,2021,Canis lupus,10
110,2021,Capreolus capreolus,7
110,2022,Alces alces,8
110,2022,Canis lupus,7
110,2022,Capreolus capreolus,14
110,2023,Alces alces,2
110,2023,Capreolus capreolus,6
110,2024,Alces alces,2
110,2024,Canis lupus,1
110,2024,Capreolus capreolus,7
111,1999,Alces alces,7
111,1999,Capreolus capreolus,4
111,2000,Alces alces,11
111,2000,Capreolus capreolus,2
111,2001,Alces alces,7
111,2002,Alces alces,9
111,2003,Alces alces,2
111,2003,Canis lupus,19
111,2004,Alces alces,5
111,2004,Canis lupus,2
111,2005,Alces alces,1
111,2005,Canis lupus,74
111,2007,Alces alces,1
111,2007,Canis lupus,1
111,2008,Alces alces,2
111,2009,Alces alces,3
111,2010,Alces alces,13
111,2011,Alces alces,10
111,2011,Canis lupus,2
111,2012,Alces alces,1
111,2013,Canis lupus,11
111,2013,Capreolus capreolus,1
111,2014,Alces alces,3
111,2014,Canis lupus,31
111,2015,Alces alces,4
111,2015,Capreolus capreolus,1
111,2016,Capreolus capreolus,3
111,2017,Capreolus capreolus,1
111,2018,Canis lupus,1
111,2018,Capreolus capreolus,1
111,2019,Alces alces,4
111,2019,Canis lupus,4
111,2019,Capreolus capreolus,1
111,2020,Alces alces,5
111,2020,Canis lupus,9
111,2020,Capreolus capreolus,1
111,2021,Alces alces,13
111,2021,Canis lupus,3
111,2021,Capreolus capreolus,3
111,2022,Alces alces,8
111,2022,Canis lupus,3
111,2022,Capreolus capreolus,5
111,2023,Alces alces,10
111,2023,Capreolus capreolus,7
111,2024,Alces alces,4
111,2024,Capreolus capreolus,2
112,1999,Alces alces,6
112,2000,Alces alces,5
112,2001,Alces alces,11
112,2001,Capreolus capreolus,5
112,2002,Alces alces,3
112,2002,Capreolus capreolus,2
112,2003,Alces alces,3
112,2003,Capreolus capreolus,1
112,2009,Alces alces,2
112,2009,Capreolus capreolus,1
112,2011,Alces alces,2
112,2011,Capreolus capreolus,1
112,2012,Alces alces,1
112,2012,Canis lupus,17
112,2012,Capreolus capreolus,2
112,2013,Canis lupus,1
112,2014,Alces alces,1
112,2014,Canis lupus,15
112,2015,Alces alces,2
112,2015,Capreolus capreolus,12
112,2016,Alces alces,4
112,2016,Capreolus capreolus,7
112,2017,Alces alces,1
112,2017,Capreolus capreolus,1
112,2018,Alces alces,4
112,2018,Capreolus capreolus,4
112,2019,Alces alces,4
112,2020,Alces alces,3
112,2020,Canis lupus,2
112,2021,Alces alces,3
112,2021,Canis lupus,1
112,2021,Capreolus capreolus,12
112,2022,Alces alces,22
112,2022,Capreolus capreolus,15
112,2023,Alces alces,26
112,2023,Canis lupus,1
112,2023,Capreolus capreolus,25
112,2024,Alces alces,14
112,2024,Capreolus capreolus,8
113,1999,Alces alces,1
113,2000,Alces alces,1
113,2001,Alces alces,10
113,2001,Capreolus capreolus,6
113,2002,Alces alces,1
113,2007,Capreolus capreolus,1
113,2008,Canis lupus,5
113,2009,Alces alces,1
113,2009,Capreolus capreolus,1
113,2011,Alces alces,2
113,2012,Alces alces,2
113,2012,Capreolus capreolus,3
113,2013,Canis lupus,6
113,2014,Alces alces,1
113,2015,Alces alces,2
113,2015,Capreolus capreolus,3
113,2016,Alces alces,1
113,2016,Canis lupus,1
113,2016,Capreolus capreolus,1
113,2017,Alces alces,1
113,2017,Capreolus capreolus,9
113,2018,Alces alces,6
113,2019,Alces alces,5
113,2019,Capreolus capreolus,2
113,2020,Alces alces,4
113,2020,Capreolus capreolus,2
113,2021,Alces alces,6
113,2021,Canis lupus,1
113,2021,Capreolus capreolus,7
113,2022,Alces alces,4
113,2022,Capreolus capreolus,2
113,2023,Alces alces,2
113,2023,Capreolus capreolus,5
113,2024,Alces alces,6
113,2024,Canis lupus,3
113,2024,Capreolus capreolus,5
114,2001,Alces alces,4
114,2001,Capreolus capreolus,1
114,2002,Capreolus capreolus,1
114,2005,Alces alces,1
114,2005,Capreolus capreolus,3
114,2007,Alces alces,1
114,2008,Alces alces,7
114,2008,Capreolus capreolus,1
114,2011,Alces alces,6
114,2013,Alces alces,1
114,2014,Capreolus capreolus,1
114,2015,Alces alces,5
114,2015,Capreolus capreolus,23
114,2016,Alces alces,7
114,2016,Canis lupus,24
114,2016,Capreolus capreolus,13
114,2017,Alces alces,15
114,2017,Capreolus capreolus,14
114,2018,Alces alces,7
114,2018,Capreolus capreolus,6
114,2019,Alces alces,10
114,2019,Canis lupus,25
114,2019,Capreolus capreolus,9
114,2020,Alces alces,4
114,2020,Capreolus capreolus,12
114,2021,Alces alces,8
114,2021,Capreolus capreolus,10
114,2022,Alces alces,3
114,2022,Capreolus capreolus,6
114,2023,Alces alces,6
114,2023,Capreolus capreolus,6
114,2024,Alces alces,6
114,2024,Canis lupus,3
114,2024,Capreolus capreolus,7
115,1999,Alces alces,1
115,1999,Capreolus capreolus,1
115,2000,Alces alces,1
115,2000,Capreolus capreolus,1
115,2002,Alces alces,2
115,2007,Alces alces,1
115,2008,Alces alces,2
115,2008,Capreolus capreolus,2
115,2009,Alces alces,7
115,2009,Capreolus capreolus,3
115,2010,Alces alces,2
115,2010,Canis lupus,1
115,2010,Capreolus capreolus,1
115,2011,Alces alces,2
115,2011,Capreolus capreolus,2
115,2013,Capreolus capreolus,2
115,2014,Alces alces,1
115,2015,Alces alces,2
115,2015,Capreolus capreolus,6
115,2016,Alces alces,6
115,2016,Capreolus capreolus,6
115,2017,Alces alces,4
115,2017,Capreolus capreolus,5
115,2018,Alces alces,3
115,2018,Capreolus capreolus,1
115,2019,Alces alces,7
115,2019,Canis lupus,54
115,2019,Capreolus capreolus,6
115,2020,Alces alces,5
115,2020,Capreolus capreolus,7
115,2021,Alces alces,2
115,2021,Capreolus capreolus,2
115,2022,Alces alces,3
115,2022,Capreolus capreolus,3
115,2023,Alces alces,2
115,2023,Capreolus capreolus,1
115,2024,Alces alces,4
115,2024,Canis lupus,20
115,2024,Capreolus capreolus,6
116,1999,Alces alces,7
116,1999,Capreolus capreolus,3
116,2000,Alces alces,13
116,2000,Capreolus capreolus,3
116,2001,Alces alces,1
116,2001,Capreolus capreolus,3
116,2002,Alces alces,8
116,2002,Capreolus capreolus,1
116,2003,Alces alces,3
116,2003,Capreolus capreolus,4
116,2004,Alces alces,2
116,2008,Capreolus capreolus,1
116,2009,Alces alces,4
116,2009,Canis lupus,4
116,2009,Capreolus capreolus,2
116,2010,Alces alces,12
116,2010,Capreolus capreolus,7
116,2011,Alces alces,19
116,2011,Capreolus capreolus,3
116,2013,Alces alces,3
116,2014,Alces alces,1
116,2014,Capreolus capreolus,1
116,2015,Alces alces,6
116,2015,Capreolus capreolus,7
116,2016,Alces alces,20
116,2016,Capreolus capreolus,10
116,2017,Alces alces,11
116,2017,Capreolus capreolus,21
116,2018,Alces alces,18
116,2018,Capreolus capreolus,6
116,2019,Alces alces,16
116,2019,Canis lupus,1
116,2019,Capreolus capreolus,15
116,2020,Alces alces,17
116,2020,Capreolus capreolus,16
116,2021,Alces alces,17
116,2021,Capreolus capreolus,9
116,2022,Alces alces,6
116,2022,Capreolus capreolus,4
116,2023,Alces alces,9
116,2023,Capreolus capreolus,8
116,2024,Alces alces,16
116,2024,Capreolus capreolus,14
117,1999,Alces alces,4
117,2000,Alces alces,1
117,2001,Capreolus capreolus,2
117,2002,Alces alces,2
117,2004,Alces alces,5
117,2004,Capreolus capreolus,9
117,2005,Alces alces,25
117,2005,Capreolus capreolus,6
117,2009,Alces alces,1
117,2010,Alces alces,1
117,2011,Alces alces,1
117,2013,Alces alces,2
117,2014,Alces alces,1
117,2015,Alces alces,2
117,2015,Capreolus capreolus,1
117,2016,Alces alces,1
117,2016,Capreolus capreolus,2
117,2017,Alces alces,3
117,2018,Alces alces,2
117,2018,Capreolus capreolus,2
117,2019,Alces alces,6
117,2019,Capreolus capreolus,2
117,2020,Alces alces,3
117,2020,Capreolus capreolus,1
117,2021,Alces alces,3
117,2021,Capreolus capreolus,4
117,2022,Capreolus capreolus,3
117,2023,Alces alces,7
117,2023,Capreolus capreolus,6
117,2024,Alces alces,4
117,2024,Capreolus capreolus,3
118,2000,Alces alces,11
118,2000,Capreolus capreolus,6
118,2002,Alces alces,3
118,2003,Alces alces,1
118,2004,Alces alces,4
118,2004,Capreolus capreolus,1
118,2006,Alces alces,1
118,2007,Alces alces,9
118,2008,Alces alces,1
118,2008,Capreolus capreolus,2
118,2009,Capreolus capreolus,1
118,2010,Alces alces,4
118,2011,Alces alces,3
118,2011,Capreolus capreolus,3
118,2013,Alces alces,2
118,2013,Capreolus capreolus,1
118,2014,Alces alces,6
118,2015,Alces alces,1
118,2015,Capreolus capreolus,1
118,2017,Alces alces,2
118,2017,Capreolus capreolus,3
118,2018,Alces alces,6
118,2018,Capreolus capreolus,6
118,2019,Alces alces,5
118,2019,Capreolus capreolus,2
118,2020,Alces alces,1
118,2021,Alces alces,3
118,2021,Capreolus capreolus,11
118,2022,Alces alces,3
118,2022,Capreolus capreolus,6
118,2023,Alces alces,4
118,2023,Capreolus capreolus,6
118,2024,Alces alces,2
119,1999,Alces alces,4
119,2000,Alces alces,5
119,2000,Capreolus capreolus,2
119,2002,Alces alces,3
119,2002,Capreolus capreolus,9
119,2003,Alces alces,6
119,2003,Capreolus capreolus,2
119,2004,Alces alces,18
119,2004,Capreolus capreolus,1
119,2006,Alces alces,2
119,2006,Capreolus capreolus,1
119,2007,Alces alces,5
119,2007,Capreolus capreolus,2
119,2008,Alces alces,4
119,2008,Capreolus capreolus,4
119,2009,Alces alces,1
119,2010,Alces alces,1
119,2011,Alces alces,1
119,2012,Alces alces,2
119,2013,Alces alces,2
119,2013,Capreolus capreolus,3
119,2014,Alces alces,1
119,2014,Capreolus capreolus,2
119,2015,Alces alces,2
119,2015,Capreolus capreolus,5
119,2016,Capreolus capreolus,3
119,2017,Alces alces,7
119,2017,Capreolus capreolus,17
119,2018,Alces alces,12
119,2018,Capreolus capreolus,43
119,2019,Alces alces,5
119,2019,Capreolus capreolus,26
119,2020,Alces alces,3
119,2020,Capreolus capreolus,25
119,2021,Alces alces,13
119,2021,Capreolus capreolus,34
119,2022,Alces alces,11
119,2022,Capreolus capreolus,33
119,2023,Alces alces,13
119,2023,Capreolus capreolus,31
119,2024,Alces alces,16
119,2024,Capreolus capreolus,23
120,1999,Alces alces,10
120,1999,Capreolus capreolus,9
120,2000,Alces alces,4
120,2000,Capreolus capreolus,14
120,2001,Capreolus capreolus,7
120,2002,Alces alces,7
120,2002,Capreolus capreolus,5
120,2003,Alces alces,21
120,2003,Capreolus capreolus,6
120,2004,Alces alces,2
120,2004,Capreolus capreolus,39
120,2005,Alces alces,1
120,2005,Capreolus capreolus,35
120,2006,Capreolus capreolus,14
120,2007,Alces alces,7
120,2007,Capreolus capreolus,59
120,2008,Alces alces,15
120,2008,Capreolus capreolus,51
120,2009,Alces alces,12
120,2009,Capreolus capreolus,87
120,2010,Alces alces,16
120,2010,Capreolus capreolus,128
120,2011,Alces alces,10
120,2011,Capreolus capreolus,109
120,2012,Alces alces,11
120,2012,Capreolus capreolus,50
120,2013,Alces alces,10
120,2013,Capreolus capreolus,52
120,2014,Alces alces,7
120,2014,Capreolus capreolus,45
120,2015,Alces alces,17
120,2015,Capreolus capreolus,77
120,2016,Alces alces,22
120,2016,Capreolus capreolus,44
120,2017,Alces alces,12
120,2017,Capreolus capreolus,36
120,2018,Alces alces,11
120,2018,Capreolus capreolus,25
120,2019,Alces alces,18
120,2019,Capreolus capreolus,32
120,2020,Alces alces,25
120,2020,Capreolus capreolus,46
120,2021,Alces alces,25
120,2021,Capreolus capreolus,26
120,2022,Alces alces,19
120,2022,Capreolus capreolus,28
120,2023,Alces alces,27
120,2023,Capreolus capreolus,25
120,2024,Alces alces,21
120,2024,Capreolus capreolus,27
121,2001,Capreolus capreolus,3
121,2002,Capreolus capreolus,2
121,2003,Capreolus capreolus,1
121,2004,Capreolus capreolus,1
121,2005,Alces alces,2
121,2005,Capreolus capreolus,5
121,2006,Capreolus capreolus,1
121,2007,Alces alces,1
121,2007,Capreolus capreolus,3
121,2008,Alces alces,1
121,2008,Capreolus capreolus,1
121,2009,Alces alces,1
121,2010,Alces alces,4
121,2010,Capreolus capreolus,3
121,2011,Alces alces,2
121,2011,Capreolus capreolus,7
121,2012,Alces alces,4
121,2012,Capreolus capreolus,2
121,2013,Alces alces,3
121,2013,Capreolus capreolus,8
121,2014,Alces alces,6
121,2014,Capreolus capreolus,5
121,2015,Alces alces,3
121,2015,Capreolus capreolus,11
121,2016,Alces alces,9
121,2016,Capreolus capreolus,9
121,2017,Alces alces,10
121,2017,Capreolus capreolus,15
121,2018,Alces alces,5
121,2018,Capreolus capreolus,2
121,2019,Alces alces,15
121,2019,Capreolus capreolus,11
121,2020,Alces alces,6
121,2020,Capreolus capreolus,12
121,2021,Alces alces,2
121,2021,Capreolus capreolus,7
121,2022,Alces alces,2
121,2022,Capreolus capreolus,3
121,2023,Alces alces,1
121,2023,Capreolus capreolus,1
121,2024,Alces alces,6
121,2024,Capreolus capreolus,4
130,2000,Capreolus capreolus,1
130,2002,Capreolus capreolus,1
130,2003,Capreolus capreolus,2
130,2009,Capreolus capreolus,1
130,2011,Capreolus capreolus,1
130,2012,Alces alces,1
130,2014,Capreolus capreolus,7
130,2015,Capreolus capreolus,18
130,2016,Alces alces,1
130,2016,Capreolus capreolus,22
130,2017,Capreolus capreolus,17
130,2018,Capreolus capreolus,23
130,2019,Capreolus capreolus,34
130,2020,Capreolus capreolus,11
130,2021,Capreolus capreolus,20
130,2022,Capreolus capreolus,16
130,2023,Capreolus capreolus,30
130,2024,Capreolus capreolus,29
131,2001,Capreolus capreolus,2
131,2002,Capreolus capreolus,2
131,2008,Alces alces,1
131,2008,Capreolus capreolus,15
131,2009,Capreolus capreolus,22
131,2010,Capreolus capreolus,26
131,2011,Capreolus capreolus,27
131,2012,Capreolus capreolus,25
131,2013,Capreolus capreolus,36
131,2014,Alces alces,3
131,2014,Capreolus capreolus,48
131,2015,Capreolus capreolus,52
131,2016,Alces alces,1
131,2016,Capreolus capreolus,72
131,2017,Alces alces,4
131,2017,Capreolus capreolus,113
131,2018,Alces alces,3
131,2018,Capreolus capreolus,176
131,2019,Alces alces,6
131,2019,Capreolus capreolus,157
131,2020,Alces alces,3
131,2020,Capreolus capreolus,236
131,2021,Alces alces,1
131,2021,Capreolus capreolus,224
131,2022,Alces alces,1
131,2022,Capreolus capreolus,173
131,2023,Alces alces,3
131,2023,Capreolus capreolus,144
131,2024,Alces alces,1
131,2024,Capreolus capreolus,133
132,2006,Capreolus capreolus,2
132,2008,Alces alces,1
132,2008,Capreolus capreolus,4
132,2010,Alces alces,2
132,2010,Capreolus capreolus,1
132,2011,Capreolus capreolus,5
132,2012,Alces alces,1
132,2012,Capreolus capreolus,2
132,2013,Alces alces,1
132,2013,Capreolus capreolus,5
132,2014,Alces alces,2
132,2014,Capreolus capreolus,4
132,2015,Alces alces,10
132,2015,Capreolus capreolus,7
132,2016,Alces alces,7
132,2016,Capreolus capreolus,33
132,2017,Alces alces,6
132,2017,Capreolus capreolus,37
132,2018,Alces alces,13
132,2018,Capreolus capreolus,37
132,2019,Alces alces,15
132,2019,Capreolus capreolus,51
132,2020,Alces alces,10
132,2020,Capreolus capreolus,41
132,2021,Alces alces,14
132,2021,Capreolus capreolus,88
132,2022,Alces alces,13
132,2022,Capreolus capreolus,82
132,2023,Alces alces,14
132,2023,Capreolus capreolus,94
132,2024,Alces alces,32
132,2024,Capreolus capreolus,86
133,1999,Capreolus capreolus,1
133,2002,Capreolus capreolus,1
133,2007,Alces alces,2
133,2007,Capreolus capreolus,1
133,2008,Alces alces,1
133,2008,Capreolus capreolus,1
133,2009,Alces alces,2
133,2009,Capreolus capreolus,4
133,2010,Alces alces,2
133,2010,Capreolus capreolus,1
133,2011,Alces alces,1
133,2011,Capreolus capreolus,2
133,2012,Alces alces,4
133,2012,Capreolus capreolus,2
133,2013,Alces alces,3
133,2013,Capreolus capreolus,3
133,2014,Alces alces,1
133,2014,Capreolus capreolus,6
133,2015,Alces alces,3
133,2015,Capreolus capreolus,9
133,2016,Alces alces,6
133,2016,Capreolus capreolus,20
133,2017,Alces alces,8
133,2017,Capreolus capreolus,32
133,2018,Alces alces,10
133,2018,Capreolus capreolus,27
133,2019,Alces alces,4
133,2019,Capreolus capreolus,26
133,2020,Alces alces,10
133,2020,Capreolus capreolus,32
133,2021,Alces alces,11
133,2021,Capreolus capreolus,40
133,2022,Alces alces,14
133,2022,Capreolus capreolus,30
133,2023,Alces alces,12
133,2023,Capreolus capreolus,39
133,2024,Alces alces,20
133,2024,Capreolus capreolus,46
134,2004,Alces alces,1
134,2008,Alces alces,2
134,2009,Capreolus capreolus,1
134,2010,Alces alces,1
134,2010,Capreolus capreolus,1
134,2011,Alces alces,1
134,2011,Capreolus capreolus,3
134,2012,Capreolus capreolus,1
134,2013,Alces alces,2
134,2013,Capreolus capreolus,7
134,2014,Alces alces,2
134,2014,Capreolus capreolus,7
134,2015,Alces alces,4
134,2015,Capreolus capreolus,7
134,2016,Alces alces,4
134,2016,Capreolus capreolus,9
134,2017,Alces alces,6
134,2017,Capreolus capreolus,10
134,2018,Alces alces,12
134,2018,Capreolus capreolus,12
134,2019,Alces alces,5
134,2019,Capreolus capreolus,16
134,2020,Alces alces,4
134,2020,Capreolus capreolus,12
134,2021,Alces alces,5
134,2021,Capreolus capreolus,10
134,2022,Alces alces,14
134,2022,Capreolus capreolus,15
134,2023,Alces alces,9
134,2023,Capreolus capreolus,6
134,2024,Alces alces,6
134,2024,Capreolus capreolus,14
135,2002,Alces alces,1
135,2004,Alces alces,1
135,2004,Capreolus capreolus,1
135,2005,Alces alces,1
135,2005,Capreolus capreolus,1
135,2006,Alces alces,1
135,2006,Capreolus capreolus,1
135,2007,Alces alces,2
135,2007,Capreolus capreolus,1
135,2008,Alces alces,7
135,2008,Capreolus capreolus,16
135,2009,Alces alces,7
135,2009,Capreolus capreolus,8
135,2010,Alces alces,4
135,2010,Capreolus capreolus,2
135,2011,Alces alces,4
135,2011,Capreolus capreolus,3
135,2012,Alces alces,3
135,2012,Capreolus capreolus,5
135,2013,Alces alces,3
135,2013,Capreolus capreolus,15
135,2014,Alces alces,4
135,2014,Capreolus capreolus,11
135,2015,Alces alces,5
135,2015,Capreolus capreolus,13
135,2016,Alces alces,7
135,2016,Capreolus capreolus,13
135,2017,Alces alces,9
135,2017,Capreolus capreolus,26
135,2018,Alces alces,7
135,2018,Capreolus capreolus,21
135,2019,Alces alces,16
135,2019,Capreolus capreolus,33
135,2020,Alces alces,18
135,2020,Capreolus capreolus,31
135,2021,Alces alces,12
135,2021,Capreolus capreolus,47
135,2022,Alces alces,15
135,2022,Capreolus capreolus,39
135,2023,Alces alces,22
135,2023,Capreolus capreolus,30
135,2024,Alces alces,20
135,2024,Capreolus capreolus,37
136,2001,Alces alces,1
136,2004,Alces alces,1
136,2004,Capreolus capreolus,2
136,2005,Alces alces,2
136,2008,Alces alces,4
136,2009,Alces alces,13
136,2009,Capreolus capreolus,5
136,2010,Alces alces,2
136,2010,Capreolus capreolus,6
136,2011,Alces alces,8
136,2011,Capreolus capreolus,7
136,2012,Alces alces,5
136,2012,Capreolus capreolus,14
136,2013,Alces alces,6
136,2013,Capreolus capreolus,11
136,2014,Alces alces,11
136,2014,Capreolus capreolus,7
136,2015,Alces alces,7
136,2015,Capreolus capreolus,11
136,2016,Alces alces,9
136,2016,Capreolus capreolus,16
136,2017,Alces alces,14
136,2017,Capreolus capreolus,24
136,2018,Alces alces,9
136,2018,Capreolus capreolus,18
136,2019,Alces alces,9
136,2019,Capreolus capreolus,21
136,2020,Alces alces,12
136,2020,Capreolus capreolus,18
136,2021,Alces alces,11
136,2021,Capreolus capreolus,23
136,2022,Alces alces,5
136,2022,Capreolus capreolus,41
136,2023,Alces alces,16
136,2023,Capreolus capreolus,20
136,2024,Alces alces,25
136,2024,Capreolus capreolus,47
137,2007,Alces alces,1
137,2009,Alces alces,1
137,2009,Capreolus capreolus,2
137,2010,Alces alces,1
137,2010,Capreolus capreolus,1
137,2011,Alces alces,1
137,2011,Capreolus capreolus,3
137,2012,Alces alces,1
137,2012,Capreolus capreolus,3
137,2013,Alces alces,2
137,2013,Capreolus capreolus,7
137,2014,Alces alces,1
137,2014,Capreolus capreolus,1
137,2015,Alces alces,3
137,2015,Capreolus capreolus,21
137,2016,Alces alces,10
137,2016,Capreolus capreolus,7
137,2017,Alces alces,10
137,2017,Capreolus capreolus,36
137,2018,Alces alces,13
137,2018,Capreolus capreolus,28
137,2019,Alces alces,7
137,2019,Capreolus capreolus,28
137,2020,Alces alces,5
137,2020,Capreolus capreolus,4
137,2021,Alces alces,7
137,2021,Capreolus capreolus,24
137,2022,Alces alces,9
137,2022,Capreolus capreolus,4
137,2023,Alces alces,5
137,2024,Alces alces,21
137,2024,Capreolus capreolus,9
138,2001,Alces alces,1
138,2011,Alces alces,2
138,2011,Capreolus capreolus,1
138,2012,Alces alces,1
138,2012,Capreolus capreolus,1
138,2013,Alces alces,2
138,2013,Capreolus capreolus,3
138,2014,Capreolus capreolus,3
138,2015,Alces alces,1
138,2015,Capreolus capreolus,8
138,2016,Alces alces,4
138,2016,Capreolus capreolus,8
138,2017,Alces alces,3
138,2017,Capreolus capreolus,7
138,2018,Alces alces,8
138,2018,Capreolus capreolus,12
138,2019,Alces alces,9
138,2019,Capreolus capreolus,11
138,2020,Alces alces,10
138,2020,Capreolus capreolus,24
138,2021,Alces alces,9
138,2021,Capreolus capreolus,9
138,2022,Alces alces,7
138,2022,Capreolus capreolus,7
138,2023,Alces alces,16
138,2023,Capreolus capreolus,12
138,2024,Alces alces,12
138,2024,Capreolus capreolus,10
139,2009,Capreolus capreolus,1
139,2010,Alces alces,1
139,2011,Alces alces,2
139,2011,Capreolus capreolus,1
139,2013,Capreolus capreolus,1
139,2014,Capreolus capreolus,1
139,2015,Capreolus capreolus,2
139,2016,Alces alces,5
139,2016,Capreolus capreolus,2
139,2017,Alces alces,6
139,2017,Capreolus capreolus,5
139,2018,Alces alces,2
139,2018,Capreolus capreolus,11
139,2019,Alces alces,6
139,2019,Capreolus capreolus,8
139,2020,Alces alces,5
139,2020,Canis lupus,1
139,2020,Capreolus capreolus,6
139,2021,Alces alces,16
139,2021,Capreolus capreolus,28
139,2022,Alces alces,9
139,2022,Capreolus capreolus,19
139,2023,Alces alces,9
139,2023,Capreolus capreolus,16
139,2024,Alces alces,8
139,2024,Capreolus capreolus,9
140,1999,Alces alces,3
140,2000,Alces alces,1
140,2001,Alces alces,4
140,2001,Capreolus capreolus,1
140,2002,Alces alces,2
140,2004,Canis lupus,1
140,2007,Canis lupus,1
140,2008,Alces alces,1
140,2012,Alces alces,1
140,2012,Canis lupus,8
140,2012,Capreolus capreolus,1
140,2013,Alces alces,1
140,2013,Canis lupus,1
140,2013,Capreolus capreolus,2
140,2014,Alces alces,1
140,2014,Canis lupus,1
140,2016,Canis lupus,2
140,2017,Alces alces,1
140,2017,Capreolus capreolus,6
140,2018,Alces alces,7
140,2018,Canis lupus,2
140,2018,Capreolus capreolus,2
140,2019,Alces alces,2
140,2019,Canis lupus,1
140,2019,Capreolus capreolus,1
140,2020,Alces alces,8
140,2020,Canis lupus,1
140,2020,Capreolus capreolus,5
140,2021,Alces alces,14
140,2021,Canis lupus,1
140,2021,Capreolus capreolus,10
140,2022,Alces alces,6
140,2022,Capreolus capreolus,6
140,2023,Alces alces,5
140,2023,Canis lupus,3
140,2023,Capreolus capreolus,5
140,2024,Alces alces,9
140,2024,Capreolus capreolus,9
141,1999,Alces alces,14
141,1999,Capreolus capreolus,2
141,2000,Alces alces,4
141,2000,Capreolus capreolus,1
141,2001,Alces alces,1
141,2002,Alces alces,7
141,2004,Alces alces,1
141,2004,Canis lupus,6
141,2005,Canis lupus,17
141,2007,Canis lupus,1
141,2008,Alces alces,1
141,2009,Alces alces,1
141,2011,Alces alces,1
141,2013,Alces alces,1
141,2013,Canis lupus,2
141,2013,Capreolus capreolus,1
141,2014,Alces alces,1
141,2014,Canis lupus,2
141,2015,Alces alces,1
141,2015,Canis lupus,2
141,2015,Capreolus capreolus,1
141,2016,Alces alces,2
141,2016,Canis lupus,3
141,2016,Capreolus capreolus,4
141,2017,Alces alces,7
141,2018,Alces alces,5
141,2019,Alces alces,5
141,2019,Capreolus capreolus,5
141,2020,Alces alces,11
141,2020,Capreolus capreolus,6
141,2021,Alces alces,7
141,2021,Canis lupus,3
141,2021,Capreolus capreolus,2
141,2022,Alces alces,5
141,2022,Canis lupus,3
141,2022,Capreolus capreolus,2
141,2023,Alces alces,4
141,2023,Canis lupus,2
141,2023,Capreolus capreolus,1
141,2024,Alces alces,11
141,2024,Capreolus capreolus,8
142,2002,Alces alces,1
142,2003,Alces alces,1
142,2010,Alces alces,4
142,2011,Alces alces,1
142,2011,Capreolus capreolus,2
142,2012,Alces alces,1
142,2014,Alces alces,1
142,2014,Canis lupus,1
142,2014,Capreolus capreolus,1
142,2015,Alces alces,1
142,2015,Canis lupus,3
142,2016,Alces alces,1
142,2016,Canis lupus,1
142,2016,Capreolus capreolus,2
142,2017,Alces alces,4
142,2017,Canis lupus,3
142,2017,Capreolus capreolus,3
142,2018,Alces alces,7
142,2018,Canis lupus,7
142,2018,Capreolus capreolus,4
142,2019,Alces alces,3
142,2019,Capreolus capreolus,4
142,2020,Alces alces,6
142,2020,Canis lupus,3
142,2020,Capreolus capreolus,6
142,2021,Alces alces,5
142,2021,Canis lupus,2
142,2021,Capreolus capreolus,8
142,2022,Alces alces,3
142,2022,Capreolus capreolus,4
142,2023,Alces alces,3
142,2023,Canis lupus,5
142,2023,Capreolus capreolus,2
142,2024,Alces alces,3
142,2024,Capreolus capreolus,7
143,2000,Alces alces,11
143,2000,Capreolus capreolus,2
143,2001,Alces alces,2
143,2001,Capreolus capreolus,1
143,2002,Alces alces,1
143,2002,Canis lupus,8
143,2004,Alces alces,3
143,2007,Alces alces,1
143,2008,Alces alces,1
143,2008,Capreolus capreolus,1
143,2010,Alces alces,2
143,2011,Alces alces,2
143,2011,Capreolus capreolus,1
143,2012,Alces alces,2
143,2014,Alces alces,4
143,2015,Alces alces,7
143,2016,Alces alces,3
143,2016,Canis lupus,1
143,2017,Alces alces,9
143,2017,Capreolus capreolus,2
143,2018,Alces alces,6
143,2018,Capreolus capreolus,2
143,2019,Alces alces,4
143,2020,Alces alces,7
143,2021,Alces alces,4
143,2021,Capreolus capreolus,2
143,2022,Alces alces,4
143,2022,Capreolus capreolus,1
143,2023,Alces alces,1
143,2023,Canis lupus,1
143,2023,Capreolus capreolus,2
143,2024,Alces alces,4
143,2024,Capreolus capreolus,4
144,2005,Alces alces,1
144,2008,Alces alces,1
144,2008,Capreolus capreolus,1
144,2010,Alces alces,9
144,2011,Alces alces,7
144,2011,Capreolus capreolus,1
144,2012,Alces alces,5
144,2012,Canis lupus,1
144,2013,Canis lupus,2
144,2014,Alces alces,8
144,2015,Alces alces,4
144,2016,Alces alces,8
144,2016,Canis lupus,1
144,2016,Capreolus capreolus,1
144,2017,Alces alces,8
144,2017,Capreolus capreolus,2
144,2018,Alces alces,1
144,2018,Capreolus capreolus,1
144,2019,Alces alces,3
144,2019,Canis lupus,1
144,2019,Capreolus capreolus,1
144,2020,Alces alces,2
144,2020,Canis lupus,9
144,2021,Alces alces,4
144,2021,Capreolus capreolus,1
144,2022,Alces alces,7
144,2023,Alces alces,8
144,2023,Capreolus capreolus,2
144,2024,Alces alces,5
144,2024,Capreolus capreolus,1
145,2011,Alces alces,2
145,2012,Alces alces,1
145,2012,Capreolus capreolus,1
145,2013,Alces alces,1
145,2015,Alces alces,2
145,2016,Alces alces,4
145,2016,Capreolus capreolus,3
145,2017,Alces alces,2
145,2017,Capreolus capreolus,3
145,2018,Alces alces,1
145,2018,Capreolus capreolus,2
145,2019,Alces alces,4
145,2019,Capreolus capreolus,3
145,2020,Alces alces,4
145,2020,Capreolus capreolus,3
145,2021,Alces alces,3
145,2021,Capreolus capreolus,1
145,2022,Alces alces,2
145,2022,Canis lupus,1
145,2022,Capreolus capreolus,1
145,2023,Alces alces,4
145,2023,Capreolus capreolus,3
145,2024,Alces alces,4
145,2024,Capreolus capreolus,4
146,2002,Capreolus capreolus,1
146,2009,Capreolus capreolus,2
146,2011,Alces alces,1
146,2012,Alces alces,1
146,2012,Canis lupus,1
146,2013,Alces alces,2
146,2013,Capreolus capreolus,2
146,2014,Canis lupus,1
146,2014,Capreolus capreolus,1
146,2015,Alces alces,5
146,2015,Capreolus capreolus,2
146,2016,Alces alces,4
146,2016,Capreolus capreolus,1
146,2017,Alces alces,4
146,2017,Capreolus capreolus,2
146,2018,Alces alces,5
146,2019,Alces alces,7
146,2019,Capreolus capreolus,2
146,2020,Alces alces,8
146,2020,Capreolus capreolus,4
146,2021,Alces alces,8
146,2021,Capreolus capreolus,9
146,2022,Alces alces,12
146,2022,Canis lupus,2
146,2022,Capreolus capreolus,9
146,2023,Alces alces,7
146,2023,Canis lupus,1
146,2023,Capreolus capreolus,10
146,2024,Alces alces,10
146,2024,Canis lupus,4
146,2024,Capreolus capreolus,6
147,2008,Capreolus capreolus,2
147,2009,Alces alces,2
147,2009,Capreolus capreolus,3
147,2010,Alces alces,1
147,2010,Capreolus capreolus,2
147,2012,Alces alces,1
147,2013,Alces alces,2
147,2014,Alces alces,1
147,2014,Capreolus capreolus,3
147,2015,Alces alces,7
147,2015,Capreolus capreolus,9
147,2016,Alces alces,5
147,2016,Capreolus capreolus,5
147,2017,Alces alces,8
147,2017,Canis lupus,3
147,2017,Capreolus capreolus,5
147,2018,Alces alces,15
147,2018,Capreolus capreolus,8
147,2019,Alces alces,16
147,2019,Capreolus capreolus,5
147,2020,Alces alces,13
147,2020,Canis lupus,1
147,2020,Capreolus capreolus,14
147,2021,Alces alces,15
147,2021,Capreolus capreolus,9
147,2022,Alces alces,15
147,2022,Canis lupus,3
147,2022,Capreolus capreolus,9
147,2023,Alces alces,15
147,2023,Canis lupus,1
147,2023,Capreolus capreolus,15
147,2024,Alces alces,14
147,2024,Canis lupus,1
147,2024,Capreolus capreolus,9
148,2014,Alces alces,1
148,2016,Capreolus capreolus,1
148,2017,Alces alces,8
148,2017,Capreolus capreolus,1
148,2019,Alces alces,1
148,2019,Capreolus capreolus,1
148,2020,Alces alces,2
148,2021,Alces alces,1
148,2022,Alces alces,2
148,2022,Capreolus capreolus,1
148,2023,Alces alces,1
148,2023,Capreolus capreolus,1
148,2024,Alces alces,1
148,2024,Capreolus capreolus,3
149,1999,Capreolus capreolus,1
149,2002,Alces alces,3
149,2002,Capreolus capreolus,2
149,2004,Capreolus capreolus,1
149,2005,Capreolus capreolus,1
149,2008,Alces alces,1
149,2008,Canis lupus,2
149,2015,Alces alces,1
149,2015,Capreolus capreolus,1
149,2017,Alces alces,1
149,2017,Capreolus capreolus,1
149,2019,Alces alces,2
149,2020,Capreolus capreolus,1
149,2021,Alces alces,1
149,2022,Alces alces,1
149,2022,Capreolus capreolus,1
149,2023,Alces alces,1
149,2023,Capreolus capreolus,2
149,2024,Alces alces,1
149,2024,Capreolus capreolus,2
150,2001,Alces alces,1
150,2002,Alces alces,2
150,2005,Alces alces,1
150,2005,Canis lupus,51
150,2006,Alces alces,1
150,2009,Alces alces,3
150,2012,Alces alces,2
150,2015,Alces alces,1
150,2016,Canis lupus,1
150,2017,Alces alces,2
150,2018,Alces alces,12
150,2018,Capreolus capreolus,1
150,2019,Alces alces,33
150,2019,Capreolus capreolus,6
150,2020,Alces alces,3
150,2020,Canis lupus,1
150,2020,Capreolus capreolus,3
150,2021,Alces alces,9
150,2021,Canis lupus,1
150,2021,Capreolus capreolus,10
150,2022,Alces alces,4
150,2022,Capreolus capreolus,1
150,2023,Alces alces,7
150,2023,Canis lupus,1
150,2023,Capreolus capreolus,32
150,2024,Alces alces,2
150,2024,Capreolus capreolus,17
151,1999,Alces alces,3
151,2000,Alces alces,1
151,2001,Alces alces,1
151,2003,Alces alces,1
151,2008,Alces alces,1
151,2010,Alces alces,1
151,2011,Alces alces,1
151,2011,Capreolus capreolus,1
151,2012,Alces alces,3
151,2012,Capreolus capreolus,1
151,2013,Alces alces,1
151,2015,Capreolus capreolus,1
151,2016,Alces alces,1
151,2016,Capreolus capreolus,1
151,2019,Capreolus capreolus,2
151,2020,Alces alces,2
151,2020,Canis lupus,1
151,2020,Capreolus capreolus,2
151,2021,Capreolus capreolus,4
151,2022,Alces alces,1
151,2022,Capreolus capreolus,2
151,2023,Alces alces,2
151,2023,Capreolus capreolus,4
151,2024,Capreolus capreolus,2
152,2000,Alces alces,6
152,2001,Alces alces,1
152,2001,Capreolus capreolus,1
152,2002,Alces alces,7
152,2003,Alces alces,1
152,2004,Canis lupus,10
152,2007,Alces alces,1
152,2010,Alces alces,3
152,2011,Alces alces,1
152,2015,Alces alces,1
152,2016,Alces alces,4
152,2017,Alces alces,4
152,2018,Alces alces,7
152,2018,Capreolus capreolus,1
152,2019,Alces alces,3
152,2020,Alces alces,1
152,2021,Alces alces,6
152,2021,Capreolus capreolus,1
152,2022,Alces alces,3
152,2023,Alces alces,2
152,2024,Alces alces,6
152,2024,Capreolus capreolus,5
153,1999,Alces alces,4
153,1999,Capreolus capreolus,1
153,2000,Alces alces,7
153,2001,Alces alces,6
153,2001,Capreolus capreolus,1
153,2002,Alces alces,18
153,2003,Alces alces,26
153,2004,Alces alces,6
153,2004,Capreolus capreolus,1
153,2005,Alces alces,4
153,2007,Alces alces,2
153,2008,Alces alces,4
153,2009,Alces alces,9
153,2010,Alces alces,18
153,2010,Capreolus capreolus,2
153,2011,Alces alces,2
153,2012,Alces alces,4
153,2012,Capreolus capreolus,2
153,2013,Alces alces,1
153,2014,Alces alces,9
153,2014,Capreolus capreolus,1
153,2015,Alces alces,9
153,2015,Capreolus capreolus,7
153,2016,Alces alces,5
153,2016,Capreolus capreolus,2
153,2017,Alces alces,3
153,2017,Capreolus capreolus,1
153,2018,Alces alces,16
153,2018,Capreolus capreolus,3
153,2019,Alces alces,11
153,2019,Capreolus capreolus,6
153,2020,Alces alces,11
153,2020,Capreolus capreolus,9
153,2021,Alces alces,9
153,2021,Capreolus capreolus,7
153,2022,Alces alces,7
153,2022,Capreolus capreolus,14
153,2023,Alces alces,7
153,2023,Capreolus capreolus,9
153,2024,Alces alces,11
153,2024,Canis lupus,1
153,2024,Capreolus capreolus,14
154,1999,Alces alces,13
154,1999,Capreolus capreolus,2
154,2000,Alces alces,25
154,2001,Alces alces,2
154,2002,Alces alces,9
154,2002,Capreolus capreolus,2
154,2003,Alces alces,7
154,2004,Alces alces,8
154,2005,Alces alces,6
154,2006,Alces alces,1
154,2007,Alces alces,20
154,2008,Alces alces,9
154,2009,Alces alces,28
154,2010,Alces alces,45
154,2011,Alces alces,37
154,2011,Capreolus capreolus,5
154,2012,Alces alces,26
154,2012,Capreolus capreolus,3
154,2013,Alces alces,31
154,2013,Capreolus capreolus,2
154,2014,Alces alces,53
154,2014,Capreolus capreolus,5
154,2015,Alces alces,58
154,2015,Capreolus capreolus,1
154,2016,Alces alces,64
154,2016,Capreolus capreolus,2
154,2017,Alces alces,97
154,2017,Capreolus capreolus,1
154,2018,Alces alces,108
154,2018,Capreolus capreolus,6
154,2019,Alces alces,58
154,2019,Capreolus capreolus,4
154,2020,Alces alces,56
154,2020,Capreolus capreolus,5
154,2021,Alces alces,104
154,2021,Capreolus capreolus,6
154,2022,Alces alces,102
154,2022,Canis lupus,1
154,2022,Capreolus capreolus,9
154,2023,Alces alces,64
154,2023,Capreolus capreolus,23
154,2024,Alces alces,65
154,2024,Capreolus capreolus,9
155,2000,Alces alces,9
155,2000,Capreolus capreolus,1
155,2001,Capreolus capreolus,1
155,2002,Alces alces,2
155,2002,Capreolus capreolus,1
155,2004,Alces alces,3
155,2008,Alces alces,11
155,2008,Capreolus capreolus,1
155,2009,Alces alces,10
155,2009,Capreolus capreolus,26
155,2010,Alces alces,17
155,2010,Capreolus capreolus,14
155,2011,Alces alces,5
155,2011,Capreolus capreolus,3
155,2012,Alces alces,1
155,2012,Capreolus capreolus,2
155,2013,Capreolus capreolus,3
155,2014,Alces alces,3
155,2014,Capreolus capreolus,6
155,2015,Alces alces,2
155,2015,Capreolus capreolus,5
155,2016,Alces alces,3
155,2016,Capreolus capreolus,4
155,2017,Alces alces,3
155,2017,Capreolus capreolus,21
155,2018,Alces alces,6
155,2018,Capreolus capreolus,14
155,2019,Alces alces,16
155,2019,Capreolus capreolus,17
155,2020,Alces alces,10
155,2020,Capreolus capreolus,18
155,2021,Alces alces,3
155,2021,Capreolus capreolus,11
155,2022,Alces alces,4
155,2022,Capreolus capreolus,6
155,2023,Alces alces,8
155,2023,Capreolus capreolus,7
155,2024,Alces alces,4
155,2024,Capreolus capreolus,12
156,2010,Capreolus capreolus,1
156,2014,Capreolus capreolus,1
156,2017,Alces alces,1
156,2017,Capreolus capreolus,1
156,2020,Alces alces,1
156,2022,Capreolus capreolus,1
156,2023,Alces alces,1
156,2023,Capreolus capreolus,1
156,2024,Alces alces,1
156,2024,Capreolus capreolus,1
166,1999,Capreolus capreolus,2
166,2002,Capreolus capreolus,1
166,2003,Capreolus capreolus,1
166,2005,Capreolus capreolus,1
166,2006,Capreolus capreolus,1
166,2007,Capreolus capreolus,17
166,2008,Capreolus capreolus,47
166,2009,Capreolus capreolus,7
166,2010,Capreolus capreolus,19
166,2011,Capreolus capreolus,49
166,2012,Alces alces,1
166,2012,Capreolus capreolus,11
166,2013,Capreolus capreolus,15
166,2014,Capreolus capreolus,11
166,2015,Capreolus capreolus,49
166,2016,Alces alces,2
166,2016,Capreolus capreolus,117
166,2017,Capreolus capreolus,79
166,2018,Capreolus capreolus,157
166,2019,Alces alces,3
166,2019,Capreolus capreolus,131
166,2020,Alces alces,1
166,2020,Capreolus capreolus,187
166,2021,Alces alces,1
166,2021,Capreolus capreolus,144
166,2022,Alces alces,1
166,2022,Capreolus capreolus,247
166,2023,Alces alces,1
166,2023,Capreolus capreolus,228
166,2024,Capreolus capreolus,269
167,1999,Alces alces,2
167,2001,Alces alces,1
167,2001,Capreolus capreolus,1
167,2002,Alces alces,2
167,2003,Alces alces,3
167,2003,Capreolus capreolus,1
167,2005,Alces alces,1
167,2007,Alces alces,1
167,2007,Capreolus capreolus,1
167,2008,Alces alces,1
167,2008,Capreolus capreolus,6
167,2009,Alces alces,2
167,2009,Capreolus capreolus,1
167,2010,Alces alces,1
167,2010,Capreolus capreolus,3
167,2011,Alces alces,3
167,2011,Capreolus capreolus,8
167,2012,Alces alces,5
167,2012,Capreolus capreolus,7
167,2013,Alces alces,3
167,2013,Capreolus capreolus,6
167,2014,Alces alces,1
167,2014,Capreolus capreolus,18
167,2015,Alces alces,8
167,2015,Capreolus capreolus,36
167,2016,Alces alces,14
167,2016,Capreolus capreolus,49
167,2017,Alces alces,13
167,2017,Capreolus capreolus,45
167,2018,Alces alces,14
167,2018,Capreolus capreolus,48
167,2019,Alces alces,14
167,2019,Capreolus capreolus,55
167,2020,Alces alces,32
167,2020,Capreolus capreolus,84
167,2021,Alces alces,45
167,2021,Capreolus capreolus,163
167,2022,Alces alces,20
167,2022,Capreolus capreolus,99
167,2023,Alces alces,20
167,2023,Capreolus capreolus,78
167,2024,Alces alces,23
167,2024,Capreolus capreolus,123
168,1999,Capreolus capreolus,1
168,2007,Capreolus capreolus,1
168,2008,Alces alces,3
168,2008,Capreolus capreolus,1
168,2009,Alces alces,1
168,2009,Capreolus capreolus,2
168,2010,Alces alces,2
168,2011,Alces alces,3
168,2011,Capreolus capreolus,6
168,2012,Capreolus capreolus,3
168,2013,Alces alces,4
168,2013,Capreolus capreolus,6
168,2014,Alces alces,3
168,2014,Capreolus capreolus,7
168,2015,Alces alces,8
168,2015,Capreolus capreolus,15
168,2016,Alces alces,6
168,2016,Capreolus capreolus,14
168,2017,Alces alces,9
168,2017,Capreolus capreolus,11
168,2018,Alces alces,6
168,2018,Capreolus capreolus,20
168,2019,Alces alces,6
168,2019,Capreolus capreolus,10
168,2020,Alces alces,14
168,2020,Capreolus capreolus,19
168,2021,Alces alces,11
168,2021,Capreolus capreolus,24
168,2022,Alces alces,12
168,2022,Capreolus capreolus,28
168,2023,Alces alces,17
168,2023,Capreolus capreolus,21
168,2024,Alces alces,18
168,2024,Capreolus capreolus,45
169,2000,Alces alces,1
169,2001,Alces alces,1
169,2003,Alces alces,2
169,2004,Alces alces,1
169,2007,Alces alces,1
169,2007,Capreolus capreolus,1
169,2008,Alces alces,1
169,2009,Alces alces,1
169,2009,Capreolus capreolus,1
169,2010,Alces alces,4
169,2010,Capreolus capreolus,1
169,2011,Alces alces,4
169,2011,Capreolus capreolus,4
169,2012,Alces alces,4
169,2012,Capreolus capreolus,2
169,2013,Alces alces,3
169,2013,Capreolus capreolus,4
169,2014,Alces alces,4
169,2014,Capreolus capreolus,5
169,2015,Alces alces,7
169,2015,Capreolus capreolus,8
169,2016,Alces alces,9
169,2016,Capreolus capreolus,8
169,2017,Alces alces,10
169,2017,Capreolus capreolus,14
169,2018,Alces alces,14
169,2018,Capreolus capreolus,18
169,2019,Alces alces,11
169,2019,Capreolus capreolus,20
169,2020,Alces alces,10
169,2020,Capreolus capreolus,23
169,2021,Alces alces,18
169,2021,Capreolus capreolus,22
169,2022,Alces alces,17
169,2022,Capreolus capreolus,15
169,2023,Alces alces,18
169,2023,Capreolus capreolus,16
169,2024,Alces alces,25
169,2024,Capreolus capreolus,19
170,2002,Capreolus capreolus,2
170,2003,Capreolus capreolus,1
170,2007,Alces alces,1
170,2007,Capreolus capreolus,2
170,2009,Alces alces,1
170,2011,Alces alces,3
170,2011,Capreolus capreolus,2
170,2012,Alces alces,1
170,2012,Capreolus capreolus,2
170,2013,Alces alces,1
170,2013,Capreolus capreolus,2
170,2014,Alces alces,4
170,2014,Capreolus capreolus,2
170,2015,Alces alces,8
170,2015,Capreolus capreolus,9
170,2016,Alces alces,5
170,2016,Capreolus capreolus,5
170,2017,Alces alces,2
170,2017,Capreolus capreolus,5
170,2018,Alces alces,6
170,2018,Capreolus capreolus,5
170,2019,Alces alces,3
170,2019,Capreolus capreolus,10
170,2020,Alces alces,4
170,2020,Capreolus capreolus,4
170,2021,Alces alces,12
170,2021,Capreolus capreolus,20
170,2022,Alces alces,17
170,2022,Capreolus capreolus,17
170,2023,Alces alces,9
170,2023,Capreolus capreolus,14
170,2024,Alces alces,7
170,2024,Capreolus capreolus,9
171,2003,Capreolus capreolus,1
171,2004,Capreolus capreolus,1
171,2008,Capreolus capreolus,2
171,2009,Alces alces,3
171,2010,Alces alces,4
171,2010,Capreolus capreolus,1
171,2011,Alces alces,10
171,2011,Capreolus capreolus,14
171,2012,Alces alces,15
171,2012,Capreolus capreolus,16
171,2013,Alces alces,3
171,2013,Capreolus capreolus,4
171,2014,Alces alces,1
171,2014,Capreolus capreolus,4
171,2015,Alces alces,15
171,2015,Capreolus capreolus,9
171,2016,Alces alces,26
171,2016,Capreolus capreolus,16
171,2017,Alces alces,27
171,2017,Capreolus capreolus,16
171,2018,Alces alces,23
171,2018,Capreolus capreolus,18
171,2019,Alces alces,33
171,2019,Capreolus capreolus,15
171,2020,Alces alces,25
171,2020,Capreolus capreolus,24
171,2021,Alces alces,35
171,2021,Capreolus capreolus,38
171,2022,Alces alces,22
171,2022,Capreolus capreolus,38
171,2023,Alces alces,27
171,2023,Capreolus capreolus,23
171,2024,Alces alces,20
171,2024,Canis lupus,4
171,2024,Capreolus capreolus,22
172,1999,Alces alces,4
172,1999,Capreolus capreolus,1
172,2000,Capreolus capreolus,3
172,2003,Alces alces,3
172,2004,Alces alces,1
172,2004,Capreolus capreolus,1
172,2005,Alces alces,1
172,2005,Capreolus capreolus,1
172,2006,Alces alces,1
172,2007,Alces alces,4
172,2008,Alces alces,1
172,2009,Alces alces,6
172,2009,Capreolus capreolus,2
172,2010,Alces alces,8
172,2010,Capreolus capreolus,1
172,2011,Alces alces,9
172,2011,Capreolus capreolus,6
172,2012,Alces alces,5
172,2012,Capreolus capreolus,3
172,2013,Alces alces,1
172,2013,Capreolus capreolus,6
172,2014,Alces alces,3
172,2014,Capreolus capreolus,4
172,2015,Alces alces,5
172,2015,Capreolus capreolus,17
172,2016,Alces alces,16
172,2016,Capreolus capreolus,14
172,2017,Alces alces,13
172,2017,Capreolus capreolus,23
172,2018,Alces alces,15
172,2018,Capreolus capreolus,26
172,2019,Alces alces,13
172,2019,Capreolus capreolus,20
172,2020,Alces alces,15
172,2020,Capreolus capreolus,20
172,2021,Alces alces,23
172,2021,Capreolus capreolus,29
172,2022,Alces alces,29
172,2022,Capreolus capreolus,35
172,2023,Alces alces,34
172,2023,Capreolus capreolus,40
172,2024,Alces alces,18
172,2024,Canis lupus,2
172,2024,Capreolus capreolus,38
173,2007,Capreolus capreolus,2
173,2009,Alces alces,1
173,2010,Alces alces,1
173,2011,Alces alces,1
173,2011,Capreolus capreolus,7
173,2012,Alces alces,4
173,2012,Capreolus capreolus,13
173,2013,Alces alces,1
173,2013,Capreolus capreolus,6
173,2014,Alces alces,1
173,2014,Capreolus capreolus,2
173,2015,Alces alces,17
173,2015,Capreolus capreolus,47
173,2016,Alces alces,6
173,2016,Capreolus capreolus,40
173,2017,Alces alces,22
173,2017,Capreolus capreolus,42
173,2018,Alces alces,3
173,2018,Capreolus capreolus,14
173,2019,Alces alces,4
173,2019,Capreolus capreolus,15
173,2020,Alces alces,14
173,2020,Capreolus capreolus,15
173,2021,Alces alces,23
173,2021,Capreolus capreolus,40
173,2022,Alces alces,8
173,2022,Capreolus capreolus,20
173,2023,Alces alces,11
173,2023,Capreolus capreolus,22
173,2024,Alces alces,27
173,2024,Capreolus capreolus,21
174,2006,Capreolus capreolus,1
174,2007,Alces alces,3
174,2007,Capreolus capreolus,2
174,2009,Capreolus capreolus,1
174,2010,Alces alces,1
174,2011,Alces alces,1
174,2011,Capreolus capreolus,2
174,2012,Alces alces,1
174,2012,Capreolus capreolus,1
174,2014,Capreolus capreolus,2
174,2015,Alces alces,6
174,2015,Capreolus capreolus,8
174,2016,Alces alces,7
174,2016,Capreolus capreolus,6
174,2017,Alces alces,8
174,2017,Capreolus capreolus,11
174,2018,Alces alces,6
174,2018,Capreolus capreolus,23
174,2019,Alces alces,2
174,2019,Capreolus capreolus,26
174,2020,Alces alces,6
174,2020,Capreolus capreolus,15
174,2021,Alces alces,5
174,2021,Capreolus capreolus,14
174,2022,Alces alces,10
174,2022,Capreolus capreolus,8
174,2023,Alces alces,7
174,2023,Capreolus capreolus,22
174,2024,Alces alces,10
174,2024,Capreolus capreolus,9
175,2001,Alces alces,2
175,2007,Capreolus capreolus,1
175,2008,Capreolus capreolus,3
175,2009,Capreolus capreolus,2
175,2010,Capreolus capreolus,1
175,2011,Alces alces,9
175,2011,Capreolus capreolus,3
175,2012,Alces alces,1
175,2012,Capreolus capreolus,2
175,2013,Alces alces,2
175,2013,Capreolus capreolus,3
175,2014,Alces alces,7
175,2014,Capreolus capreolus,1
175,2015,Alces alces,2
175,2015,Capreolus capreolus,20
175,2016,Alces alces,14
175,2016,Capreolus capreolus,13
175,2017,Alces alces,15
175,2017,Capreolus capreolus,23
175,2018,Alces alces,16
175,2018,Capreolus capreolus,21
175,2019,Alces alces,17
175,2019,Capreolus capreolus,37
175,2020,Alces alces,13
175,2020,Capreolus capreolus,21
175,2021,Alces alces,8
175,2021,Capreolus capreolus,17
175,2022,Alces alces,13
175,2022,Capreolus capreolus,15
175,2023,Alces alces,23
175,2023,Canis lupus,12
175,2023,Capreolus capreolus,14
175,2024,Alces alces,12
175,2024,Canis lupus,5
175,2024,Capreolus capreolus,19
176,2002,Alces alces,1
176,2003,Alces alces,1
176,2006,Alces alces,1
176,2011,Alces alces,2
176,2012,Alces alces,1
176,2013,Alces alces,13
176,2013,Capreolus capreolus,2
176,2014,Alces alces,11
176,2015,Alces alces,2
176,2015,Capreolus capreolus,1
176,2016,Alces alces,3
176,2016,Capreolus capreolus,3
176,2017,Alces alces,17
176,2017,Capreolus capreolus,17
176,2018,Alces alces,11
176,2018,Capreolus capreolus,11
176,2019,Alces alces,11
176,2019,Capreolus capreolus,7
176,2020,Alces alces,7
176,2020,Capreolus capreolus,10
176,2021,Alces alces,12
176,2021,Capreolus capreolus,5
176,2022,Alces alces,20
176,2022,Capreolus capreolus,8
176,2023,Alces alces,9
176,2023,Canis lupus,1
176,2023,Capreolus capreolus,5
176,2024,Alces alces,7
176,2024,Capreolus capreolus,6
177,2003,Alces alces,1
177,2008,Capreolus capreolus,1
177,2012,Alces alces,2
177,2012,Capreolus capreolus,1
177,2013,Alces alces,12
177,2013,Capreolus capreolus,10
177,2014,Alces alces,12
177,2014,Capreolus capreolus,8
177,2015,Alces alces,12
177,2015,Capreolus capreolus,1
177,2016,Alces alces,6
177,2016,Capreolus capreolus,2
177,2017,Alces alces,6
177,2017,Capreolus capreolus,2
177,2018,Alces alces,4
177,2018,Capreolus capreolus,3
177,2019,Alces alces,8
177,2019,Capreolus capreolus,1
177,2020,Alces alces,1
177,2020,Capreolus capreolus,1
177,2021,Alces alces,4
177,2021,Capreolus capreolus,4
177,2022,Alces alces,10
177,2022,Capreolus capreolus,7
177,2023,Alces alces,8
177,2023,Capreolus capreolus,13
177,2024,Alces alces,7
177,2024,Capreolus capreolus,12
178,2010,Alces alces,1
178,2010,Capreolus capreolus,2
178,2011,Alces alces,1
178,2011,Capreolus capreolus,2
178,2013,Alces alces,2
178,2013,Capreolus capreolus,3
178,2016,Alces alces,4
178,2016,Capreolus capreolus,2
178,2017,Alces alces,4
178,2017,Capreolus capreolus,1
178,2018,Alces alces,4
178,2018,Capreolus capreolus,2
178,2019,Alces alces,2
178,2019,Capreolus capreolus,5
178,2020,Alces alces,6
178,2020,Capreolus capreolus,5
178,2021,Alces alces,2
178,2021,Capreolus capreolus,6
178,2022,Capreolus capreolus,1
178,2023,Alces alces,5
178,2023,Capreolus capreolus,3
178,2024,Alces alces,3
178,2024,Capreolus capreolus,1
179,2000,Capreolus capreolus,1
179,2002,Alces alces,1
179,2003,Alces alces,1
179,2008,Alces alces,1
179,2009,Alces alces,1
179,2011,Capreolus capreolus,1
179,2013,Alces alces,1
179,2014,Canis lupus,4
179,2014,Capreolus capreolus,1
179,2015,Alces alces,5
179,2017,Alces alces,4
179,2017,Capreolus capreolus,1
179,2018,Alces alces,1
179,2019,Alces alces,1
179,2019,Capreolus capreolus,1
179,2020,Alces alces,1
179,2020,Capreolus capreolus,1
179,2021,Alces alces,2
179,2023,Alces alces,1
180,2008,Alces alces,1
180,2009,Alces alces,1
180,2010,Alces alces,2
180,2011,Alces alces,2
180,2014,Alces alces,1
180,2016,Capreolus capreolus,2
180,2018,Capreolus capreolus,2
180,2019,Alces alces,1
180,2020,Alces alces,5
180,2020,Capreolus capreolus,1
180,2021,Canis lupus,1
180,2022,Alces alces,1
180,2022,Capreolus capreolus,3
180,2023,Alces alces,5
180,2023,Capreolus capreolus,1
181,2009,Alces alces,1
181,2012,Alces alces,1
181,2012,Capreolus capreolus,1
181,2015,Alces alces,2
181,2015,Canis lupus,1
181,2016,Alces alces,2
181,2016,Capreolus capreolus,1
181,2017,Canis lupus,1
181,2017,Capreolus capreolus,1
181,2018,Alces alces,1
181,2018,Capreolus capreolus,1
181,2019,Alces alces,2
181,2019,Canis lupus,2
181,2019,Capreolus capreolus,2
181,2020,Alces alces,1
181,2020,Canis lupus,9
181,2020,Capreolus capreolus,2
181,2021,Alces alces,3
181,2021,Capreolus capreolus,1
181,2022,Alces alces,5
181,2022,Canis lupus,2
181,2022,Capreolus capreolus,8
181,2023,Alces alces,5
181,2024,Alces alces,3
181,2024,Canis lupus,1
181,2024,Capreolus capreolus,1
182,2009,Capreolus capreolus,1
182,2012,Capreolus capreolus,2
182,2014,Alces alces,1
182,2014,Canis lupus,14
182,2014,Capreolus capreolus,1
182,2015,Alces alces,1
182,2015,Canis lupus,1
182,2016,Canis lupus,6
182,2017,Canis lupus,1
182,2017,Capreolus capreolus,1
182,2018,Alces alces,1
182,2019,Alces alces,2
182,2019,Canis lupus,2
182,2019,Capreolus capreolus,2
182,2020,Canis lupus,4
182,2020,Capreolus capreolus,1
182,2021,Alces alces,4
182,2021,Canis lupus,7
182,2021,Capreolus capreolus,1
182,2022,Canis lupus,2
182,2022,Capreolus capreolus,2
182,2023,Alces alces,1
182,2023,Canis lupus,2
182,2023,Capreolus capreolus,1
182,2024,Alces alces,1
182,2024,Canis lupus,12
183,2006,Alces alces,1
183,2007,Capreolus capreolus,1
183,2008,Capreolus capreolus,1
183,2009,Alces alces,2
183,2009,Capreolus capreolus,1
183,2010,Capreolus capreolus,1
183,2011,Alces alces,2
183,2011,Capreolus capreolus,2
183,2012,Alces alces,1
183,2012,Capreolus capreolus,1
183,2013,Alces alces,1
183,2014,Alces alces,6
183,2014,Capreolus capreolus,2
183,2015,Alces alces,5
183,2015,Capreolus capreolus,12
183,2016,Alces alces,7
183,2016,Canis lupus,1
183,2016,Capreolus capreolus,27
183,2017,Alces alces,12
183,2017,Canis lupus,1
183,2017,Capreolus capreolus,25
183,2018,Alces alces,14
183,2018,Capreolus capreolus,12
183,2019,Alces alces,11
183,2019,Canis lupus,2
183,2019,Capreolus capreolus,13
183,2020,Alces alces,10
183,2020,Capreolus capreolus,25
183,2021,Alces alces,21
183,2021,Capreolus capreolus,46
183,2022,Alces alces,7
183,2022,Canis lupus,4
183,2022,Capreolus capreolus,28
183,2023,Alces alces,10
183,2023,Canis lupus,1
183,2023,Capreolus capreolus,28
183,2024,Alces alces,15
183,2024,Canis lupus,4
183,2024,Capreolus capreolus,26
184,2012,Alces alces,2
184,2014,Alces alces,3
184,2014,Capreolus capreolus,2
184,2015,Alces alces,9
184,2015,Capreolus capreolus,14
184,2016,Alces alces,4
184,2017,Alces alces,2
184,2017,Capreolus capreolus,1
184,2018,Alces alces,1
184,2018,Capreolus capreolus,1
184,2019,Alces alces,2
184,2020,Alces alces,5
184,2020,Capreolus capreolus,5
184,2021,Alces alces,2
184,2021,Canis lupus,1
184,2021,Capreolus capreolus,1
184,2022,Alces alces,4
184,2022,Capreolus capreolus,4
184,2023,Alces alces,12
184,2024,Alces alces,4
185,1999,Capreolus capreolus,3
185,2008,Alces alces,1
185,2009,Alces alces,3
185,2011,Alces alces,1
185,2012,Alces alces,2
185,2015,Alces alces,4
185,2015,Capreolus capreolus,1
185,2017,Capreolus capreolus,1
185,2018,Alces alces,3
185,2019,Alces alces,2
185,2020,Alces alces,1
185,2020,Canis lupus,2
185,2020,Capreolus capreolus,4
185,2021,Alces alces,2
185,2022,Alces alces,3
185,2022,Capreolus capreolus,3
185,2023,Alces alces,3
185,2024,Alces alces,2
185,2024,Capreolus capreolus,2
186,2001,Alces alces,1
186,2005,Alces alces,1
186,2008,Alces alces,1
186,2008,Capreolus capreolus,2
186,2009,Capreolus capreolus,1
186,2011,Alces alces,1
186,2014,Canis lupus,1
186,2015,Alces alces,2
186,2015,Capreolus capreolus,1
186,2016,Alces alces,1
186,2017,Alces alces,6
186,2017,Capreolus capreolus,3
186,2019,Alces alces,3
186,2019,Capreolus capreolus,1
186,2020,Alces alces,2
186,2020,Capreolus capreolus,3
186,2021,Alces alces,3
186,2022,Alces alces,1
186,2023,Alces alces,2
186,2024,Alces alces,3
187,2011,Alces alces,1
187,2014,Alces alces,1
187,2016,Alces alces,3
187,2018,Alces alces,1
187,2021,Alces alces,1
187,2022,Alces alces,1
187,2023,Capreolus capreolus,1
188,2000,Alces alces,1
188,2001,Alces alces,5
188,2002,Alces alces,6
188,2004,Canis lupus,1
188,2010,Alces alces,1
188,2011,Alces alces,1
188,2013,Alces alces,1
188,2015,Alces alces,3
188,2016,Capreolus capreolus,2
188,2017,Alces alces,12
188,2017,Capreolus capreolus,4
188,2018,Alces alces,32
188,2018,Capreolus capreolus,2
188,2019,Alces alces,33
188,2019,Capreolus capreolus,1
188,2020,Alces alces,3
188,2021,Alces alces,31
188,2021,Capreolus capreolus,4
188,2022,Alces alces,30
188,2022,Capreolus capreolus,2
188,2023,Alces alces,5
188,2023,Capreolus capreolus,1
188,2024,Alces alces,5
189,2002,Alces alces,1
189,2004,Canis lupus,2
189,2015,Capreolus capreolus,1
189,2017,Alces alces,1
189,2018,Alces alces,1
189,2019,Alces alces,1
189,2020,Alces alces,1
189,2021,Alces alces,3
189,2022,Alces alces,1
189,2022,Capreolus capreolus,1
189,2023,Alces alces,2
189,2023,Capreolus capreolus,1
190,2000,Alces alces,26
190,2000,Capreolus capreolus,2
190,2001,Alces alces,5
190,2002,Alces alces,7
190,2003,Alces alces,5
190,2004,Alces alces,7
190,2007,Alces alces,1
190,2009,Alces alces,13
190,2010,Alces alces,4
190,2010,Capreolus capreolus,1
190,2011,Alces alces,10
190,2011,Capreolus capreolus,1
190,2012,Alces alces,3
190,2012,Capreolus capreolus,3
190,2013,Alces alces,7
190,2014,Alces alces,2
190,2014,Capreolus capreolus,4
190,2015,Alces alces,13
190,2015,Capreolus capreolus,2
190,2016,Alces alces,11
190,2016,Capreolus capreolus,3
190,2017,Alces alces,13
190,2017,Capreolus capreolus,2
190,2018,Alces alces,14
190,2018,Capreolus capreolus,4
190,2019,Alces alces,14
190,2019,Capreolus capreolus,1
190,2020,Alces alces,11
190,2020,Capreolus capreolus,3
190,2021,Alces alces,23
190,2021,Capreolus capreolus,8
190,2022,Alces alces,25
190,2022,Capreolus capreolus,7
190,2023,Alces alces,18
190,2023,Capreolus capreolus,6
190,2024,Alces alces,25
190,2024,Capreolus capreolus,10
191,2000,Alces alces,2
191,2001,Alces alces,5
191,2002,Alces alces,3
191,2005,Alces alces,2
191,2010,Alces alces,1
191,2011,Alces alces,1
191,2012,Alces alces,1
191,2014,Alces alces,1
191,2015,Alces alces,1
191,2017,Alces alces,1
191,2017,Capreolus capreolus,2
191,2018,Alces alces,2
191,2019,Alces alces,1
191,2020,Alces alces,3
191,2020,Capreolus capreolus,1
191,2021,Alces alces,1
191,2021,Capreolus capreolus,2
191,2022,Alces alces,1
191,2022,Capreolus capreolus,3
191,2023,Alces alces,3
191,2023,Capreolus capreolus,3
191,2024,Alces alces,2
191,2024,Capreolus capreolus,2
192,1999,Alces alces,5
192,2000,Alces alces,6
192,2001,Alces alces,1
192,2001,Capreolus capreolus,1
192,2002,Alces alces,1
192,2004,Alces alces,2
192,2006,Alces alces,51
192,2007,Alces alces,1
192,2007,Capreolus capreolus,1
192,2008,Alces alces,2
192,2008,Capreolus capreolus,4
192,2009,Alces alces,21
192,2009,Capreolus capreolus,5
192,2010,Alces alces,37
192,2010,Capreolus capreolus,12
192,2011,Alces alces,15
192,2011,Capreolus capreolus,13
192,2012,Alces alces,8
192,2013,Alces alces,3
192,2013,Capreolus capreolus,1
192,2014,Alces alces,2
192,2014,Capreolus capreolus,3
192,2015,Alces alces,21
192,2015,Capreolus capreolus,4
192,2016,Alces alces,29
192,2016,Capreolus capreolus,6
192,2017,Alces alces,14
192,2017,Capreolus capreolus,14
192,2018,Alces alces,118
192,2018,Capreolus capreolus,12
192,2019,Alces alces,48
192,2019,Capreolus capreolus,16
192,2020,Alces alces,41
192,2020,Capreolus capreolus,7
192,2021,Alces alces,24
192,2021,Capreolus capreolus,14
192,2022,Alces alces,31
192,2022,Capreolus capreolus,12
192,2023,Alces alces,49
192,2023,Capreolus capreolus,13
192,2024,Alces alces,19
192,2024,Capreolus capreolus,13
193,2000,Alces alces,2
193,2001,Alces alces,1
193,2001,Capreolus capreolus,1
193,2006,Alces alces,7
193,2009,Alces alces,1
193,2012,Alces alces,1
193,2015,Alces alces,1
193,2016,Alces alces,4
193,2016,Capreolus capreolus,3
193,2017,Alces alces,1
193,2017,Capreolus capreolus,4
193,2018,Alces alces,4
193,2018,Capreolus capreolus,1
193,2019,Alces alces,4
193,2019,Capreolus capreolus,2
193,2020,Alces alces,6
193,2020,Capreolus capreolus,3
193,2021,Alces alces,1
193,2022,Alces alces,3
193,2023,Alces alces,1
193,2024,Alces alces,1
193,2024,Capreolus capreolus,1
194,2002,Alces alces,1
194,2005,Alces alces,2
194,2010,Alces alces,3
194,2011,Alces alces,1
194,2013,Alces alces,1
194,2015,Alces alces,10
194,2015,Capreolus capreolus,1
194,2016,Alces alces,137
194,2016,Capreolus capreolus,12
194,2017,Alces alces,168
194,2017,Capreolus capreolus,11
194,2018,Alces alces,84
194,2018,Capreolus capreolus,2
194,2019,Alces alces,100
194,2019,Capreolus capreolus,8
194,2020,Alces alces,86
194,2020,Capreolus capreolus,9
194,2021,Alces alces,73
194,2021,Capreolus capreolus,13
194,2022,Alces alces,117
194,2022,Capreolus capreolus,17
194,2023,Alces alces,87
194,2023,Capreolus capreolus,20
194,2024,Alces alces,72
194,2024,Capreolus capreolus,15
204,2001,Alces alces,1
204,2002,Alces alces,3
204,2002,Capreolus capreolus,1
204,2006,Alces alces,1
204,2007,Capreolus capreolus,2
204,2008,Capreolus capreolus,4
204,2010,Alces alces,1
204,2011,Capreolus capreolus,2
204,2012,Alces alces,4
204,2012,Capreolus capreolus,4
204,2013,Capreolus capreolus,5
204,2014,Alces alces,2
204,2014,Capreolus capreolus,4
204,2015,Alces alces,2
204,2015,Capreolus capreolus,13
204,2016,Alces alces,1
204,2016,Canis lupus,1
204,2016,Capreolus capreolus,16
204,2017,Alces alces,6
204,2017,Capreolus capreolus,24
204,2018,Alces alces,3
204,2018,Capreolus capreolus,24
204,2019,Alces alces,6
204,2019,Capreolus capreolus,40
204,2020,Alces alces,4
204,2020,Capreolus capreolus,45
204,2021,Alces alces,2
204,2021,Capreolus capreolus,25
204,2022,Alces alces,4
204,2022,Capreolus capreolus,38
204,2023,Alces alces,4
204,2023,Capreolus capreolus,52
204,2024,Alces alces,8
204,2024,Capreolus capreolus,46
205,1999,Alces alces,1
205,2000,Capreolus capreolus,1
205,2009,Alces alces,1
205,2009,Capreolus capreolus,4
205,2011,Alces alces,1
205,2011,Capreolus capreolus,2
205,2012,Capreolus capreolus,4
205,2013,Capreolus capreolus,6
205,2014,Alces alces,1
205,2014,Capreolus capreolus,3
205,2015,Alces alces,1
205,2015,Capreolus capreolus,9
205,2016,Alces alces,2
205,2016,Capreolus capreolus,20
205,2017,Capreolus capreolus,15
205,2018,Alces alces,3
205,2018,Capreolus capreolus,27
205,2019,Alces alces,17
205,2019,Capreolus capreolus,20
205,2020,Alces alces,9
205,2020,Capreolus capreolus,24
205,2021,Alces alces,5
205,2021,Capreolus capreolus,22
205,2022,Alces alces,16
205,2022,Capreolus capreolus,31
205,2023,Alces alces,10
205,2023,Capreolus capreolus,30
205,2024,Alces alces,15
205,2024,Capreolus capreolus,34
206,2002,Capreolus capreolus,1
206,2004,Alces alces,1
206,2009,Capreolus capreolus,1
206,2010,Alces alces,2
206,2010,Capreolus capreolus,1
206,2011,Capreolus capreolus,4
206,2012,Alces alces,1
206,2012,Capreolus capreolus,4
206,2013,Alces alces,5
206,2013,Capreolus capreolus,8
206,2014,Alces alces,5
206,2014,Capreolus capreolus,7
206,2015,Alces alces,3
206,2015,Capreolus capreolus,20
206,2016,Alces alces,5
206,2016,Capreolus capreolus,9
206,2017,Alces alces,6
206,2017,Capreolus capreolus,18
206,2018,Alces alces,6
206,2018,Capreolus capreolus,12
206,2019,Alces alces,6
206,2019,Capreolus capreolus,28
206,2020,Alces alces,16
206,2020,Capreolus capreolus,34
206,2021,Alces alces,8
206,2021,Capreolus capreolus,24
206,2022,Alces alces,11
206,2022,Capreolus capreolus,30
206,2023,Alces alces,14
206,2023,Capreolus capreolus,19
206,2024,Alces alces,9
206,2024,Capreolus capreolus,23
207,2002,Capreolus capreolus,1
207,2007,Capreolus capreolus,1
207,2008,Alces alces,1
207,2010,Alces alces,2
207,2011,Alces alces,2
207,2011,Capreolus capreolus,7
207,2012,Capreolus capreolus,1
207,2013,Alces alces,5
207,2013,Capreolus capreolus,11
207,2014,Alces alces,8
207,2014,Capreolus capreolus,14
207,2015,Alces alces,7
207,2015,Capreolus capreolus,30
207,2016,Alces alces,16
207,2016,Capreolus capreolus,39
207,2017,Alces alces,20
207,2017,Capreolus capreolus,45
207,2018,Alces alces,15
207,2018,Capreolus capreolus,36
207,2019,Alces alces,30
207,2019,Capreolus capreolus,74
207,2020,Alces alces,43
207,2020,Capreolus capreolus,84
207,2021,Alces alces,61
207,2021,Capreolus capreolus,81
207,2022,Alces alces,54
207,2022,Capreolus capreolus,62
207,2023,Alces alces,76
207,2023,Capreolus capreolus,85
207,2024,Alces alces,84
207,2024,Capreolus capreolus,118
208,2002,Capreolus capreolus,1
208,2003,Capreolus capreolus,1
208,2004,Capreolus capreolus,1
208,2007,Capreolus capreolus,1
208,2008,Alces alces,2
208,2008,Capreolus capreolus,2
208,2009,Alces alces,2
208,2009,Capreolus capreolus,5
208,2010,Alces alces,2
208,2010,Capreolus capreolus,2
208,2011,Alces alces,3
208,2011,Capreolus capreolus,4
208,2012,Alces alces,4
208,2012,Capreolus capreolus,2
208,2013,Alces alces,1
208,2013,Capreolus capreolus,3
208,2014,Alces alces,2
208,2014,Capreolus capreolus,2
208,2015,Alces alces,14
208,2015,Capreolus capreolus,26
208,2016,Alces alces,39
208,2016,Capreolus capreolus,54
208,2017,Alces alces,47
208,2017,Capreolus capreolus,89
208,2018,Alces alces,46
208,2018,Capreolus capreolus,41
208,2019,Alces alces,40
208,2019,Capreolus capreolus,38
208,2020,Alces alces,37
208,2020,Capreolus capreolus,48
208,2021,Alces alces,31
208,2021,Capreolus capreolus,37
208,2022,Alces alces,69
208,2022,Capreolus capreolus,58
208,2023,Alces alces,46
208,2023,Capreolus capreolus,61
208,2024,Alces alces,35
208,2024,Capreolus capreolus,31
209,2006,Alces alces,2
209,2007,Alces alces,1
209,2007,Capreolus capreolus,2
209,2008,Alces alces,1
209,2008,Capreolus capreolus,1
209,2010,Alces alces,3
209,2010,Capreolus capreolus,4
209,2011,Capreolus capreolus,6
209,2012,Alces alces,16
209,2012,Capreolus capreolus,11
209,2013,Alces alces,11
209,2013,Capreolus capreolus,21
209,2014,Alces alces,5
209,2014,Capreolus capreolus,8
209,2015,Alces alces,7
209,2015,Capreolus capreolus,22
209,2016,Alces alces,6
209,2016,Capreolus capreolus,24
209,2017,Alces alces,12
209,2017,Capreolus capreolus,23
209,2018,Alces alces,16
209,2018,Capreolus capreolus,17
209,2019,Alces alces,15
209,2019,Capreolus capreolus,21
209,2020,Alces alces,25
209,2020,Capreolus capreolus,33
209,2021,Alces alces,28
209,2021,Capreolus capreolus,46
209,2022,Alces alces,26
209,2022,Capreolus capreolus,41
209,2023,Alces alces,23
209,2023,Capreolus capreolus,16
209,2024,Alces alces,35
209,2024,Capreolus capreolus,54
210,2007,Capreolus capreolus,1
210,2008,Capreolus capreolus,7
210,2009,Alces alces,1
210,2009,Capreolus capreolus,1
210,2010,Alces alces,2
210,2010,Capreolus capreolus,1
210,2011,Alces alces,1
210,2011,Capreolus capreolus,5
210,2012,Alces alces,1
210,2012,Capreolus capreolus,3
210,2013,Capreolus capreolus,5
210,2014,Capreolus capreolus,1
210,2015,Alces alces,1
210,2015,Capreolus capreolus,11
210,2016,Alces alces,2
210,2016,Capreolus capreolus,19
210,2017,Alces alces,1
210,2017,Capreolus capreolus,8
210,2018,Capreolus capreolus,14
210,2019,Alces alces,5
210,2019,Capreolus capreolus,20
210,2020,Alces alces,18
210,2020,Capreolus capreolus,16
210,2021,Alces alces,6
210,2021,Capreolus capreolus,15
210,2022,Alces alces,9
210,2022,Capreolus capreolus,11
210,2023,Alces alces,6
210,2023,Capreolus capreolus,16
210,2024,Alces alces,7
210,2024,Capreolus capreolus,28
211,2002,Alces alces,1
211,2003,Alces alces,2
211,2008,Alces alces,4
211,2008,Capreolus capreolus,4
211,2009,Capreolus capreolus,1
211,2011,Alces alces,1
211,2011,Capreolus capreolus,2
211,2013,Alces alces,1
211,2013,Capreolus capreolus,2
211,2014,Alces alces,2
211,2014,Capreolus capreolus,2
211,2015,Alces alces,4
211,2015,Capreolus capreolus,3
211,2016,Alces alces,2
211,2016,Capreolus capreolus,5
211,2017,Alces alces,3
211,2017,Capreolus capreolus,4
211,2018,Alces alces,2
211,2018,Capreolus capreolus,3
211,2019,Alces alces,8
211,2019,Capreolus capreolus,10
211,2020,Alces alces,7
211,2020,Capreolus capreolus,10
211,2021,Alces alces,5
211,2021,Capreolus capreolus,15
211,2022,Alces alces,4
211,2022,Capreolus capreolus,8
211,2023,Alces alces,11
211,2023,Capreolus capreolus,13
211,2024,Alces alces,10
211,2024,Capreolus capreolus,15
212,2000,Alces alces,1
212,2008,Alces alces,1
212,2009,Alces alces,2
212,2009,Capreolus capreolus,3
212,2010,Alces alces,1
212,2010,Capreolus capreolus,2
212,2011,Alces alces,7
212,2011,Capreolus capreolus,3
212,2013,Alces alces,2
212,2013,Capreolus capreolus,2
212,2014,Capreolus capreolus,6
212,2015,Alces alces,16
212,2015,Capreolus capreolus,18
212,2016,Alces alces,8
212,2016,Capreolus capreolus,19
212,2017,Alces alces,17
212,2017,Capreolus capreolus,19
212,2018,Alces alces,12
212,2018,Capreolus capreolus,18
212,2019,Alces alces,21
212,2019,Capreolus capreolus,16
212,2020,Alces alces,17
212,2020,Capreolus capreolus,38
212,2021,Alces alces,22
212,2021,Capreolus capreolus,32
212,2022,Alces alces,13
212,2022,Capreolus capreolus,19
212,2023,Alces alces,30
212,2023,Canis lupus,8
212,2023,Capreolus capreolus,23
212,2024,Alces alces,10
212,2024,Canis lupus,6
212,2024,Capreolus capreolus,15
213,2001,Alces alces,1
213,2009,Alces alces,3
213,2009,Capreolus capreolus,4
213,2011,Alces alces,1
213,2011,Capreolus capreolus,3
213,2012,Alces alces,2
213,2012,Capreolus capreolus,2
213,2014,Alces alces,6
213,2014,Capreolus capreolus,4
213,2015,Alces alces,6
213,2015,Capreolus capreolus,9
213,2016,Alces alces,5
213,2016,Capreolus capreolus,5
213,2017,Alces alces,8
213,2017,Capreolus capreolus,9
213,2018,Alces alces,14
213,2018,Capreolus capreolus,5
213,2019,Alces alces,20
213,2019,Capreolus capreolus,13
213,2020,Alces alces,13
213,2020,Capreolus capreolus,12
213,2021,Alces alces,12
213,2021,Capreolus capreolus,10
213,2022,Alces alces,18
213,2022,Capreolus capreolus,6
213,2023,Alces alces,21
213,2023,Canis lupus,6
213,2023,Capreolus capreolus,8
213,2024,Alces alces,23
213,2024,Canis lupus,5
213,2024,Capreolus capreolus,9
214,2007,Alces alces,2
214,2012,Alces alces,1
214,2012,Capreolus capreolus,1
214,2014,Alces alces,1
214,2015,Alces alces,6
214,2015,Capreolus capreolus,9
214,2016,Alces alces,4
214,2016,Capreolus capreolus,4
214,2017,Alces alces,5
214,2017,Capreolus capreolus,5
214,2018,Alces alces,1
214,2018,Capreolus capreolus,3
214,2019,Alces alces,1
214,2019,Capreolus capreolus,1
214,2020,Alces alces,4
214,2020,Capreolus capreolus,2
214,2021,Alces alces,2
214,2021,Capreolus capreolus,3
214,2022,Alces alces,2
214,2022,Capreolus capreolus,2
214,2023,Alces alces,7
214,2023,Capreolus capreolus,8
214,2024,Alces alces,1
214,2024,Capreolus capreolus,6
215,1999,Canis lupus,1
215,2002,Alces alces,1
215,2011,Capreolus capreolus,2
215,2012,Alces alces,2
215,2012,Capreolus capreolus,1
215,2013,Alces alces,2
215,2014,Alces alces,1
215,2014,Capreolus capreolus,1
215,2015,Alces alces,2
215,2015,Capreolus capreolus,4
215,2016,Alces alces,1
215,2016,Capreolus capreolus,1
215,2017,Alces alces,6
215,2017,Capreolus capreolus,7
215,2018,Alces alces,1
215,2018,Capreolus capreolus,2
215,2019,Alces alces,2
215,2019,Capreolus capreolus,2
215,2020,Alces alces,4
215,2020,Capreolus capreolus,4
215,2021,Alces alces,1
215,2021,Capreolus capreolus,1
215,2022,Alces alces,2
215,2022,Capreolus capreolus,4
215,2023,Alces alces,2
215,2024,Alces alces,4
215,2024,Capreolus capreolus,4
216,2007,Alces alces,2
216,2007,Capreolus capreolus,1
216,2009,Alces alces,2
216,2011,Alces alces,2
216,2011,Capreolus capreolus,2
216,2012,Alces alces,2
216,2012,Capreolus capreolus,4
216,2013,Alces alces,2
216,2013,Capreolus capreolus,3
216,2014,Alces alces,1
216,2014,Capreolus capreolus,4
216,2015,Alces alces,11
216,2015,Capreolus capreolus,9
216,2016,Alces alces,14
216,2016,Capreolus capreolus,23
216,2017,Alces alces,14
216,2017,Capreolus capreolus,17
216,2018,Alces alces,8
216,2018,Capreolus capreolus,10
216,2019,Alces alces,11
216,2019,Capreolus capreolus,13
216,2020,Alces alces,18
216,2020,Capreolus capreolus,12
216,2021,Alces alces,14
216,2021,Capreolus capreolus,13
216,2022,Alces alces,10
216,2022,Capreolus capreolus,21
216,2023,Alces alces,13
216,2023,Capreolus capreolus,12
216,2024,Alces alces,11
216,2024,Capreolus capreolus,9
217,2007,Alces alces,1
217,2008,Capreolus capreolus,1
217,2011,Alces alces,1
217,2011,Capreolus capreolus,1
217,2012,Alces alces,1
217,2012,Capreolus capreolus,1
217,2013,Alces alces,1
217,2013,Capreolus capreolus,1
217,2014,Alces alces,3
217,2014,Capreolus capreolus,1
217,2015,Alces alces,1
217,2015,Capreolus capreolus,1
217,2016,Alces alces,4
217,2016,Canis lupus,1
217,2016,Capreolus capreolus,2
217,2017,Alces alces,6
217,2017,Capreolus capreolus,1
217,2018,Alces alces,6
217,2018,Capreolus capreolus,2
217,2019,Alces alces,4
217,2019,Capreolus capreolus,2
217,2020,Alces alces,2
217,2020,Capreolus capreolus,2
217,2021,Alces alces,7
217,2021,Capreolus capreolus,3
217,2022,Alces alces,2
217,2022,Capreolus capreolus,2
217,2023,Alces alces,4
217,2023,Capreolus capreolus,3
217,2024,Alces alces,7
217,2024,Capreolus capreolus,4
218,2011,Capreolus capreolus,1
218,2012,Canis lupus,1
218,2014,Alces alces,2
218,2015,Capreolus capreolus,1
218,2016,Alces alces,1
218,2016,Capreolus capreolus,2
218,2017,Alces alces,4
218,2017,Capreolus capreolus,5
218,2018,Capreolus capreolus,3
218,2019,Capreolus capreolus,5
218,2020,Alces alces,2
218,2020,Canis lupus,2
218,2020,Capreolus capreolus,8
218,2021,Alces alces,2
218,2021,Canis lupus,3
218,2021,Capreolus capreolus,2
218,2022,Alces alces,3
218,2022,Capreolus capreolus,5
218,2023,Alces alces,2
218,2023,Capreolus capreolus,3
218,2024,Alces alces,3
218,2024,Capreolus capreolus,3
219,2014,Alces alces,1
219,2014,Capreolus capreolus,1
219,2016,Canis lupus,6
219,2017,Alces alces,1
219,2017,Capreolus capreolus,2
219,2018,Alces alces,2
219,2019,Alces alces,2
219,2019,Canis lupus,1
219,2020,Alces alces,2
219,2020,Capreolus capreolus,1
219,2021,Alces alces,2
219,2021,Canis lupus,2
219,2021,Capreolus capreolus,1
219,2022,Alces alces,1
219,2022,Canis lupus,1
219,2022,Capreolus capreolus,1
219,2023,Alces alces,1
220,2011,Alces alces,1
220,2015,Alces alces,3
220,2015,Capreolus capreolus,3
220,2017,Alces alces,1
220,2019,Alces alces,2
220,2019,Canis lupus,20
220,2020,Capreolus capreolus,1
220,2021,Alces alces,1
220,2021,Capreolus capreolus,1
220,2022,Capreolus capreolus,2
220,2023,Alces alces,1
220,2023,Capreolus capreolus,5
220,2024,Alces alces,4
220,2024,Capreolus capreolus,3
221,2009,Capreolus capreolus,1
221,2013,Alces alces,2
221,2013,Capreolus capreolus,3
221,2015,Alces alces,4
221,2015,Capreolus capreolus,3
221,2016,Alces alces,4
221,2016,Capreolus capreolus,2
221,2017,Alces alces,5
221,2017,Capreolus capreolus,4
221,2018,Alces alces,5
221,2018,Capreolus capreolus,5
221,2019,Alces alces,3
221,2019,Capreolus capreolus,3
221,2020,Alces alces,7
221,2020,Capreolus capreolus,19
221,2021,Alces alces,7
221,2021,Capreolus capreolus,29
221,2022,Alces alces,7
221,2022,Capreolus capreolus,25
221,2023,Alces alces,3
221,2023,Capreolus capreolus,72
221,2024,Alces alces,7
221,2024,Capreolus capreolus,132
222,2008,Alces alces,1
222,2011,Alces alces,1
222,2011,Capreolus capreolus,1
222,2012,Capreolus capreolus,1
222,2014,Alces alces,2
222,2015,Alces alces,3
222,2015,Capreolus capreolus,1
222,2016,Alces alces,3
222,2016,Canis lupus,1
222,2016,Capreolus capreolus,3
222,2017,Alces alces,3
222,2017,Capreolus capreolus,3
222,2018,Alces alces,2
222,2018,Capreolus capreolus,1
222,2019,Alces alces,1
222,2020,Alces alces,3
222,2021,Capreolus capreolus,1
222,2022,Alces alces,4
222,2022,Capreolus capreolus,1
222,2023,Alces alces,5
222,2023,Capreolus capreolus,6
222,2024,Alces alces,10
222,2024,Capreolus capreolus,8
223,2002,Alces alces,1
223,2011,Alces alces,1
223,2015,Capreolus capreolus,1
223,2016,Alces alces,1
223,2017,Alces alces,6
223,2018,Alces alces,1
223,2018,Capreolus capreolus,2
223,2019,Alces alces,3
223,2019,Capreolus capreolus,3
223,2020,Alces alces,5
223,2020,Capreolus capreolus,3
223,2021,Capreolus capreolus,2
223,2022,Alces alces,2
223,2022,Capreolus capreolus,1
223,2023,Alces alces,8
223,2023,Capreolus capreolus,2
223,2024,Alces alces,5
223,2024,Capreolus capreolus,5
224,2015,Alces alces,1
224,2015,Capreolus capreolus,2
224,2016,Alces alces,3
224,2017,Alces alces,2
224,2017,Capreolus capreolus,1
224,2018,Alces alces,2
224,2019,Alces alces,2
224,2019,Capreolus capreolus,1
224,2020,Alces alces,1
224,2021,Alces alces,2
224,2021,Capreolus capreolus,1
224,2022,Alces alces,1
224,2022,Capreolus capreolus,1
224,2023,Alces alces,4
224,2024,Capreolus capreolus,1
225,2004,Alces alces,1
225,2008,Alces alces,1
225,2011,Alces alces,2
225,2014,Alces alces,1
225,2017,Alces alces,2
225,2018,Alces alces,1
225,2019,Alces alces,2
225,2020,Alces alces,1
225,2020,Capreolus capreolus,1
225,2021,Alces alces,2
225,2021,Capreolus capreolus,1
225,2022,Alces alces,1
225,2023,Alces alces,4
225,2023,Capreolus capreolus,2
225,2024,Alces alces,2
226,2008,Capreolus capreolus,1
226,2009,Alces alces,1
226,2010,Alces alces,4
226,2010,Capreolus capreolus,1
226,2015,Alces alces,2
226,2015,Capreolus capreolus,1
226,2016,Alces alces,1
226,2016,Capreolus capreolus,1
226,2017,Capreolus capreolus,2
226,2018,Alces alces,1
226,2018,Capreolus capreolus,1
226,2020,Alces alces,2
226,2020,Capreolus capreolus,1
226,2021,Capreolus capreolus,1
226,2022,Capreolus capreolus,2
226,2023,Alces alces,3
226,2023,Capreolus capreolus,2
226,2024,Alces alces,1
226,2024,Capreolus capreolus,1
227,2001,Alces alces,1
227,2003,Alces alces,1
227,2009,Alces alces,1
227,2010,Capreolus capreolus,2
227,2011,Alces alces,3
227,2011,Capreolus capreolus,2
227,2012,Alces alces,1
227,2013,Alces alces,2
227,2014,Alces alces,1
227,2014,Capreolus capreolus,2
227,2015,Capreolus capreolus,1
227,2016,Alces alces,1
227,2017,Alces alces,3
227,2017,Capreolus capreolus,1
227,2018,Alces alces,1
227,2019,Alces alces,1
227,2019,Capreolus capreolus,2
227,2020,Capreolus capreolus,3
227,2021,Alces alces,3
227,2022,Alces alces,2
227,2022,Capreolus capreolus,1
227,2023,Alces alces,2
227,2023,Capreolus capreolus,6
227,2024,Alces alces,7
227,2024,Capreolus capreolus,2
228,2011,Alces alces,1
228,2012,Alces alces,1
228,2013,Alces alces,1
228,2016,Alces alces,3
228,2019,Alces alces,3
228,2021,Alces alces,5
228,2023,Alces alces,1
229,1999,Alces alces,2
229,2000,Alces alces,1
229,2001,Alces alces,8
229,2002,Alces alces,4
229,2003,Capreolus capreolus,1
229,2004,Alces alces,1
229,2007,Alces alces,1
229,2008,Alces alces,2
229,2013,Alces alces,1
229,2015,Alces alces,4
229,2015,Capreolus capreolus,2
229,2016,Alces alces,3
229,2017,Alces alces,3
229,2017,Capreolus capreolus,1
229,2018,Alces alces,6
229,2018,Capreolus capreolus,1
229,2019,Alces alces,4
229,2020,Alces alces,5
229,2020,Capreolus capreolus,2
229,2021,Alces alces,4
229,2021,Capreolus capreolus,2
229,2022,Alces alces,3
229,2022,Capreolus capreolus,2
229,2023,Alces alces,7
229,2023,Capreolus capreolus,2
229,2024,Capreolus capreolus,3
230,1999,Alces alces,1
230,2001,Alces alces,1
230,2001,Capreolus capreolus,2
230,2002,Alces alces,4
230,2004,Alces alces,2
230,2004,Capreolus capreolus,1
230,2005,Alces alces,1
230,2006,Capreolus capreolus,1
230,2008,Alces alces,1
230,2009,Capreolus capreolus,1
230,2012,Alces alces,1
230,2014,Alces alces,1
230,2015,Alces alces,5
230,2016,Alces alces,4
230,2016,Capreolus capreolus,3
230,2017,Alces alces,6
230,2017,Capreolus capreolus,3
230,2018,Alces alces,3
230,2018,Capreolus capreolus,1
230,2019,Alces alces,2
230,2019,Capreolus capreolus,3
230,2020,Alces alces,2
230,2020,Capreolus capreolus,5
230,2021,Alces alces,1
230,2021,Capreolus capreolus,5
230,2022,Alces alces,3
230,2022,Capreolus capreolus,3
230,2023,Alces alces,2
230,2023,Capreolus capreolus,1
230,2024,Alces alces,3
230,2024,Capreolus capreolus,2
231,2001,Alces alces,3
231,2002,Alces alces,5
231,2016,Alces alces,2
231,2017,Alces alces,6
231,2018,Alces alces,8
231,2018,Capreolus capreolus,1
231,2019,Alces alces,8
231,2020,Alces alces,6
231,2021,Alces alces,5
231,2022,Alces alces,3
231,2023,Alces alces,4
231,2024,Alces alces,6
232,1999,Alces alces,1
232,2000,Alces alces,1
232,2002,Alces alces,1
232,2009,Alces alces,1
232,2011,Alces alces,1
232,2015,Alces alces,2
232,2015,Capreolus capreolus,1
232,2016,Alces alces,26
232,2017,Alces alces,31
232,2017,Capreolus capreolus,2
232,2018,Alces alces,20
232,2018,Capreolus capreolus,1
232,2019,Alces alces,9
232,2019,Capreolus capreolus,3
232,2020,Alces alces,4
232,2021,Alces alces,3
232,2021,Capreolus capreolus,2
232,2022,Alces alces,9
232,2022,Capreolus capreolus,1
232,2023,Alces alces,8
232,2023,Capreolus capreolus,1
232,2024,Alces alces,9
232,2024,Capreolus capreolus,4
233,1999,Alces alces,8
233,2000,Alces alces,2
233,2002,Alces alces,6
233,2003,Alces alces,1
233,2005,Alces alces,1
233,2008,Alces alces,3
233,2010,Alces alces,1
233,2013,Alces alces,4
233,2014,Alces alces,5
233,2014,Capreolus capreolus,1
233,2015,Alces alces,4
233,2015,Capreolus capreolus,3
233,2016,Alces alces,15
233,2017,Alces alces,12
233,2017,Capreolus capreolus,1
233,2018,Alces alces,19
233,2018,Capreolus capreolus,6
233,2019,Alces alces,23
233,2020,Alces alces,23
233,2020,Capreolus capreolus,1
233,2021,Alces alces,18
233,2021,Capreolus capreolus,1
233,2022,Alces alces,36
233,2022,Canis lupus,1
233,2022,Capreolus capreolus,1
233,2023,Alces alces,29
233,2023,Capreolus capreolus,4
233,2024,Alces alces,27
233,2024,Canis lupus,1
233,2024,Capreolus capreolus,1
234,1999,Alces alces,4
234,2002,Alces alces,1
234,2003,Alces alces,1
234,2007,Alces alces,1
234,2010,Alces alces,1
234,2011,Alces alces,1
234,2014,Alces alces,2
234,2015,Alces alces,2
234,2016,Alces alces,10
234,2017,Alces alces,2
234,2018,Alces alces,4
234,2019,Alces alces,4
234,2019,Capreolus capreolus,1
234,2020,Alces alces,3
234,2021,Alces alces,4
234,2021,Capreolus capreolus,1
234,2022,Alces alces,8
234,2023,Alces alces,24
234,2024,Alces alces,18
243,2002,Capreolus capreolus,1
243,2006,Alces alces,1
243,2009,Alces alces,1
243,2015,Capreolus capreolus,2
243,2016,Alces alces,1
243,2016,Capreolus capreolus,7
243,2017,Alces alces,3
243,2017,Capreolus capreolus,1
243,2018,Alces alces,2
243,2018,Capreolus capreolus,5
243,2019,Alces alces,3
243,2019,Capreolus capreolus,2
243,2020,Alces alces,2
243,2020,Capreolus capreolus,6
243,2021,Alces alces,6
243,2021,Capreolus capreolus,17
243,2022,Alces alces,3
243,2022,Capreolus capreolus,8
243,2023,Alces alces,2
243,2023,Capreolus capreolus,11
243,2024,Alces alces,4
243,2024,Capreolus capreolus,11
244,1999,Alces alces,1
244,2001,Alces alces,1
244,2002,Alces alces,1
244,2003,Alces alces,2
244,2004,Alces alces,1
244,2005,Alces alces,1
244,2006,Alces alces,1
244,2008,Alces alces,1
244,2008,Capreolus capreolus,1
244,2009,Alces alces,4
244,2009,Canis lupus,1
244,2009,Capreolus capreolus,1
244,2010,Alces alces,3
244,2010,Capreolus capreolus,1
244,2011,Alces alces,1
244,2011,Capreolus capreolus,5
244,2012,Alces alces,1
244,2012,Capreolus capreolus,2
244,2013,Capreolus capreolus,3
244,2014,Alces alces,1
244,2014,Capreolus capreolus,12
244,2015,Alces alces,10
244,2015,Capreolus capreolus,14
244,2016,Alces alces,12
244,2016,Capreolus capreolus,13
244,2017,Alces alces,12
244,2017,Capreolus capreolus,3
244,2018,Alces alces,4
244,2018,Capreolus capreolus,15
244,2019,Alces alces,9
244,2019,Capreolus capreolus,8
244,2020,Alces alces,4
244,2020,Capreolus capreolus,12
244,2021,Alces alces,7
244,2021,Capreolus capreolus,21
244,2022,Alces alces,6
244,2022,Capreolus capreolus,30
244,2023,Alces alces,2
244,2023,Capreolus capreolus,29
244,2024,Alces alces,13
244,2024,Capreolus capreolus,24
245,2008,Capreolus capreolus,1
245,2009,Alces alces,1
245,2010,Alces alces,6
245,2010,Capreolus capreolus,8
245,2011,Alces alces,6
245,2011,Capreolus capreolus,9
245,2012,Alces alces,6
245,2012,Capreolus capreolus,15
245,2013,Alces alces,13
245,2013,Capreolus capreolus,10
245,2014,Alces alces,5
245,2014,Capreolus capreolus,8
245,2015,Alces alces,6
245,2015,Capreolus capreolus,13
245,2016,Alces alces,1
245,2016,Capreolus capreolus,12
245,2017,Alces alces,12
245,2017,Capreolus capreolus,27
245,2018,Alces alces,5
245,2018,Capreolus capreolus,23
245,2019,Alces alces,10
245,2019,Capreolus capreolus,30
245,2020,Alces alces,23
245,2020,Capreolus capreolus,25
245,2021,Alces alces,18
245,2021,Capreolus capreolus,29
245,2022,Alces alces,17
245,2022,Capreolus capreolus,33
245,2023,Alces alces,35
245,2023,Capreolus capreolus,44
245,2024,Alces alces,39
245,2024,Capreolus capreolus,86
246,2008,Alces alces,2
246,2008,Capreolus capreolus,1
246,2009,Alces alces,1
246,2009,Capreolus capreolus,6
246,2010,Alces alces,3
246,2010,Capreolus capreolus,2
246,2011,Alces alces,4
246,2011,Capreolus capreolus,11
246,2012,Alces alces,3
246,2012,Capreolus capreolus,6
246,2013,Alces alces,3
246,2013,Capreolus capreolus,11
246,2014,Alces alces,6
246,2014,Capreolus capreolus,6
246,2015,Alces alces,24
246,2015,Capreolus capreolus,28
246,2016,Alces alces,26
246,2016,Capreolus capreolus,39
246,2017,Alces alces,13
246,2017,Capreolus capreolus,32
246,2018,Alces alces,13
246,2018,Capreolus capreolus,19
246,2019,Alces alces,5
246,2019,Capreolus capreolus,29
246,2020,Alces alces,19
246,2020,Capreolus capreolus,25
246,2021,Alces alces,17
246,2021,Capreolus capreolus,29
246,2022,Alces alces,5
246,2022,Capreolus capreolus,40
246,2023,Alces alces,19
246,2023,Capreolus capreolus,32
246,2024,Alces alces,22
246,2024,Capreolus capreolus,42
247,2005,Alces alces,1
247,2008,Alces alces,1
247,2008,Capreolus capreolus,3
247,2009,Alces alces,1
247,2010,Alces alces,1
247,2010,Capreolus capreolus,2
247,2011,Alces alces,4
247,2011,Capreolus capreolus,9
247,2012,Capreolus capreolus,3
247,2013,Capreolus capreolus,8
247,2014,Capreolus capreolus,3
247,2015,Alces alces,6
247,2015,Capreolus capreolus,15
247,2016,Alces alces,2
247,2016,Capreolus capreolus,13
247,2017,Alces alces,5
247,2017,Capreolus capreolus,16
247,2018,Alces alces,8
247,2018,Capreolus capreolus,15
247,2019,Alces alces,2
247,2019,Capreolus capreolus,22
247,2020,Alces alces,9
247,2020,Capreolus capreolus,21
247,2021,Alces alces,11
247,2021,Capreolus capreolus,20
247,2022,Alces alces,12
247,2022,Capreolus capreolus,22
247,2023,Alces alces,12
247,2023,Capreolus capreolus,11
247,2024,Alces alces,8
247,2024,Capreolus capreolus,27
248,1999,Alces alces,1
248,2007,Alces alces,1
248,2007,Capreolus capreolus,5
248,2008,Alces alces,2
248,2008,Capreolus capreolus,5
248,2009,Alces alces,4
248,2009,Capreolus capreolus,4
248,2010,Alces alces,2
248,2010,Capreolus capreolus,2
248,2011,Alces alces,3
248,2011,Capreolus capreolus,4
248,2012,Alces alces,2
248,2012,Capreolus capreolus,15
248,2013,Alces alces,5
248,2013,Capreolus capreolus,8
248,2014,Alces alces,2
248,2014,Capreolus capreolus,8
248,2015,Alces alces,10
248,2015,Capreolus capreolus,11
248,2016,Alces alces,7
248,2016,Capreolus capreolus,19
248,2017,Alces alces,11
248,2017,Capreolus capreolus,17
248,2018,Alces alces,5
248,2018,Capreolus capreolus,13
248,2019,Alces alces,3
248,2019,Capreolus capreolus,22
248,2020,Alces alces,10
248,2020,Capreolus capreolus,22
248,2021,Alces alces,15
248,2021,Capreolus capreolus,24
248,2022,Alces alces,14
248,2022,Capreolus capreolus,16
248,2023,Alces alces,18
248,2023,Capreolus capreolus,18
248,2024,Alces alces,17
248,2024,Capreolus capreolus,21
249,1999,Alces alces,1
249,2007,Alces alces,1
249,2008,Capreolus capreolus,1
249,2009,Capreolus capreolus,1
249,2010,Capreolus capreolus,1
249,2011,Alces alces,3
249,2011,Capreolus capreolus,4
249,2012,Capreolus capreolus,5
249,2013,Capreolus capreolus,3
249,2014,Capreolus capreolus,5
249,2015,Alces alces,1
249,2015,Capreolus capreolus,6
249,2016,Alces alces,6
249,2016,Capreolus capreolus,11
249,2017,Alces alces,1
249,2017,Capreolus capreolus,11
249,2018,Alces alces,2
249,2018,Capreolus capreolus,14
249,2019,Alces alces,4
249,2019,Capreolus capreolus,19
249,2020,Alces alces,8
249,2020,Capreolus capreolus,29
249,2021,Alces alces,6
249,2021,Capreolus capreolus,17
249,2022,Alces alces,9
249,2022,Capreolus capreolus,19
249,2023,Alces alces,7
249,2023,Capreolus capreolus,33
249,2024,Alces alces,14
249,2024,Capreolus capreolus,63
250,2003,Capreolus capreolus,5
250,2004,Capreolus capreolus,3
250,2008,Alces alces,5
250,2008,Capreolus capreolus,2
250,2009,Capreolus capreolus,6
250,2010,Alces alces,3
250,2010,Capreolus capreolus,8
250,2011,Alces alces,5
250,2011,Capreolus capreolus,9
250,2012,Capreolus capreolus,7
250,2013,Alces alces,3
250,2013,Capreolus capreolus,10
250,2014,Alces alces,1
250,2014,Capreolus capreolus,17
250,2015,Alces alces,18
250,2015,Capreolus capreolus,59
250,2016,Alces alces,9
250,2016,Capreolus capreolus,85
250,2017,Alces alces,18
250,2017,Capreolus capreolus,68
250,2018,Alces alces,26
250,2018,Capreolus capreolus,109
250,2019,Alces alces,20
250,2019,Capreolus capreolus,84
250,2020,Alces alces,18
250,2020,Capreolus capreolus,77
250,2021,Alces alces,46
250,2021,Capreolus capreolus,117
250,2022,Alces alces,33
250,2022,Capreolus capreolus,91
250,2023,Alces alces,53
250,2023,Capreolus capreolus,132
250,2024,Alces alces,31
250,2024,Capreolus capreolus,125
251,2002,Alces alces,1
251,2006,Alces alces,1
251,2007,Capreolus capreolus,1
251,2009,Alces alces,4
251,2009,Capreolus capreolus,13
251,2010,Alces alces,1
251,2010,Capreolus capreolus,4
251,2011,Alces alces,4
251,2011,Capreolus capreolus,2
251,2012,Alces alces,1
251,2012,Capreolus capreolus,5
251,2013,Alces alces,6
251,2013,Capreolus capreolus,2
251,2014,Alces alces,4
251,2014,Capreolus capreolus,4
251,2015,Alces alces,3
251,2015,Capreolus capreolus,9
251,2016,Alces alces,10
251,2016,Capreolus capreolus,14
251,2017,Alces alces,14
251,2017,Capreolus capreolus,17
251,2018,Alces alces,7
251,2018,Capreolus capreolus,7
251,2019,Alces alces,7
251,2019,Capreolus capreolus,18
251,2020,Alces alces,7
251,2020,Capreolus capreolus,15
251,2021,Alces alces,15
251,2021,Capreolus capreolus,26
251,2022,Alces alces,22
251,2022,Capreolus capreolus,24
251,2023,Alces alces,23
251,2023,Canis lupus,1
251,2023,Capreolus capreolus,41
251,2024,Alces alces,34
251,2024,Canis lupus,1
251,2024,Capreolus capreolus,48
252,2003,Alces alces,2
252,2008,Capreolus capreolus,1
252,2010,Alces alces,1
252,2011,Alces alces,1
252,2011,Capreolus capreolus,3
252,2012,Alces alces,1
252,2012,Canis lupus,1
252,2012,Capreolus capreolus,2
252,2013,Alces alces,3
252,2013,Capreolus capreolus,3
252,2014,Capreolus capreolus,3
252,2015,Alces alces,11
252,2015,Capreolus capreolus,3
252,2016,Alces alces,9
252,2016,Capreolus capreolus,9
252,2017,Alces alces,6
252,2017,Capreolus capreolus,16
252,2018,Alces alces,9
252,2018,Capreolus capreolus,1
252,2019,Alces alces,3
252,2019,Capreolus capreolus,10
252,2020,Alces alces,7
252,2020,Capreolus capreolus,8
252,2021,Alces alces,4
252,2021,Capreolus capreolus,8
252,2022,Alces alces,3
252,2022,Canis lupus,3
252,2022,Capreolus capreolus,8
252,2023,Alces alces,11
252,2023,Canis lupus,4
252,2023,Capreolus capreolus,9
252,2024,Alces alces,6
252,2024,Capreolus capreolus,7
253,2000,Capreolus capreolus,2
253,2001,Capreolus capreolus,1
253,2003,Capreolus capreolus,1
253,2007,Alces alces,1
253,2007,Capreolus capreolus,1
253,2008,Alces alces,2
253,2008,Capreolus capreolus,1
253,2009,Capreolus capreolus,2
253,2011,Alces alces,1
253,2011,Capreolus capreolus,2
253,2012,Capreolus capreolus,2
253,2013,Alces alces,1
253,2013,Capreolus capreolus,3
253,2014,Alces alces,4
253,2014,Capreolus capreolus,5
253,2015,Alces alces,19
253,2015,Capreolus capreolus,17
253,2016,Alces alces,21
253,2016,Capreolus capreolus,51
253,2017,Alces alces,10
253,2017,Capreolus capreolus,40
253,2018,Alces alces,5
253,2018,Capreolus capreolus,41
253,2019,Alces alces,16
253,2019,Capreolus capreolus,33
253,2020,Alces alces,22
253,2020,Capreolus capreolus,28
253,2021,Alces alces,25
253,2021,Capreolus capreolus,46
253,2022,Alces alces,27
253,2022,Capreolus capreolus,61
253,2023,Alces alces,15
253,2023,Capreolus capreolus,55
253,2024,Alces alces,18
253,2024,Capreolus capreolus,53
254,2011,Alces alces,1
254,2012,Alces alces,2
254,2013,Alces alces,1
254,2013,Capreolus capreolus,1
254,2015,Alces alces,3
254,2015,Capreolus capreolus,1
254,2016,Alces alces,1
254,2016,Capreolus capreolus,2
254,2017,Capreolus capreolus,2
254,2018,Alces alces,1
254,2018,Capreolus capreolus,1
254,2019,Alces alces,1
254,2019,Capreolus capreolus,4
254,2020,Alces alces,2
254,2020,Capreolus capreolus,6
254,2021,Alces alces,1
254,2021,Capreolus capreolus,7
254,2022,Alces alces,3
254,2022,Capreolus capreolus,8
254,2023,Alces alces,6
254,2023,Capreolus capreolus,6
254,2024,Alces alces,18
254,2024,Capreolus capreolus,9
255,2012,Alces alces,2
255,2012,Capreolus capreolus,1
255,2013,Alces alces,1
255,2014,Alces alces,2
255,2015,Alces alces,1
255,2015,Capreolus capreolus,3
255,2016,Capreolus capreolus,1
255,2017,Alces alces,1
255,2017,Capreolus capreolus,6
255,2018,Alces alces,1
255,2018,Capreolus capreolus,2
255,2020,Alces alces,2
255,2020,Capreolus capreolus,5
255,2021,Alces alces,7
255,2021,Capreolus capreolus,4
255,2022,Alces alces,1
255,2022,Capreolus capreolus,2
255,2023,Alces alces,2
255,2023,Canis lupus,1
255,2023,Capreolus capreolus,1
255,2024,Alces alces,3
255,2024,Capreolus capreolus,1
256,2004,Alces alces,1
256,2005,Alces alces,1
256,2009,Capreolus capreolus,1
256,2012,Alces alces,1
256,2013,Alces alces,2
256,2015,Alces alces,1
256,2015,Capreolus capreolus,1
256,2016,Alces alces,7
256,2017,Alces alces,3
256,2018,Alces alces,6
256,2018,Capreolus capreolus,3
256,2019,Alces alces,6
256,2019,Capreolus capreolus,1
256,2020,Alces alces,1
256,2020,Capreolus capreolus,4
256,2021,Alces alces,1
256,2021,Capreolus capreolus,3
256,2022,Alces alces,6
256,2022,Capreolus capreolus,1
256,2023,Alces alces,45
256,2023,Capreolus capreolus,1
256,2024,Alces alces,3
256,2024,Capreolus capreolus,5
257,2007,Alces alces,1
257,2008,Capreolus capreolus,1
257,2011,Alces alces,1
257,2013,Alces alces,1
257,2015,Alces alces,2
257,2015,Capreolus capreolus,1
257,2016,Capreolus capreolus,1
257,2017,Alces alces,2
257,2018,Alces alces,2
257,2019,Alces alces,2
257,2020,Alces alces,1
257,2021,Alces alces,1
257,2021,Capreolus capreolus,1
257,2022,Alces alces,1
257,2022,Capreolus capreolus,1
257,2023,Alces alces,1
257,2023,Capreolus capreolus,1
257,2024,Capreolus capreolus,2
258,2008,Alces alces,1
258,2008,Capreolus capreolus,1
258,2009,Alces alces,1
258,2009,Capreolus capreolus,1
258,2010,Capreolus capreolus,1
258,2011,Alces alces,1
258,2012,Alces alces,1
258,2013,Alces alces,1
258,2013,Canis lupus,2
258,2014,Alces alces,2
258,2015,Alces alces,1
258,2015,Capreolus capreolus,1
258,2016,Alces alces,1
258,2016,Canis lupus,1
258,2016,Capreolus capreolus,2
258,2017,Alces alces,2
258,2017,Capreolus capreolus,2
258,2020,Alces alces,1
258,2020,Canis lupus,1
258,2020,Capreolus capreolus,4
258,2021,Alces alces,3
258,2021,Capreolus capreolus,3
258,2022,Alces alces,1
258,2022,Capreolus capreolus,3
258,2023,Alces alces,1
258,2023,Capreolus capreolus,3
258,2024,Alces alces,1
259,2008,Alces alces,4
259,2008,Capreolus capreolus,2
259,2012,Alces alces,2
259,2013,Alces alces,1
259,2014,Canis lupus,1
259,2014,Capreolus capreolus,1
259,2016,Alces alces,1
259,2016,Canis lupus,2
259,2017,Alces alces,1
259,2017,Capreolus capreolus,1
259,2018,Alces alces,1
259,2018,Capreolus capreolus,1
259,2019,Alces alces,1
259,2019,Capreolus capreolus,2
259,2021,Alces alces,3
259,2021,Capreolus capreolus,2
259,2022,Alces alces,4
259,2022,Capreolus capreolus,3
259,2023,Alces alces,2
259,2023,Capreolus capreolus,1
260,2001,Alces alces,1
260,2008,Alces alces,1
260,2013,Canis lupus,1
260,2014,Alces alces,1
260,2015,Capreolus capreolus,3
260,2016,Canis lupus,1
260,2017,Capreolus capreolus,1
260,2018,Capreolus capreolus,1
260,2019,Alces alces,1
260,2021,Capreolus capreolus,1
260,2022,Alces alces,1
260,2023,Alces alces,1
260,2023,Capreolus capreolus,4
260,2024,Alces alces,6
260,2024,Capreolus capreolus,1
261,1999,Alces alces,1
261,2012,Alces alces,2
261,2012,Capreolus capreolus,1
261,2015,Alces alces,1
261,2015,Capreolus capreolus,2
261,2016,Alces alces,3
261,2016,Capreolus capreolus,3
261,2017,Alces alces,3
261,2017,Capreolus capreolus,5
261,2018,Alces alces,8
261,2018,Capreolus capreolus,2
261,2019,Alces alces,5
261,2019,Capreolus capreolus,8
261,2020,Alces alces,2
261,2020,Capreolus capreolus,3
261,2021,Alces alces,5
261,2021,Capreolus capreolus,9
261,2022,Alces alces,1
261,2022,Capreolus capreolus,4
261,2023,Alces alces,7
261,2023,Capreolus capreolus,8
261,2024,Alces alces,4
261,2024,Capreolus capreolus,6
262,2009,Alces alces,1
262,2011,Alces alces,1
262,2012,Alces alces,1
262,2013,Capreolus capreolus,1
262,2017,Capreolus capreolus,1
262,2018,Capreolus capreolus,1
262,2019,Alces alces,1
262,2019,Capreolus capreolus,1
262,2021,Alces alces,2
262,2021,Capreolus capreolus,3
262,2022,Alces alces,13
262,2022,Capreolus capreolus,4
262,2023,Alces alces,2
262,2023,Capreolus capreolus,1
262,2024,Alces alces,1
262,2024,Capreolus capreolus,1
263,2005,Alces alces,1
263,2012,Alces alces,2
263,2013,Alces alces,1
263,2014,Alces alces,1
263,2015,Alces alces,2
263,2016,Alces alces,2
263,2017,Alces alces,1
263,2018,Alces alces,3
263,2018,Capreolus capreolus,1
263,2019,Alces alces,3
263,2019,Capreolus capreolus,1
263,2020,Alces alces,1
263,2021,Alces alces,2
263,2023,Alces alces,1
263,2024,Alces alces,3
264,2008,Alces alces,1
264,2008,Capreolus capreolus,1
264,2010,Alces alces,1
264,2010,Capreolus capreolus,1
264,2015,Alces alces,1
264,2016,Alces alces,1
264,2017,Alces alces,1
264,2017,Capreolus capreolus,1
264,2018,Alces alces,1
264,2019,Alces alces,1
264,2020,Alces alces,3
264,2021,Alces alces,1
264,2022,Alces alces,1
265,1999,Alces alces,1
265,1999,Capreolus capreolus,1
265,2009,Alces alces,1
265,2012,Alces alces,4
265,2013,Alces alces,1
265,2014,Alces alces,1
265,2015,Alces alces,2
265,2017,Alces alces,3
265,2018,Alces alces,3
265,2018,Canis lupus,1
265,2019,Alces alces,3
265,2020,Alces alces,3
265,2021,Alces alces,3
265,2021,Capreolus capreolus,3
265,2022,Capreolus capreolus,1
265,2023,Alces alces,6
265,2023,Capreolus capreolus,1
266,2013,Alces alces,1
266,2014,Alces alces,3
266,2015,Alces alces,2
266,2016,Alces alces,2
266,2017,Alces alces,8
266,2018,Alces alces,2
266,2019,Alces alces,5
266,2020,Alces alces,2
266,2021,Alces alces,1
266,2022,Alces alces,4
266,2023,Alces alces,7
266,2023,Capreolus capreolus,1
266,2024,Alces alces,3
267,2007,Alces alces,2
267,2019,Alces alces,1
267,2020,Alces alces,1
268,2009,Alces alces,1
268,2012,Alces alces,3
268,2016,Alces alces,2
268,2018,Alces alces,1
268,2020,Alces alces,2
268,2021,Alces alces,3
268,2022,Alces alces,1
268,2023,Alces alces,5
268,2024,Alces alces,3
269,2014,Alces alces,1
269,2018,Alces alces,1
269,2022,Alces alces,3
269,2024,Alces alces,3
270,2002,Alces alces,2
270,2019,Alces alces,1
270,2022,Canis lupus,1
270,2023,Alces alces,1
270,2024,Alces alces,1
271,1999,Alces alces,1
271,2002,Alces alces,4
271,2002,Canis lupus,2
271,2003,Alces alces,2
271,2004,Alces alces,3
271,2004,Capreolus capreolus,1
271,2008,Alces alces,1
271,2009,Alces alces,1
271,2010,Alces alces,1
271,2011,Alces alces,1
271,2012,Canis lupus,2
271,2013,Alces alces,2
271,2014,Alces alces,3
271,2015,Alces alces,3
271,2016,Alces alces,1
271,2017,Alces alces,6
271,2018,Alces alces,3
271,2018,Capreolus capreolus,1
271,2019,Alces alces,6
271,2019,Capreolus capreolus,2
271,2020,Alces alces,10
271,2021,Alces alces,4
271,2022,Alces alces,6
271,2022,Canis lupus,1
271,2023,Alces alces,10
271,2024,Alces alces,6
272,2001,Alces alces,2
272,2005,Alces alces,18
272,2007,Alces alces,1
272,2008,Alces alces,33
272,2008,Capreolus capreolus,4
272,2009,Alces alces,84
272,2009,Capreolus capreolus,3
272,2010,Alces alces,72
272,2011,Alces alces,7
272,2012,Alces alces,28
272,2012,Capreolus capreolus,1
272,2013,Alces alces,46
272,2013,Capreolus capreolus,1
272,2014,Alces alces,7
272,2015,Alces alces,2
272,2016,Alces alces,3
272,2017,Capreolus capreolus,1
272,2018,Alces alces,5
272,2018,Canis lupus,1
272,2019,Alces alces,2
272,2020,Alces alces,7
272,2020,Canis lupus,1
272,2020,Capreolus capreolus,5
272,2021,Alces alces,1
272,2021,Capreolus capreolus,4
272,2022,Alces alces,13
272,2022,Canis lupus,1
272,2022,Capreolus capreolus,5
272,2023,Alces alces,5
272,2023,Capreolus capreolus,4
272,2024,Alces alces,3
272,2024,Capreolus capreolus,4
273,2010,Alces alces,2
273,2012,Alces alces,4
273,2013,Alces alces,2
273,2013,Capreolus capreolus,1
273,2014,Alces alces,2
273,2015,Alces alces,2
273,2016,Alces alces,1
273,2017,Alces alces,2
273,2018,Alces alces,5
273,2018,Capreolus capreolus,2
273,2019,Alces alces,2
273,2020,Alces alces,3
273,2021,Alces alces,4
273,2022,Alces alces,4
273,2023,Alces alces,5
273,2024,Alces alces,6
280,2009,Capreolus capreolus,5
280,2010,Capreolus capreolus,4
280,2011,Capreolus capreolus,1
280,2013,Capreolus capreolus,1
280,2015,Alces alces,1
280,2015,Capreolus capreolus,4
280,2016,Capreolus capreolus,3
280,2017,Alces alces,1
280,2017,Capreolus capreolus,3
280,2018,Alces alces,1
280,2018,Capreolus capreolus,5
280,2019,Capreolus capreolus,3
280,2020,Alces alces,2
280,2020,Capreolus capreolus,6
280,2021,Alces alces,2
280,2021,Capreolus capreolus,9
280,2022,Capreolus capreolus,5
280,2023,Alces alces,3
280,2023,Capreolus capreolus,12
280,2024,Capreolus capreolus,4
281,2006,Alces alces,1
281,2007,Capreolus capreolus,1
281,2008,Capreolus capreolus,3
281,2009,Capreolus capreolus,1
281,2010,Alces alces,2
281,2010,Capreolus capreolus,1
281,2011,Alces alces,1
281,2011,Capreolus capreolus,3
281,2012,Alces alces,2
281,2012,Capreolus capreolus,4
281,2013,Alces alces,4
281,2013,Capreolus capreolus,7
281,2014,Alces alces,3
281,2014,Capreolus capreolus,3
281,2015,Alces alces,4
281,2015,Capreolus capreolus,9
281,2016,Alces alces,5
281,2016,Capreolus capreolus,21
281,2017,Alces alces,10
281,2017,Capreolus capreolus,20
281,2018,Alces alces,9
281,2018,Capreolus capreolus,22
281,2019,Alces alces,5
281,2019,Capreolus capreolus,35
281,2020,Alces alces,11
281,2020,Capreolus capreolus,39
281,2021,Alces alces,11
281,2021,Capreolus capreolus,28
281,2022,Alces alces,14
281,2022,Capreolus capreolus,26
281,2023,Alces alces,12
281,2023,Capreolus capreolus,23
281,2024,Alces alces,6
281,2024,Capreolus capreolus,19
282,2002,Capreolus capreolus,1
282,2007,Alces alces,1
282,2007,Capreolus capreolus,1
282,2008,Capreolus capreolus,2
282,2009,Alces alces,5
282,2009,Capreolus capreolus,2
282,2010,Alces alces,1
282,2010,Capreolus capreolus,2
282,2011,Alces alces,2
282,2011,Capreolus capreolus,4
282,2012,Alces alces,1
282,2012,Capreolus capreolus,17
282,2013,Alces alces,5
282,2013,Capreolus capreolus,6
282,2014,Alces alces,3
282,2014,Capreolus capreolus,10
282,2015,Alces alces,9
282,2015,Capreolus capreolus,20
282,2016,Alces alces,15
282,2016,Capreolus capreolus,18
282,2017,Alces alces,16
282,2017,Capreolus capreolus,19
282,2018,Alces alces,6
282,2018,Capreolus capreolus,25
282,2019,Alces alces,13
282,2019,Capreolus capreolus,18
282,2020,Alces alces,8
282,2020,Capreolus capreolus,17
282,2021,Alces alces,16
282,2021,Capreolus capreolus,15
282,2022,Alces alces,10
282,2022,Capreolus capreolus,23
282,2023,Alces alces,8
282,2023,Capreolus capreolus,18
282,2024,Alces alces,18
282,2024,Capreolus capreolus,41
283,2008,Alces alces,3
283,2008,Capreolus capreolus,3
283,2009,Capreolus capreolus,9
283,2010,Alces alces,3
283,2010,Capreolus capreolus,4
283,2011,Alces alces,5
283,2011,Capreolus capreolus,6
283,2012,Alces alces,2
283,2012,Capreolus capreolus,6
283,2013,Alces alces,1
283,2013,Capreolus capreolus,6
283,2014,Alces alces,4
283,2014,Capreolus capreolus,19
283,2015,Alces alces,3
283,2015,Capreolus capreolus,30
283,2016,Alces alces,3
283,2016,Capreolus capreolus,9
283,2017,Alces alces,12
283,2017,Capreolus capreolus,13
283,2018,Alces alces,14
283,2018,Capreolus capreolus,11
283,2019,Alces alces,10
283,2019,Capreolus capreolus,14
283,2020,Alces alces,3
283,2020,Capreolus capreolus,13
283,2021,Alces alces,12
283,2021,Capreolus capreolus,11
283,2022,Alces alces,4
283,2022,Capreolus capreolus,12
283,2023,Alces alces,6
283,2023,Capreolus capreolus,15
283,2024,Alces alces,19
283,2024,Capreolus capreolus,12
284,2003,Alces alces,1
284,2006,Alces alces,1
284,2007,Alces alces,3
284,2007,Capreolus capreolus,2
284,2008,Capreolus capreolus,3
284,2009,Alces alces,1
284,2009,Capreolus capreolus,5
284,2010,Alces alces,6
284,2010,Capreolus capreolus,21
284,2011,Alces alces,7
284,2011,Capreolus capreolus,9
284,2012,Alces alces,4
284,2012,Capreolus capreolus,9
284,2013,Alces alces,6
284,2013,Capreolus capreolus,3
284,2014,Alces alces,3
284,2014,Capreolus capreolus,7
284,2015,Alces alces,4
284,2015,Capreolus capreolus,7
284,2016,Alces alces,1
284,2016,Capreolus capreolus,12
284,2017,Alces alces,5
284,2017,Capreolus capreolus,50
284,2018,Alces alces,4
284,2018,Capreolus capreolus,9
284,2019,Alces alces,4
284,2019,Capreolus capreolus,9
284,2020,Alces alces,4
284,2020,Capreolus capreolus,10
284,2021,Alces alces,6
284,2021,Capreolus capreolus,16
284,2022,Alces alces,6
284,2022,Capreolus capreolus,8
284,2023,Alces alces,9
284,2023,Capreolus capreolus,5
284,2024,Alces alces,7
284,2024,Capreolus capreolus,5
285,2000,Capreolus capreolus,1
285,2007,Capreolus capreolus,2
285,2009,Capreolus capreolus,1
285,2011,Alces alces,2
285,2011,Capreolus capreolus,2
285,2012,Alces alces,1
285,2012,Capreolus capreolus,4
285,2013,Alces alces,1
285,2013,Capreolus capreolus,3
285,2014,Alces alces,3
285,2014,Capreolus capreolus,5
285,2015,Alces alces,5
285,2015,Capreolus capreolus,9
285,2016,Alces alces,2
285,2016,Capreolus capreolus,8
285,2017,Alces alces,6
285,2017,Capreolus capreolus,10
285,2018,Alces alces,13
285,2018,Capreolus capreolus,15
285,2019,Alces alces,14
285,2019,Capreolus capreolus,16
285,2020,Alces alces,7
285,2020,Capreolus capreolus,10
285,2021,Alces alces,7
285,2021,Capreolus capreolus,18
285,2022,Alces alces,4
285,2022,Capreolus capreolus,17
285,2023,Alces alces,10
285,2023,Capreolus capreolus,13
285,2024,Alces alces,12
285,2024,Capreolus capreolus,14
286,1999,Alces alces,1
286,2004,Alces alces,1
286,2009,Alces alces,1
286,2009,Capreolus capreolus,1
286,2010,Alces alces,4
286,2010,Capreolus capreolus,1
286,2011,Capreolus capreolus,3
286,2012,Alces alces,2
286,2012,Capreolus capreolus,4
286,2013,Alces alces,2
286,2013,Capreolus capreolus,3
286,2014,Alces alces,2
286,2014,Capreolus capreolus,2
286,2015,Alces alces,9
286,2015,Capreolus capreolus,11
286,2016,Alces alces,9
286,2016,Capreolus capreolus,40
286,2017,Alces alces,13
286,2017,Capreolus capreolus,24
286,2018,Alces alces,11
286,2018,Capreolus capreolus,40
286,2019,Alces alces,16
286,2019,Capreolus capreolus,62
286,2020,Alces alces,20
286,2020,Capreolus capreolus,33
286,2021,Alces alces,16
286,2021,Capreolus capreolus,32
286,2022,Alces alces,14
286,2022,Capreolus capreolus,37
286,2023,Alces alces,15
286,2023,Canis lupus,1
286,2023,Capreolus capreolus,19
286,2024,Alces alces,15
286,2024,Capreolus capreolus,39
287,2002,Alces alces,1
287,2005,Alces alces,1
287,2006,Alces alces,3
287,2006,Capreolus capreolus,6
287,2007,Alces alces,8
287,2007,Capreolus capreolus,4
287,2008,Alces alces,1
287,2008,Capreolus capreolus,2
287,2009,Alces alces,7
287,2009,Capreolus capreolus,7
287,2010,Alces alces,4
287,2010,Capreolus capreolus,11
287,2011,Alces alces,4
287,2011,Capreolus capreolus,12
287,2012,Alces alces,6
287,2012,Capreolus capreolus,1
287,2013,Alces alces,17
287,2013,Capreolus capreolus,5
287,2014,Alces alces,7
287,2014,Capreolus capreolus,7
287,2015,Alces alces,8
287,2015,Capreolus capreolus,20
287,2016,Alces alces,9
287,2016,Capreolus capreolus,26
287,2017,Alces alces,19
287,2017,Capreolus capreolus,22
287,2018,Alces alces,10
287,2018,Capreolus capreolus,27
287,2019,Alces alces,24
287,2019,Capreolus capreolus,34
287,2020,Alces alces,23
287,2020,Capreolus capreolus,34
287,2021,Alces alces,20
287,2021,Capreolus capreolus,41
287,2022,Alces alces,11
287,2022,Capreolus capreolus,45
287,2023,Alces alces,21
287,2023,Capreolus capreolus,39
287,2024,Alces alces,19
287,2024,Canis lupus,3
287,2024,Capreolus capreolus,30
288,2007,Alces alces,2
288,2007,Capreolus capreolus,9
288,2008,Alces alces,7
288,2008,Capreolus capreolus,13
288,2009,Alces alces,11
288,2009,Capreolus capreolus,35
288,2010,Alces alces,2
288,2010,Capreolus capreolus,14
288,2011,Alces alces,4
288,2011,Capreolus capreolus,15
288,2012,Alces alces,1
288,2012,Capreolus capreolus,8
288,2013,Alces alces,1
288,2013,Capreolus capreolus,11
288,2014,Alces alces,4
288,2014,Capreolus capreolus,18
288,2015,Alces alces,18
288,2015,Capreolus capreolus,389
288,2016,Alces alces,31
288,2016,Capreolus capreolus,107
288,2017,Alces alces,17
288,2017,Capreolus capreolus,89
288,2018,Alces alces,37
288,2018,Capreolus capreolus,96
288,2019,Alces alces,27
288,2019,Capreolus capreolus,81
288,2020,Alces alces,47
288,2020,Capreolus capreolus,93
288,2021,Alces alces,45
288,2021,Capreolus capreolus,105
288,2022,Alces alces,45
288,2022,Capreolus capreolus,83
288,2023,Alces alces,81
288,2023,Canis lupus,5
288,2023,Capreolus capreolus,212
288,2024,Alces alces,54
288,2024,Canis lupus,5
288,2024,Capreolus capreolus,255
289,2003,Alces alces,1
289,2006,Alces alces,2
289,2007,Alces alces,4
289,2007,Capreolus capreolus,9
289,2008,Alces alces,4
289,2008,Capreolus capreolus,14
289,2009,Alces alces,32
289,2009,Capreolus capreolus,40
289,2010,Alces alces,8
289,2010,Capreolus capreolus,5
289,2011,Alces alces,6
289,2011,Capreolus capreolus,13
289,2012,Alces alces,5
289,2012,Capreolus capreolus,5
289,2013,Alces alces,4
289,2013,Capreolus capreolus,9
289,2014,Alces alces,8
289,2014,Capreolus capreolus,9
289,2015,Alces alces,17
289,2015,Capreolus capreolus,41
289,2016,Alces alces,33
289,2016,Capreolus capreolus,66
289,2017,Alces alces,11
289,2017,Capreolus capreolus,38
289,2018,Alces alces,14
289,2018,Capreolus capreolus,27
289,2019,Alces alces,11
289,2019,Capreolus capreolus,36
289,2020,Alces alces,17
289,2020,Capreolus capreolus,30
289,2021,Alces alces,21
289,2021,Capreolus capreolus,40
289,2022,Alces alces,26
289,2022,Capreolus capreolus,33
289,2023,Alces alces,53
289,2023,Capreolus capreolus,66
289,2024,Alces alces,46
289,2024,Capreolus capreolus,48
290,2001,Alces alces,1
290,2006,Capreolus capreolus,1
290,2007,Capreolus capreolus,2
290,2008,Alces alces,2
290,2009,Alces alces,4
290,2009,Capreolus capreolus,3
290,2010,Capreolus capreolus,4
290,2011,Capreolus capreolus,5
290,2012,Capreolus capreolus,1
290,2013,Alces alces,5
290,2013,Capreolus capreolus,14
290,2014,Capreolus capreolus,5
290,2015,Alces alces,5
290,2015,Capreolus capreolus,18
290,2016,Alces alces,13
290,2016,Capreolus capreolus,16
290,2017,Alces alces,5
290,2017,Capreolus capreolus,15
290,2018,Alces alces,8
290,2018,Capreolus capreolus,9
290,2019,Alces alces,7
290,2019,Capreolus capreolus,13
290,2020,Alces alces,4
290,2020,Capreolus capreolus,8
290,2021,Alces alces,5
290,2021,Capreolus capreolus,15
290,2022,Alces alces,4
290,2022,Capreolus capreolus,18
290,2023,Alces alces,5
290,2023,Canis lupus,2
290,2023,Capreolus capreolus,13
290,2024,Alces alces,9
290,2024,Capreolus capreolus,28
291,2006,Alces alces,1
291,2010,Capreolus capreolus,1
291,2012,Alces alces,2
291,2012,Capreolus capreolus,5
291,2013,Alces alces,2
291,2013,Capreolus capreolus,25
291,2014,Alces alces,2
291,2014,Capreolus capreolus,4
291,2015,Capreolus capreolus,8
291,2016,Alces alces,1
291,2016,Capreolus capreolus,9
291,2017,Alces alces,2
291,2017,Capreolus capreolus,19
291,2018,Alces alces,6
291,2018,Capreolus capreolus,10
291,2019,Alces alces,7
291,2019,Capreolus capreolus,12
291,2020,Alces alces,6
291,2020,Capreolus capreolus,8
291,2021,Alces alces,7
291,2021,Capreolus capreolus,13
291,2022,Alces alces,3
291,2022,Capreolus capreolus,19
291,2023,Alces alces,2
291,2023,Canis lupus,3
291,2023,Capreolus capreolus,17
291,2024,Alces alces,4
291,2024,Capreolus capreolus,10
292,2008,Capreolus capreolus,5
292,2009,Capreolus capreolus,1
292,2011,Capreolus capreolus,3
292,2012,Capreolus capreolus,1
292,2013,Alces alces,2
292,2013,Capreolus capreolus,1
292,2014,Alces alces,2
292,2014,Capreolus capreolus,2
292,2015,Alces alces,4
292,2015,Capreolus capreolus,4
292,2016,Alces alces,2
292,2016,Capreolus capreolus,8
292,2017,Alces alces,4
292,2017,Capreolus capreolus,3
292,2018,Alces alces,4
292,2018,Capreolus capreolus,6
292,2019,Alces alces,1
292,2019,Capreolus capreolus,8
292,2020,Alces alces,6
292,2020,Capreolus capreolus,9
292,2021,Alces alces,6
292,2021,Capreolus capreolus,19
292,2022,Alces alces,4
292,2022,Capreolus capreolus,11
292,2023,Alces alces,1
292,2023,Capreolus capreolus,9
292,2024,Alces alces,5
292,2024,Capreolus capreolus,11
293,2009,Alces alces,1
293,2011,Alces alces,1
293,2012,Capreolus capreolus,1
293,2015,Alces alces,2
293,2015,Capreolus capreolus,4
293,2016,Alces alces,5
293,2016,Capreolus capreolus,9
293,2017,Alces alces,1
293,2017,Capreolus capreolus,6
293,2018,Alces alces,2
293,2018,Capreolus capreolus,6
293,2019,Alces alces,5
293,2019,Capreolus capreolus,16
293,2020,Alces alces,6
293,2020,Capreolus capreolus,12
293,2021,Alces alces,3
293,2021,Capreolus capreolus,27
293,2022,Alces alces,4
293,2022,Capreolus capreolus,28
293,2023,Alces alces,8
293,2023,Capreolus capreolus,22
293,2024,Alces alces,4
293,2024,Capreolus capreolus,30
294,2004,Capreolus capreolus,1
294,2007,Alces alces,2
294,2007,Capreolus capreolus,1
294,2008,Alces alces,1
294,2008,Capreolus capreolus,2
294,2009,Capreolus capreolus,1
294,2010,Capreolus capreolus,1
294,2011,Alces alces,2
294,2012,Capreolus capreolus,1
294,2013,Alces alces,1
294,2013,Capreolus capreolus,1
294,2014,Alces alces,1
294,2014,Capreolus capreolus,1
294,2015,Alces alces,4
294,2015,Capreolus capreolus,10
294,2016,Alces alces,1
294,2016,Capreolus capreolus,16
294,2017,Capreolus capreolus,26
294,2018,Alces alces,14
294,2018,Capreolus capreolus,24
294,2019,Alces alces,11
294,2019,Capreolus capreolus,48
294,2020,Alces alces,8
294,2020,Capreolus capreolus,46
294,2021,Alces alces,17
294,2021,Capreolus capreolus,25
294,2022,Alces alces,7
294,2022,Capreolus capreolus,24
294,2023,Alces alces,5
294,2023,Capreolus capreolus,19
294,2024,Alces alces,1
294,2024,Capreolus capreolus,16
295,2007,Alces alces,1
295,2008,Alces alces,4
295,2008,Capreolus capreolus,1
295,2009,Alces alces,2
295,2010,Alces alces,3
295,2010,Capreolus capreolus,2
295,2011,Alces alces,1
295,2012,Capreolus capreolus,4
295,2013,Alces alces,4
295,2013,Capreolus capreolus,5
295,2014,Capreolus capreolus,1
295,2015,Alces alces,1
295,2015,Capreolus capreolus,11
295,2016,Alces alces,4
295,2016,Capreolus capreolus,4
295,2017,Alces alces,11
295,2017,Canis lupus,4
295,2017,Capreolus capreolus,10
295,2018,Alces alces,12
295,2018,Capreolus capreolus,19
295,2019,Alces alces,11
295,2019,Capreolus capreolus,8
295,2020,Alces alces,3
295,2020,Capreolus capreolus,15
295,2021,Alces alces,7
295,2021,Capreolus capreolus,4
295,2022,Alces alces,11
295,2022,Capreolus capreolus,11
295,2023,Alces alces,3
295,2023,Capreolus capreolus,11
295,2024,Alces alces,11
295,2024,Capreolus capreolus,11
296,2008,Alces alces,1
296,2011,Alces alces,1
296,2012,Alces alces,1
296,2013,Capreolus capreolus,3
296,2014,Alces alces,1
296,2015,Alces alces,2
296,2015,Capreolus capreolus,2
296,2016,Alces alces,1
296,2016,Capreolus capreolus,3
296,2017,Capreolus capreolus,6
296,2018,Alces alces,2
296,2018,Capreolus capreolus,1
296,2019,Alces alces,4
296,2019,Capreolus capreolus,7
296,2020,Capreolus capreolus,3
296,2021,Alces alces,4
296,2021,Capreolus capreolus,9
296,2022,Alces alces,3
296,2022,Capreolus capreolus,8
296,2023,Alces alces,3
296,2023,Capreolus capreolus,4
296,2024,Alces alces,2
296,2024,Capreolus capreolus,11
297,2008,Alces alces,1
297,2012,Canis lupus,1
297,2013,Canis lupus,5
297,2014,Canis lupus,1
297,2014,Capreolus capreolus,1
297,2015,Alces alces,1
297,2015,Capreolus capreolus,1
297,2016,Alces alces,1
297,2018,Capreolus capreolus,1
297,2019,Alces alces,2
297,2019,Capreolus capreolus,2
297,2020,Capreolus capreolus,1
297,2021,Capreolus capreolus,1
297,2022,Capreolus capreolus,2
297,2023,Capreolus capreolus,1
297,2024,Alces alces,3
297,2024,Capreolus capreolus,6
298,2007,Alces alces,2
298,2009,Alces alces,3
298,2009,Capreolus capreolus,1
298,2012,Alces alces,2
298,2012,Canis lupus,2
298,2013,Alces alces,1
298,2013,Canis lupus,30
298,2014,Alces alces,2
298,2014,Canis lupus,5
298,2014,Capreolus capreolus,1
298,2015,Alces alces,1
298,2016,Alces alces,1
298,2016,Capreolus capreolus,1
298,2017,Alces alces,5
298,2017,Capreolus capreolus,1
298,2018,Alces alces,3
298,2019,Alces alces,1
298,2019,Capreolus capreolus,1
298,2020,Alces alces,1
298,2021,Alces alces,2
298,2021,Capreolus capreolus,2
298,2022,Capreolus capreolus,1
298,2024,Alces alces,2
299,2001,Alces alces,1
299,2007,Alces alces,1
299,2010,Alces alces,1
299,2012,Alces alces,1
299,2012,Capreolus capreolus,1
299,2014,Alces alces,2
299,2015,Alces alces,3
299,2015,Capreolus capreolus,1
299,2016,Capreolus capreolus,1
299,2017,Alces alces,3
299,2017,Capreolus capreolus,1
299,2018,Alces alces,2
299,2019,Capreolus capreolus,1
299,2020,Alces alces,3
299,2021,Alces alces,4
299,2021,Capreolus capreolus,2
299,2023,Alces alces,2
300,2001,Alces alces,2
300,2001,Capreolus capreolus,1
300,2007,Capreolus capreolus,1
300,2008,Alces alces,2
300,2008,Capreolus capreolus,1
300,2009,Alces alces,1
300,2009,Capreolus capreolus,2
300,2010,Alces alces,1
300,2010,Capreolus capreolus,6
300,2011,Alces alces,1
300,2011,Capreolus capreolus,1
300,2012,Capreolus capreolus,2
300,2013,Alces alces,1
300,2014,Alces alces,1
300,2015,Alces alces,2
300,2015,Capreolus capreolus,1
300,2016,Alces alces,1
300,2016,Capreolus capreolus,2
300,2017,Alces alces,1
300,2018,Alces alces,2
300,2018,Capreolus capreolus,1
300,2019,Capreolus capreolus,2
300,2020,Alces alces,2
300,2020,Capreolus capreolus,1
300,2022,Capreolus capreolus,2
300,2024,Alces alces,10
300,2024,Capreolus capreolus,2
301,2008,Capreolus capreolus,1
301,2012,Alces alces,1
301,2012,Capreolus capreolus,1
301,2013,Alces alces,2
301,2013,Capreolus capreolus,1
301,2015,Alces alces,5
301,2015,Capreolus capreolus,5
301,2016,Alces alces,1
301,2016,Capreolus capreolus,5
301,2017,Alces alces,1
301,2017,Capreolus capreolus,6
301,2018,Alces alces,3
301,2019,Alces alces,2
301,2020,Alces alces,2
301,2020,Capreolus capreolus,1
301,2021,Alces alces,4
301,2021,Capreolus capreolus,2
301,2022,Alces alces,2
301,2022,Capreolus capreolus,3
301,2023,Alces alces,3
301,2023,Capreolus capreolus,1
301,2024,Alces alces,2
301,2024,Capreolus capreolus,2
302,2009,Alces alces,1
302,2012,Alces alces,1
302,2013,Alces alces,1
302,2013,Capreolus capreolus,1
302,2014,Alces alces,2
302,2015,Alces alces,9
302,2016,Alces alces,3
302,2016,Capreolus capreolus,2
302,2017,Alces alces,6
302,2017,Capreolus capreolus,1
302,2018,Alces alces,2
302,2019,Alces alces,4
302,2019,Capreolus capreolus,17
302,2020,Alces alces,6
302,2020,Capreolus capreolus,37
302,2021,Alces alces,8
302,2021,Capreolus capreolus,15
302,2022,Alces alces,1
302,2022,Capreolus capreolus,7
302,2023,Alces alces,2
302,2024,Alces alces,2
302,2024,Capreolus capreolus,1
303,2007,Capreolus capreolus,1
303,2012,Alces alces,2
303,2014,Alces alces,2
303,2015,Alces alces,3
303,2016,Alces alces,1
303,2017,Capreolus capreolus,1
303,2018,Alces alces,1
303,2019,Alces alces,1
303,2021,Alces alces,1
303,2021,Capreolus capreolus,2
303,2023,Alces alces,3
303,2023,Capreolus capreolus,2
303,2024,Alces alces,1
304,2009,Capreolus capreolus,1
304,2016,Alces alces,2
304,2018,Capreolus capreolus,1
304,2021,Alces alces,1
304,2022,Alces alces,2
305,1999,Alces alces,3
305,2000,Alces alces,1
305,2002,Alces alces,1
305,2007,Alces alces,1
305,2009,Alces alces,2
305,2011,Alces alces,12
305,2013,Alces alces,2
305,2015,Alces alces,2
305,2016,Alces alces,2
305,2017,Alces alces,1
305,2018,Alces alces,3
305,2018,Capreolus capreolus,1
305,2019,Alces alces,3
305,2021,Alces alces,6
305,2022,Alces alces,2
305,2023,Alces alces,3
305,2024,Alces alces,2
306,2004,Alces alces,2
306,2008,Alces alces,1
306,2014,Alces alces,1
306,2018,Alces alces,1
306,2019,Alces alces,2
306,2020,Alces alces,2
306,2022,Alces alces,1
306,2023,Alces alces,2
307,2003,Capreolus capreolus,1
307,2010,Alces alces,2
307,2011,Alces alces,1
307,2013,Alces alces,1
307,2014,Alces alces,1
307,2015,Alces alces,3
307,2016,Alces alces,1
307,2017,Alces alces,2
307,2018,Alces alces,4
307,2019,Alces alces,2
307,2020,Alces alces,5
307,2020,Capreolus capreolus,2
307,2021,Alces alces,2
307,2021,Capreolus capreolus,1
307,2022,Alces alces,2
307,2023,Alces alces,3
307,2024,Alces alces,8
308,2005,Alces alces,6
308,2007,Alces alces,3
308,2008,Alces alces,1
308,2009,Alces alces,1
308,2010,Alces alces,1
308,2010,Capreolus capreolus,2
308,2012,Alces alces,3
308,2013,Alces alces,1
308,2014,Alces alces,7
308,2015,Alces alces,4
308,2016,Alces alces,21
308,2017,Alces alces,4
308,2017,Capreolus capreolus,1
308,2018,Alces alces,6
308,2019,Alces alces,14
308,2019,Capreolus capreolus,1
308,2020,Alces alces,7
308,2021,Alces alces,4
308,2022,Alces alces,27
308,2022,Capreolus capreolus,1
308,2023,Alces alces,14
308,2024,Alces alces,29
309,1999,Alces alces,1
309,1999,Capreolus capreolus,1
309,2001,Alces alces,6
309,2001,Capreolus capreolus,1
309,2002,Alces alces,13
309,2002,Capreolus capreolus,1
309,2004,Alces alces,1
309,2006,Canis lupus,2
309,2009,Alces alces,3
309,2009,Capreolus capreolus,1
309,2010,Alces alces,6
309,2011,Alces alces,1
309,2012,Alces alces,34
309,2012,Capreolus capreolus,2
309,2013,Alces alces,15
309,2014,Alces alces,8
309,2014,Capreolus capreolus,2
309,2015,Alces alces,5
309,2015,Capreolus capreolus,3
309,2016,Alces alces,7
309,2016,Canis lupus,2
309,2016,Capreolus capreolus,2
309,2017,Alces alces,10
309,2017,Capreolus capreolus,3
309,2018,Alces alces,16
309,2018,Capreolus capreolus,3
309,2019,Alces alces,11
309,2019,Capreolus capreolus,2
309,2020,Alces alces,1
309,2020,Capreolus capreolus,1
309,2021,Alces alces,1
309,2021,Capreolus capreolus,3
309,2022,Alces alces,1
309,2022,Capreolus capreolus,6
309,2023,Alces alces,9
309,2023,Capreolus capreolus,4
309,2024,Alces alces,12
309,2024,Capreolus capreolus,2
310,2006,Canis lupus,1
310,2008,Alces alces,2
310,2009,Alces alces,6
310,2010,Alces alces,3
310,2010,Capreolus capreolus,1
310,2011,Alces alces,5
310,2012,Alces alces,5
310,2013,Alces alces,12
310,2014,Alces alces,10
310,2015,Alces alces,12
310,2015,Capreolus capreolus,1
310,2016,Alces alces,21
310,2017,Alces alces,27
310,2018,Alces alces,16
310,2018,Capreolus capreolus,1
310,2019,Alces alces,18
310,2019,Capreolus capreolus,1
310,2020,Alces alces,20
310,2020,Capreolus capreolus,19
310,2021,Alces alces,8
310,2021,Capreolus capreolus,4
310,2022,Alces alces,18
310,2022,Capreolus capreolus,1
310,2023,Alces alces,21
310,2023,Canis lupus,1
310,2023,Capreolus capreolus,3
310,2024,Alces alces,12
310,2024,Capreolus capreolus,8
311,1999,Alces alces,1
311,2000,Alces alces,5
311,2001,Alces alces,2
311,2002,Alces alces,3
311,2003,Alces alces,1
311,2004,Alces alces,1
311,2005,Capreolus capreolus,1
311,2007,Alces alces,2
311,2008,Alces alces,1
311,2009,Alces alces,9
311,2010,Alces alces,9
311,2011,Alces alces,4
311,2012,Alces alces,8
311,2012,Capreolus capreolus,2
311,2013,Alces alces,13
311,2014,Alces alces,8
311,2015,Alces alces,3
311,2016,Alces alces,12
311,2017,Alces alces,19
311,2018,Alces alces,16
311,2019,Alces alces,16
311,2020,Alces alces,27
311,2021,Alces alces,7
311,2022,Alces alces,24
311,2023,Alces alces,26
311,2024,Alces alces,16
316,1999,Capreolus capreolus,1
316,2005,Capreolus capreolus,1
316,2006,Alces alces,2
316,2007,Alces alces,1
316,2008,Capreolus capreolus,3
316,2009,Alces alces,2
316,2009,Capreolus capreolus,3
316,2010,Alces alces,4
316,2010,Capreolus capreolus,2
316,2011,Alces alces,1
316,2011,Capreolus capreolus,6
316,2012,Alces alces,4
316,2012,Capreolus capreolus,5
316,2013,Capreolus capreolus,8
316,2014,Alces alces,19
316,2014,Capreolus capreolus,16
316,2015,Alces alces,37
316,2015,Capreolus capreolus,27
316,2016,Alces alces,27
316,2016,Capreolus capreolus,27
316,2017,Alces alces,30
316,2017,Capreolus capreolus,39
316,2018,Alces alces,28
316,2018,Capreolus capreolus,45
316,2019,Alces alces,20
316,2019,Capreolus capreolus,54
316,2020,Alces alces,12
316,2020,Capreolus capreolus,79
316,2021,Alces alces,19
316,2021,Capreolus capreolus,93
316,2022,Alces alces,12
316,2022,Capreolus capreolus,58
316,2023,Alces alces,12
316,2023,Capreolus capreolus,62
316,2024,Alces alces,9
316,2024,Capreolus capreolus,72
317,2004,Capreolus capreolus,2
317,2007,Capreolus capreolus,1
317,2008,Alces alces,1
317,2008,Capreolus capreolus,1
317,2009,Capreolus capreolus,1
317,2010,Alces alces,1
317,2010,Capreolus capreolus,3
317,2011,Alces alces,1
317,2011,Capreolus capreolus,5
317,2012,Alces alces,1
317,2012,Capreolus capreolus,3
317,2013,Alces alces,5
317,2013,Capreolus capreolus,6
317,2014,Alces alces,3
317,2014,Capreolus capreolus,5
317,2015,Alces alces,3
317,2015,Capreolus capreolus,5
317,2016,Alces alces,5
317,2016,Capreolus capreolus,20
317,2017,Alces alces,2
317,2017,Capreolus capreolus,23
317,2018,Alces alces,4
317,2018,Capreolus capreolus,10
317,2019,Alces alces,5
317,2019,Capreolus capreolus,10
317,2020,Alces alces,5
317,2020,Capreolus capreolus,12
317,2021,Alces alces,3
317,2021,Capreolus capreolus,24
317,2022,Alces alces,4
317,2022,Capreolus capreolus,26
317,2023,Alces alces,2
317,2023,Capreolus capreolus,15
317,2024,Alces alces,2
317,2024,Capreolus capreolus,26
318,2012,Alces alces,1
318,2012,Capreolus capreolus,1
318,2014,Capreolus capreolus,1
318,2015,Alces alces,6
318,2015,Capreolus capreolus,2
318,2016,Capreolus capreolus,7
318,2017,Alces alces,8
318,2017,Capreolus capreolus,15
318,2018,Alces alces,3
318,2018,Capreolus capreolus,9
318,2019,Alces alces,6
318,2019,Capreolus capreolus,15
318,2020,Alces alces,9
318,2020,Capreolus capreolus,20
318,2021,Alces alces,8
318,2021,Capreolus capreolus,27
318,2022,Alces alces,8
318,2022,Capreolus capreolus,23
318,2023,Alces alces,2
318,2023,Capreolus capreolus,25
318,2024,Alces alces,7
318,2024,Capreolus capreolus,24
319,2010,Alces alces,1
319,2013,Capreolus capreolus,2
319,2014,Alces alces,1
319,2014,Capreolus capreolus,3
319,2015,Alces alces,1
319,2015,Capreolus capreolus,8
319,2016,Alces alces,8
319,2016,Capreolus capreolus,6
319,2017,Capreolus capreolus,11
319,2018,Alces alces,3
319,2018,Capreolus capreolus,11
319,2019,Alces alces,12
319,2019,Capreolus capreolus,12
319,2020,Alces alces,5
319,2020,Capreolus capreolus,19
319,2021,Alces alces,1
319,2021,Capreolus capreolus,16
319,2022,Alces alces,8
319,2022,Capreolus capreolus,19
319,2023,Alces alces,12
319,2023,Capreolus capreolus,12
319,2024,Alces alces,4
319,2024,Capreolus capreolus,8
320,2006,Alces alces,2
320,2006,Capreolus capreolus,1
320,2008,Alces alces,3
320,2009,Alces alces,2
320,2009,Capreolus capreolus,3
320,2010,Alces alces,1
320,2010,Capreolus capreolus,2
320,2011,Capreolus capreolus,2
320,2012,Alces alces,2
320,2012,Capreolus capreolus,4
320,2013,Alces alces,2
320,2013,Capreolus capreolus,8
320,2014,Alces alces,1
320,2014,Capreolus capreolus,3
320,2015,Alces alces,6
320,2015,Capreolus capreolus,20
320,2016,Alces alces,22
320,2016,Capreolus capreolus,31
320,2017,Alces alces,12
320,2017,Capreolus capreolus,17
320,2018,Alces alces,13
320,2018,Capreolus capreolus,26
320,2019,Alces alces,11
320,2019,Capreolus capreolus,19
320,2020,Alces alces,22
320,2020,Capreolus capreolus,34
320,2021,Alces alces,13
320,2021,Capreolus capreolus,37
320,2022,Alces alces,16
320,2022,Capreolus capreolus,59
320,2023,Alces alces,9
320,2023,Capreolus capreolus,45
320,2024,Alces alces,16
320,2024,Capreolus capreolus,63
321,2000,Alces alces,3
321,2006,Alces alces,2
321,2007,Alces alces,5
321,2007,Capreolus capreolus,1
321,2008,Alces alces,3
321,2008,Capreolus capreolus,8
321,2009,Alces alces,10
321,2009,Capreolus capreolus,3
321,2010,Alces alces,1
321,2010,Capreolus capreolus,2
321,2011,Alces alces,7
321,2011,Capreolus capreolus,6
321,2012,Alces alces,7
321,2012,Capreolus capreolus,7
321,2013,Alces alces,6
321,2013,Capreolus capreolus,6
321,2014,Alces alces,7
321,2014,Capreolus capreolus,7
321,2015,Alces alces,22
321,2015,Capreolus capreolus,36
321,2016,Alces alces,25
321,2016,Capreolus capreolus,69
321,2017,Alces alces,30
321,2017,Capreolus capreolus,45
321,2018,Alces alces,42
321,2018,Capreolus capreolus,30
321,2019,Alces alces,44
321,2019,Capreolus capreolus,41
321,2020,Alces alces,52
321,2020,Capreolus capreolus,135
321,2021,Alces alces,48
321,2021,Capreolus capreolus,89
321,2022,Alces alces,32
321,2022,Capreolus capreolus,33
321,2023,Alces alces,20
321,2023,Capreolus capreolus,39
321,2024,Alces alces,21
321,2024,Canis lupus,2
321,2024,Capreolus capreolus,51
322,1999,Alces alces,2
322,1999,Capreolus capreolus,1
322,2001,Capreolus capreolus,2
322,2002,Alces alces,3
322,2004,Alces alces,1
322,2005,Alces alces,2
322,2005,Capreolus capreolus,1
322,2007,Capreolus capreolus,2
322,2008,Alces alces,2
322,2008,Capreolus capreolus,4
322,2009,Alces alces,2
322,2009,Capreolus capreolus,4
322,2010,Alces alces,3
322,2010,Capreolus capreolus,3
322,2011,Capreolus capreolus,8
322,2012,Alces alces,5
322,2012,Capreolus capreolus,7
322,2013,Alces alces,4
322,2013,Capreolus capreolus,9
322,2014,Alces alces,3
322,2014,Capreolus capreolus,7
322,2015,Alces alces,7
322,2015,Capreolus capreolus,21
322,2016,Alces alces,14
322,2016,Capreolus capreolus,82
322,2017,Alces alces,27
322,2017,Capreolus capreolus,120
322,2018,Alces alces,51
322,2018,Capreolus capreolus,142
322,2019,Alces alces,39
322,2019,Capreolus capreolus,82
322,2020,Alces alces,35
322,2020,Capreolus capreolus,80
322,2021,Alces alces,47
322,2021,Capreolus capreolus,90
322,2022,Alces alces,33
322,2022,Capreolus capreolus,46
322,2023,Alces alces,41
322,2023,Capreolus capreolus,54
322,2024,Alces alces,32
322,2024,Capreolus capreolus,58
323,1999,Alces alces,1
323,1999,Capreolus capreolus,1
323,2003,Alces alces,1
323,2003,Capreolus capreolus,1
323,2007,Alces alces,1
323,2007,Capreolus capreolus,17
323,2008,Alces alces,4
323,2008,Capreolus capreolus,15
323,2009,Alces alces,8
323,2009,Capreolus capreolus,16
323,2010,Alces alces,8
323,2010,Capreolus capreolus,13
323,2011,Alces alces,8
323,2011,Capreolus capreolus,22
323,2012,Alces alces,7
323,2012,Capreolus capreolus,24
323,2013,Alces alces,8
323,2013,Capreolus capreolus,38
323,2014,Alces alces,7
323,2014,Capreolus capreolus,28
323,2015,Alces alces,9
323,2015,Capreolus capreolus,95
323,2016,Alces alces,15
323,2016,Capreolus capreolus,144
323,2017,Alces alces,28
323,2017,Capreolus capreolus,263
323,2018,Alces alces,19
323,2018,Capreolus capreolus,282
323,2019,Alces alces,15
323,2019,Capreolus capreolus,238
323,2020,Alces alces,34
323,2020,Capreolus capreolus,233
323,2021,Alces alces,36
323,2021,Capreolus capreolus,416
323,2022,Alces alces,22
323,2022,Capreolus capreolus,242
323,2023,Alces alces,23
323,2023,Capreolus capreolus,291
323,2024,Alces alces,23
323,2024,Capreolus capreolus,295
324,2000,Alces alces,1
324,2002,Capreolus capreolus,1
324,2003,Alces alces,1
324,2007,Alces alces,1
324,2007,Capreolus capreolus,4
324,2008,Capreolus capreolus,3
324,2009,Alces alces,1
324,2009,Capreolus capreolus,8
324,2010,Alces alces,1
324,2010,Capreolus capreolus,4
324,2011,Alces alces,3
324,2011,Capreolus capreolus,9
324,2012,Capreolus capreolus,4
324,2013,Alces alces,4
324,2013,Capreolus capreolus,4
324,2014,Alces alces,1
324,2014,Capreolus capreolus,3
324,2015,Alces alces,7
324,2015,Capreolus capreolus,12
324,2016,Alces alces,19
324,2016,Capreolus capreolus,31
324,2017,Alces alces,15
324,2017,Capreolus capreolus,24
324,2018,Alces alces,6
324,2018,Capreolus capreolus,33
324,2019,Alces alces,11
324,2019,Capreolus capreolus,17
324,2020,Alces alces,9
324,2020,Capreolus capreolus,13
324,2021,Alces alces,14
324,2021,Capreolus capreolus,22
324,2022,Alces alces,6
324,2022,Capreolus capreolus,13
324,2023,Alces alces,18
324,2023,Capreolus capreolus,10
324,2024,Alces alces,10
324,2024,Capreolus capreolus,15
325,2008,Capreolus capreolus,3
325,2012,Alces alces,1
325,2012,Capreolus capreolus,4
325,2013,Capreolus capreolus,1
325,2014,Capreolus capreolus,1
325,2015,Alces alces,1
325,2015,Capreolus capreolus,4
325,2016,Alces alces,6
325,2016,Capreolus capreolus,11
325,2017,Alces alces,10
325,2017,Capreolus capreolus,8
325,2018,Alces alces,5
325,2018,Capreolus capreolus,9
325,2019,Alces alces,1
325,2019,Capreolus capreolus,17
325,2020,Alces alces,5
325,2020,Capreolus capreolus,15
325,2021,Alces alces,2
325,2021,Capreolus capreolus,66
325,2022,Alces alces,8
325,2022,Capreolus capreolus,31
325,2023,Alces alces,6
325,2023,Capreolus capreolus,31
325,2024,Alces alces,7
325,2024,Capreolus capreolus,19
326,2015,Alces alces,1
326,2018,Capreolus capreolus,1
326,2020,Capreolus capreolus,2
326,2023,Alces alces,1
327,2015,Alces alces,2
327,2017,Capreolus capreolus,1
327,2019,Capreolus capreolus,1
327,2023,Alces alces,1
327,2023,Capreolus capreolus,1
327,2024,Alces alces,2
328,2007,Capreolus capreolus,2
328,2014,Capreolus capreolus,2
328,2015,Alces alces,7
328,2015,Capreolus capreolus,3
328,2016,Alces alces,1
328,2016,Capreolus capreolus,8
328,2017,Capreolus capreolus,7
328,2018,Alces alces,7
328,2018,Capreolus capreolus,5
328,2019,Alces alces,2
328,2019,Capreolus capreolus,4
328,2020,Alces alces,6
328,2020,Capreolus capreolus,14
328,2021,Alces alces,4
328,2021,Capreolus capreolus,11
328,2022,Alces alces,5
328,2022,Capreolus capreolus,10
328,2023,Alces alces,3
328,2023,Capreolus capreolus,4
328,2024,Alces alces,4
328,2024,Capreolus capreolus,5
329,2005,Capreolus capreolus,2
329,2006,Capreolus capreolus,14
329,2007,Alces alces,4
329,2007,Capreolus capreolus,14
329,2008,Alces alces,1
329,2008,Capreolus capreolus,4
329,2009,Alces alces,1
329,2009,Capreolus capreolus,4
329,2011,Alces alces,1
329,2011,Capreolus capreolus,2
329,2012,Alces alces,2
329,2013,Capreolus capreolus,9
329,2014,Alces alces,2
329,2015,Alces alces,5
329,2015,Capreolus capreolus,18
329,2016,Alces alces,13
329,2016,Capreolus capreolus,17
329,2017,Alces alces,8
329,2017,Capreolus capreolus,15
329,2018,Alces alces,5
329,2018,Capreolus capreolus,14
329,2019,Alces alces,8
329,2019,Capreolus capreolus,12
329,2020,Alces alces,7
329,2020,Capreolus capreolus,16
329,2021,Alces alces,13
329,2021,Capreolus capreolus,17
329,2022,Alces alces,21
329,2022,Capreolus capreolus,66
329,2023,Alces alces,20
329,2023,Capreolus capreolus,28
329,2024,Alces alces,14
329,2024,Capreolus capreolus,11
330,2007,Alces alces,3
330,2007,Capreolus capreolus,5
330,2010,Capreolus capreolus,1
330,2011,Alces alces,1
330,2012,Alces alces,2
330,2013,Capreolus capreolus,2
330,2014,Capreolus capreolus,1
330,2015,Alces alces,9
330,2015,Capreolus capreolus,16
330,2016,Alces alces,11
330,2016,Capreolus capreolus,28
330,2017,Alces alces,5
330,2017,Capreolus capreolus,41
330,2018,Alces alces,14
330,2018,Capreolus capreolus,36
330,2019,Alces alces,8
330,2019,Capreolus capreolus,42
330,2020,Alces alces,15
330,2020,Capreolus capreolus,33
330,2021,Alces alces,10
330,2021,Capreolus capreolus,36
330,2022,Alces alces,8
330,2022,Capreolus capreolus,55
330,2023,Alces alces,7
330,2023,Capreolus capreolus,58
330,2024,Alces alces,9
330,2024,Capreolus capreolus,73
331,2003,Alces alces,1
331,2007,Capreolus capreolus,1
331,2008,Capreolus capreolus,1
331,2009,Capreolus capreolus,1
331,2011,Capreolus capreolus,1
331,2015,Alces alces,3
331,2016,Alces alces,3
331,2016,Capreolus capreolus,7
331,2017,Alces alces,3
331,2017,Capreolus capreolus,4
331,2018,Alces alces,2
331,2018,Capreolus capreolus,1
331,2019,Alces alces,5
331,2019,Capreolus capreolus,4
331,2020,Alces alces,2
331,2020,Capreolus capreolus,1
331,2021,Alces alces,1
331,2022,Alces alces,1
331,2022,Capreolus capreolus,3
331,2024,Alces alces,1
331,2024,Capreolus capreolus,3
332,2006,Capreolus capreolus,1
332,2007,Alces alces,1
332,2008,Alces alces,3
332,2010,Alces alces,1
332,2011,Alces alces,1
332,2013,Alces alces,2
332,2014,Alces alces,4
332,2015,Alces alces,3
332,2016,Alces alces,2
332,2016,Capreolus capreolus,1
332,2017,Alces alces,4
332,2017,Capreolus capreolus,2
332,2018,Alces alces,8
332,2019,Alces alces,4
332,2019,Capreolus capreolus,1
332,2020,Alces alces,5
332,2021,Capreolus capreolus,1
332,2022,Alces alces,3
332,2024,Alces alces,1
332,2024,Canis lupus,2
332,2024,Capreolus capreolus,2
333,2005,Alces alces,1
333,2006,Capreolus capreolus,1
333,2008,Alces alces,4
333,2008,Capreolus capreolus,2
333,2009,Alces alces,7
333,2010,Alces alces,5
333,2010,Capreolus capreolus,3
333,2011,Capreolus capreolus,1
333,2013,Alces alces,3
333,2013,Capreolus capreolus,1
333,2014,Alces alces,7
333,2014,Capreolus capreolus,2
333,2015,Alces alces,9
333,2015,Capreolus capreolus,2
333,2016,Alces alces,3
333,2017,Alces alces,2
333,2018,Alces alces,1
333,2019,Alces alces,3
333,2019,Capreolus capreolus,1
333,2020,Alces alces,4
333,2021,Alces alces,3
333,2021,Capreolus capreolus,1
333,2022,Alces alces,2
333,2023,Alces alces,2
333,2023,Capreolus capreolus,2
333,2024,Alces alces,3
334,2008,Alces alces,2
334,2008,Capreolus capreolus,1
334,2012,Capreolus capreolus,1
334,2014,Capreolus capreolus,1
334,2015,Alces alces,1
334,2016,Alces alces,2
334,2018,Alces alces,2
334,2019,Alces alces,3
334,2024,Alces alces,5
335,2010,Alces alces,1
335,2014,Alces alces,1
335,2023,Alces alces,1
335,2024,Alces alces,2
336,2011,Alces alces,1
336,2013,Alces alces,1
336,2015,Alces alces,3
336,2016,Alces alces,1
336,2017,Alces alces,1
336,2017,Canis lupus,20
336,2017,Capreolus capreolus,1
336,2018,Alces alces,1
336,2019,Capreolus capreolus,2
336,2020,Capreolus capreolus,1
336,2021,Alces alces,2
336,2022,Alces alces,2
336,2022,Capreolus capreolus,1
336,2023,Capreolus capreolus,1
336,2024,Alces alces,2
336,2024,Capreolus capreolus,2
337,2023,Alces alces,2
337,2024,Alces alces,2
338,2012,Alces alces,1
338,2013,Capreolus capreolus,1
338,2014,Alces alces,1
338,2014,Canis lupus,1
338,2015,Alces alces,3
338,2016,Alces alces,2
338,2017,Alces alces,4
338,2018,Alces alces,4
338,2019,Alces alces,1
338,2019,Capreolus capreolus,1
338,2020,Alces alces,2
338,2020,Capreolus capreolus,2
338,2021,Alces alces,1
338,2021,Capreolus capreolus,2
338,2022,Alces alces,2
338,2022,Capreolus capreolus,1
338,2024,Alces alces,1
338,2024,Capreolus capreolus,1
339,2006,Alces alces,1
339,2011,Alces alces,1
339,2013,Capreolus capreolus,1
339,2014,Alces alces,2
339,2014,Capreolus capreolus,2
339,2015,Alces alces,3
339,2015,Capreolus capreolus,2
339,2016,Alces alces,3
339,2016,Capreolus capreolus,2
339,2017,Alces alces,1
339,2017,Capreolus capreolus,2
339,2018,Capreolus capreolus,2
339,2019,Alces alces,4
339,2019,Capreolus capreolus,1
339,2020,Capreolus capreolus,4
339,2021,Alces alces,1
339,2021,Capreolus capreolus,2
339,2022,Alces alces,2
339,2022,Capreolus capreolus,4
339,2023,Alces alces,1
339,2023,Capreolus capreolus,1
339,2024,Alces alces,2
340,2006,Alces alces,1
340,2008,Alces alces,4
340,2012,Alces alces,1
340,2016,Alces alces,1
340,2017,Alces alces,1
340,2021,Alces alces,2
340,2024,Alces alces,1
341,2011,Alces alces,2
341,2012,Alces alces,2
341,2016,Alces alces,2
341,2016,Capreolus capreolus,1
341,2017,Capreolus capreolus,1
341,2018,Alces alces,2
341,2018,Capreolus capreolus,1
341,2019,Alces alces,10
341,2019,Capreolus capreolus,3
341,2020,Alces alces,5
341,2020,Capreolus capreolus,2
341,2021,Alces alces,14
341,2021,Capreolus capreolus,5
341,2022,Alces alces,15
341,2023,Alces alces,7
341,2023,Capreolus capreolus,3
341,2024,Alces alces,13
341,2024,Canis lupus,3
341,2024,Capreolus capreolus,11
342,1999,Alces alces,1
342,2013,Alces alces,1
342,2015,Alces alces,1
342,2017,Alces alces,2
342,2019,Alces alces,1
342,2020,Alces alces,1
342,2020,Capreolus capreolus,3
342,2024,Alces alces,1
343,1999,Alces alces,1
343,2009,Alces alces,1
343,2011,Alces alces,2
343,2012,Alces alces,9
343,2012,Canis lupus,1
343,2016,Alces alces,1
343,2021,Alces alces,2
343,2023,Alces alces,3
343,2024,Alces alces,1
344,2010,Alces alces,1
344,2010,Capreolus capreolus,1
344,2016,Alces alces,2
344,2016,Capreolus capreolus,1
344,2017,Alces alces,4
344,2017,Capreolus capreolus,1
344,2018,Alces alces,7
344,2018,Capreolus capreolus,1
344,2019,Alces alces,6
344,2019,Capreolus capreolus,3
344,2020,Alces alces,4
344,2021,Alces alces,8
344,2021,Canis lupus,1
344,2022,Alces alces,5
344,2022,Capreolus capreolus,5
344,2023,Alces alces,5
344,2024,Alces alces,3
345,1999,Capreolus capreolus,3
345,2012,Alces alces,1
345,2013,Alces alces,2
345,2015,Alces alces,1
345,2016,Alces alces,5
345,2017,Alces alces,3
345,2018,Alces alces,4
345,2019,Alces alces,2
345,2020,Alces alces,5
345,2021,Alces alces,3
345,2022,Alces alces,2
345,2023,Alces alces,6
345,2024,Alces alces,5
347,1999,Alces alces,2
347,2000,Alces alces,1
347,2002,Alces alces,1
347,2004,Alces alces,2
347,2007,Alces alces,7
347,2007,Capreolus capreolus,21
347,2008,Alces alces,9
347,2008,Capreolus capreolus,52
347,2009,Alces alces,13
347,2009,Capreolus capreolus,67
347,2010,Alces alces,9
347,2010,Capreolus capreolus,33
347,2011,Alces alces,11
347,2011,Capreolus capreolus,41
347,2012,Alces alces,22
347,2012,Capreolus capreolus,61
347,2013,Alces alces,15
347,2013,Capreolus capreolus,26
347,2014,Alces alces,27
347,2014,Capreolus capreolus,24
347,2015,Alces alces,42
347,2015,Capreolus capreolus,66
347,2016,Alces alces,65
347,2016,Capreolus capreolus,87
347,2017,Alces alces,82
347,2017,Capreolus capreolus,108
347,2018,Alces alces,49
347,2018,Capreolus capreolus,115
347,2019,Alces alces,63
347,2019,Capreolus capreolus,138
347,2020,Alces alces,78
347,2020,Capreolus capreolus,136
347,2021,Alces alces,88
347,2021,Capreolus capreolus,169
347,2022,Alces alces,77
347,2022,Capreolus capreolus,139
347,2023,Alces alces,67
347,2023,Capreolus capreolus,100
347,2024,Alces alces,106
347,2024,Capreolus capreolus,125
348,1999,Alces alces,3
348,2000,Alces alces,1
348,2001,Alces alces,4
348,2001,Capreolus capreolus,1
348,2002,Alces alces,4
348,2003,Alces alces,2
348,2003,Capreolus capreolus,1
348,2004,Alces alces,1
348,2004,Capreolus capreolus,1
348,2005,Alces alces,5
348,2006,Alces alces,2
348,2006,Capreolus capreolus,1
348,2007,Alces alces,8
348,2007,Capreolus capreolus,22
348,2008,Alces alces,25
348,2008,Capreolus capreolus,48
348,2009,Alces alces,19
348,2009,Capreolus capreolus,31
348,2010,Alces alces,30
348,2010,Capreolus capreolus,68
348,2011,Alces alces,11
348,2011,Capreolus capreolus,89
348,2012,Alces alces,13
348,2012,Capreolus capreolus,121
348,2013,Alces alces,8
348,2013,Capreolus capreolus,86
348,2014,Alces alces,24
348,2014,Capreolus capreolus,79
348,2015,Alces alces,30
348,2015,Capreolus capreolus,192
348,2016,Alces alces,48
348,2016,Capreolus capreolus,262
348,2017,Alces alces,36
348,2017,Capreolus capreolus,258
348,2018,Alces alces,43
348,2018,Capreolus capreolus,294
348,2019,Alces alces,43
348,2019,Capreolus capreolus,307
348,2020,Alces alces,67
348,2020,Capreolus capreolus,350
348,2021,Alces alces,51
348,2021,Capreolus capreolus,341
348,2022,Alces alces,75
348,2022,Capreolus capreolus,324
348,2023,Alces alces,69
348,2023,Capreolus capreolus,343
348,2024,Alces alces,81
348,2024,Capreolus capreolus,423
349,1999,Alces alces,2
349,1999,Capreolus capreolus,1
349,2000,Alces alces,1
349,2006,Alces alces,1
349,2007,Alces alces,6
349,2007,Capreolus capreolus,15
349,2008,Alces alces,14
349,2008,Capreolus capreolus,63
349,2009,Alces alces,6
349,2009,Capreolus capreolus,39
349,2010,Alces alces,4
349,2010,Capreolus capreolus,50
349,2011,Alces alces,9
349,2011,Capreolus capreolus,70
349,2012,Alces alces,6
349,2012,Capreolus capreolus,90
349,2013,Alces alces,3
349,2013,Capreolus capreolus,39
349,2014,Alces alces,2
349,2014,Capreolus capreolus,8
349,2015,Alces alces,11
349,2015,Capreolus capreolus,12
349,2016,Alces alces,8
349,2016,Capreolus capreolus,27
349,2017,Alces alces,14
349,2017,Capreolus capreolus,63
349,2018,Alces alces,6
349,2018,Capreolus capreolus,55
349,2019,Alces alces,20
349,2019,Capreolus capreolus,67
349,2020,Alces alces,29
349,2020,Capreolus capreolus,82
349,2021,Alces alces,20
349,2021,Capreolus capreolus,74
349,2022,Alces alces,10
349,2022,Capreolus capreolus,84
349,2023,Alces alces,14
349,2023,Capreolus capreolus,56
349,2024,Alces alces,21
349,2024,Capreolus capreolus,59
350,2001,Alces alces,1
350,2005,Capreolus capreolus,1
350,2006,Alces alces,1
350,2006,Capreolus capreolus,1
350,2007,Alces alces,3
350,2008,Alces alces,2
350,2008,Capreolus capreolus,7
350,2009,Alces alces,2
350,2011,Alces alces,1
350,2011,Capreolus capreolus,2
350,2012,Alces alces,2
350,2012,Capreolus capreolus,7
350,2013,Alces alces,1
350,2013,Capreolus capreolus,2
350,2014,Capreolus capreolus,2
350,2015,Alces alces,2
350,2015,Capreolus capreolus,6
350,2016,Alces alces,4
350,2016,Capreolus capreolus,7
350,2017,Alces alces,3
350,2017,Capreolus capreolus,12
350,2018,Alces alces,3
350,2018,Capreolus capreolus,10
350,2019,Alces alces,5
350,2019,Capreolus capreolus,21
350,2020,Alces alces,3
350,2020,Capreolus capreolus,43
350,2021,Alces alces,2
350,2021,Capreolus capreolus,21
350,2022,Alces alces,4
350,2022,Capreolus capreolus,23
350,2023,Alces alces,4
350,2023,Capreolus capreolus,18
350,2024,Alces alces,9
350,2024,Capreolus capreolus,19
351,2010,Alces alces,1
351,2016,Capreolus capreolus,3
351,2017,Alces alces,1
351,2017,Capreolus capreolus,2
351,2018,Alces alces,2
351,2018,Capreolus capreolus,1
351,2020,Alces alces,1
351,2021,Alces alces,1
351,2021,Capreolus capreolus,3
351,2022,Alces alces,1
351,2024,Alces alces,1
352,2000,Alces alces,1
352,2007,Alces alces,1
352,2011,Capreolus capreolus,1
352,2013,Alces alces,1
352,2013,Capreolus capreolus,1
352,2017,Alces alces,1
352,2017,Capreolus capreolus,1
352,2018,Capreolus capreolus,2
352,2019,Capreolus capreolus,2
352,2020,Alces alces,5
352,2020,Capreolus capreolus,2
352,2021,Alces alces,1
352,2021,Capreolus capreolus,1
352,2022,Alces alces,3
352,2022,Capreolus capreolus,1
352,2024,Alces alces,1
352,2024,Capreolus capreolus,1
353,2007,Capreolus capreolus,1
353,2009,Alces alces,1
353,2010,Capreolus capreolus,1
353,2012,Alces alces,1
353,2013,Capreolus capreolus,1
353,2014,Capreolus capreolus,1
353,2015,Alces alces,2
353,2015,Capreolus capreolus,7
353,2016,Alces alces,2
353,2016,Capreolus capreolus,5
353,2017,Alces alces,8
353,2017,Capreolus capreolus,6
353,2018,Alces alces,7
353,2018,Capreolus capreolus,20
353,2019,Alces alces,9
353,2019,Capreolus capreolus,17
353,2020,Alces alces,8
353,2020,Capreolus capreolus,19
353,2021,Alces alces,9
353,2021,Capreolus capreolus,15
353,2022,Alces alces,15
353,2022,Capreolus capreolus,20
353,2023,Alces alces,12
353,2023,Capreolus capreolus,7
353,2024,Alces alces,11
353,2024,Capreolus capreolus,9
354,2004,Alces alces,1
354,2006,Alces alces,1
354,2007,Alces alces,4
354,2007,Capreolus capreolus,3
354,2008,Alces alces,6
354,2008,Capreolus capreolus,5
354,2009,Alces alces,15
354,2009,Capreolus capreolus,2
354,2010,Alces alces,17
354,2010,Capreolus capreolus,4
354,2011,Alces alces,14
354,2011,Capreolus capreolus,1
354,2012,Alces alces,8
354,2012,Capreolus capreolus,3
354,2013,Alces alces,12
354,2013,Capreolus capreolus,1
354,2014,Alces alces,5
354,2014,Capreolus capreolus,3
354,2015,Alces alces,7
354,2015,Capreolus capreolus,5
354,2016,Alces alces,11
354,2016,Capreolus capreolus,8
354,2017,Alces alces,7
354,2017,Capreolus capreolus,8
354,2018,Alces alces,19
354,2018,Capreolus capreolus,5
354,2019,Alces alces,9
354,2019,Capreolus capreolus,7
354,2020,Alces alces,15
354,2020,Capreolus capreolus,8
354,2021,Alces alces,13
354,2021,Capreolus capreolus,7
354,2022,Alces alces,8
354,2022,Capreolus capreolus,4
354,2023,Alces alces,9
354,2023,Capreolus capreolus,3
354,2024,Alces alces,5
354,2024,Capreolus capreolus,2
355,1999,Alces alces,1
355,2007,Alces alces,1
355,2008,Alces alces,4
355,2009,Alces alces,1
355,2009,Capreolus capreolus,1
355,2010,Alces alces,1
355,2010,Capreolus capreolus,1
355,2012,Alces alces,2
355,2013,Alces alces,3
355,2015,Alces alces,2
355,2015,Capreolus capreolus,1
355,2016,Alces alces,3
355,2016,Canis lupus,6
355,2016,Capreolus capreolus,2
355,2017,Capreolus capreolus,3
355,2018,Alces alces,7
355,2018,Capreolus capreolus,6
355,2019,Alces alces,2
355,2019,Capreolus capreolus,3
355,2020,Alces alces,2
355,2020,Capreolus capreolus,3
355,2021,Alces alces,9
355,2021,Capreolus capreolus,4
355,2022,Alces alces,10
355,2022,Capreolus capreolus,8
355,2023,Alces alces,5
355,2023,Capreolus capreolus,3
355,2024,Alces alces,2
355,2024,Capreolus capreolus,3
356,2009,Capreolus capreolus,1
356,2014,Alces alces,1
356,2015,Alces alces,1
356,2016,Alces alces,1
356,2016,Capreolus capreolus,2
356,2017,Alces alces,2
356,2019,Alces alces,2
356,2019,Capreolus capreolus,2
356,2020,Alces alces,3
356,2020,Capreolus capreolus,3
356,2021,Alces alces,4
356,2022,Alces alces,1
356,2022,Capreolus capreolus,6
356,2023,Alces alces,3
356,2023,Capreolus capreolus,7
356,2024,Alces alces,2
356,2024,Canis lupus,1
357,2007,Alces alces,2
357,2007,Capreolus capreolus,1
357,2010,Alces alces,9
357,2010,Capreolus capreolus,18
357,2011,Alces alces,11
357,2011,Capreolus capreolus,33
357,2012,Alces alces,5
357,2012,Capreolus capreolus,8
357,2013,Alces alces,10
357,2013,Capreolus capreolus,2
357,2014,Alces alces,4
357,2014,Canis lupus,1
357,2014,Capreolus capreolus,2
357,2015,Alces alces,18
357,2015,Capreolus capreolus,77
357,2016,Alces alces,46
357,2016,Capreolus capreolus,126
357,2017,Alces alces,17
357,2017,Capreolus capreolus,93
357,2018,Alces alces,14
357,2018,Capreolus capreolus,72
357,2019,Alces alces,14
357,2019,Capreolus capreolus,83
357,2020,Alces alces,9
357,2020,Capreolus capreolus,98
357,2021,Alces alces,4
357,2021,Canis lupus,1
357,2021,Capreolus capreolus,102
357,2022,Alces alces,10
357,2022,Capreolus capreolus,118
357,2023,Alces alces,3
357,2023,Canis lupus,3
357,2023,Capreolus capreolus,90
357,2024,Alces alces,4
357,2024,Canis lupus,2
357,2024,Capreolus capreolus,97
358,2000,Alces alces,2
358,2002,Alces alces,2
358,2006,Alces alces,2
358,2009,Alces alces,1
358,2009,Capreolus capreolus,1
358,2012,Alces alces,2
358,2015,Alces alces,2
358,2016,Alces alces,3
358,2017,Alces alces,3
358,2017,Canis lupus,3
358,2017,Capreolus capreolus,1
358,2019,Alces alces,1
358,2019,Canis lupus,2
358,2020,Capreolus capreolus,1
358,2021,Alces alces,5
358,2022,Alces alces,1
358,2023,Alces alces,1
358,2023,Capreolus capreolus,1
358,2024,Alces alces,1
359,2012,Alces alces,1
359,2015,Alces alces,2
359,2015,Capreolus capreolus,1
359,2017,Alces alces,3
359,2017,Capreolus capreolus,2
359,2018,Alces alces,3
359,2020,Alces alces,1
359,2020,Capreolus capreolus,1
359,2022,Alces alces,1
359,2024,Alces alces,1
360,2007,Alces alces,1
360,2012,Alces alces,1
360,2013,Capreolus capreolus,1
360,2015,Alces alces,2
360,2015,Capreolus capreolus,3
360,2016,Alces alces,2
360,2016,Capreolus capreolus,2
360,2017,Capreolus capreolus,2
360,2018,Alces alces,5
360,2018,Capreolus capreolus,6
360,2019,Alces alces,5
360,2019,Capreolus capreolus,16
360,2020,Alces alces,15
360,2020,Capreolus capreolus,5
360,2021,Alces alces,22
360,2021,Capreolus capreolus,18
360,2022,Alces alces,7
360,2022,Capreolus capreolus,21
360,2023,Alces alces,10
360,2023,Capreolus capreolus,10
360,2024,Alces alces,9
360,2024,Capreolus capreolus,12
361,2006,Capreolus capreolus,1
361,2011,Alces alces,1
361,2015,Alces alces,3
361,2015,Capreolus capreolus,1
361,2016,Alces alces,5
361,2016,Capreolus capreolus,5
361,2017,Alces alces,4
361,2017,Capreolus capreolus,1
361,2018,Alces alces,6
361,2018,Capreolus capreolus,2
361,2019,Alces alces,11
361,2019,Capreolus capreolus,6
361,2020,Alces alces,5
361,2020,Capreolus capreolus,4
361,2021,Alces alces,7
361,2021,Capreolus capreolus,1
361,2022,Alces alces,6
361,2022,Capreolus capreolus,7
361,2023,Alces alces,7
361,2023,Capreolus capreolus,8
361,2024,Alces alces,5
361,2024,Capreolus capreolus,2
362,2011,Alces alces,1
362,2013,Alces alces,2
362,2014,Alces alces,2
362,2016,Alces alces,9
362,2017,Alces alces,4
362,2018,Alces alces,3
362,2019,Alces alces,2
362,2019,Capreolus capreolus,1
362,2020,Alces alces,7
362,2021,Alces alces,17
362,2022,Alces alces,14
362,2022,Capreolus capreolus,1
362,2023,Alces alces,8
362,2024,Alces alces,5
362,2024,Capreolus capreolus,1
363,2002,Capreolus capreolus,1
363,2015,Alces alces,1
363,2016,Alces alces,3
363,2017,Alces alces,5
363,2017,Capreolus capreolus,21
363,2018,Capreolus capreolus,64
363,2019,Alces alces,7
363,2019,Capreolus capreolus,47
363,2020,Alces alces,3
363,2020,Capreolus capreolus,40
363,2021,Alces alces,6
363,2021,Capreolus capreolus,30
363,2022,Alces alces,10
363,2022,Capreolus capreolus,8
363,2023,Alces alces,7
363,2023,Capreolus capreolus,4
363,2024,Alces alces,4
363,2024,Capreolus capreolus,5
364,2009,Alces alces,1
364,2020,Alces alces,1
366,2003,Canis lupus,1
366,2019,Alces alces,1
367,2002,Alces alces,1
367,2010,Alces alces,1
367,2011,Alces alces,2
367,2012,Alces alces,1
367,2019,Canis lupus,1
367,2022,Alces alces,1
367,2023,Alces alces,5
367,2024,Alces alces,1
367,2024,Capreolus capreolus,1
368,1999,Alces alces,2
368,2018,Capreolus capreolus,1
368,2021,Alces alces,1
368,2023,Alces alces,1
369,2005,Alces alces,1
369,2006,Capreolus capreolus,1
369,2007,Alces alces,2
369,2007,Capreolus capreolus,2
369,2008,Alces alces,1
369,2008,Capreolus capreolus,5
369,2009,Alces alces,3
369,2009,Capreolus capreolus,5
369,2010,Alces alces,1
369,2010,Capreolus capreolus,4
369,2011,Alces alces,3
369,2011,Capreolus capreolus,7
369,2012,Alces alces,8
369,2012,Capreolus capreolus,9
369,2013,Alces alces,1
369,2013,Capreolus capreolus,3
369,2014,Alces alces,5
369,2014,Capreolus capreolus,9
369,2015,Alces alces,9
369,2015,Capreolus capreolus,19
369,2016,Alces alces,10
369,2016,Capreolus capreolus,24
369,2017,Alces alces,2
369,2017,Capreolus capreolus,17
369,2018,Alces alces,8
369,2018,Capreolus capreolus,38
369,2019,Alces alces,13
369,2019,Capreolus capreolus,45
369,2020,Alces alces,12
369,2020,Capreolus capreolus,72
369,2021,Alces alces,7
369,2021,Capreolus capreolus,75
369,2022,Alces alces,14
369,2022,Capreolus capreolus,47
369,2023,Alces alces,17
369,2023,Capreolus capreolus,57
369,2024,Alces alces,12
369,2024,Capreolus capreolus,64
370,2013,Capreolus capreolus,1
370,2015,Alces alces,1
370,2016,Capreolus capreolus,1
370,2017,Alces alces,1
370,2018,Alces alces,1
370,2018,Capreolus capreolus,1
370,2019,Alces alces,2
370,2022,Alces alces,1
370,2023,Capreolus capreolus,1
371,2014,Alces alces,1
371,2014,Capreolus capreolus,1
371,2017,Capreolus capreolus,1
371,2018,Capreolus capreolus,1
371,2019,Alces alces,1
371,2019,Capreolus capreolus,2
371,2020,Alces alces,1
371,2020,Capreolus capreolus,9
371,2022,Capreolus capreolus,1
371,2023,Alces alces,1
371,2023,Capreolus capreolus,4
371,2024,Capreolus capreolus,3
372,2004,Alces alces,1
372,2004,Capreolus capreolus,1
372,2005,Alces alces,1
372,2005,Capreolus capreolus,1
372,2006,Alces alces,1
372,2006,Capreolus capreolus,1
372,2007,Alces alces,4
372,2007,Capreolus capreolus,9
372,2008,Alces alces,9
372,2008,Capreolus capreolus,13
372,2009,Alces alces,11
372,2009,Capreolus capreolus,16
372,2010,Alces alces,15
372,2010,Capreolus capreolus,24
372,2011,Alces alces,8
372,2011,Capreolus capreolus,17
372,2012,Alces alces,4
372,2012,Capreolus capreolus,21
372,2013,Alces alces,14
372,2013,Capreolus capreolus,12
372,2014,Alces alces,4
372,2014,Capreolus capreolus,20
372,2015,Alces alces,24
372,2015,Capreolus capreolus,42
372,2016,Alces alces,21
372,2016,Capreolus capreolus,59
372,2017,Alces alces,52
372,2017,Capreolus capreolus,60
372,2018,Alces alces,41
372,2018,Capreolus capreolus,82
372,2019,Alces alces,48
372,2019,Capreolus capreolus,119
372,2020,Alces alces,52
372,2020,Capreolus capreolus,148
372,2021,Alces alces,78
372,2021,Capreolus capreolus,204
372,2022,Alces alces,46
372,2022,Capreolus capreolus,143
372,2023,Alces alces,64
372,2023,Capreolus capreolus,197
372,2024,Alces alces,56
372,2024,Capreolus capreolus,153
373,2007,Alces alces,4
373,2007,Capreolus capreolus,3
373,2008,Alces alces,4
373,2008,Capreolus capreolus,5
373,2009,Alces alces,2
373,2010,Alces alces,7
373,2010,Capreolus capreolus,2
373,2011,Alces alces,2
373,2012,Alces alces,5
373,2012,Capreolus capreolus,5
373,2013,Alces alces,6
373,2013,Capreolus capreolus,3
373,2014,Alces alces,3
373,2014,Canis lupus,2
373,2014,Capreolus capreolus,2
373,2015,Alces alces,3
373,2015,Capreolus capreolus,2
373,2016,Alces alces,3
373,2016,Capreolus capreolus,7
373,2017,Alces alces,4
373,2017,Capreolus capreolus,5
373,2018,Alces alces,10
373,2018,Capreolus capreolus,4
373,2019,Alces alces,3
373,2019,Capreolus capreolus,7
373,2020,Alces alces,4
373,2020,Capreolus capreolus,5
373,2021,Alces alces,11
373,2021,Capreolus capreolus,4
373,2022,Alces alces,6
373,2022,Capreolus capreolus,3
373,2023,Alces alces,9
373,2023,Canis lupus,8
373,2023,Capreolus capreolus,2
373,2024,Alces alces,2
373,2024,Capreolus capreolus,4
374,2007,Alces alces,3
374,2007,Capreolus capreolus,4
374,2008,Alces alces,3
374,2008,Capreolus capreolus,1
374,2009,Alces alces,2
374,2011,Alces alces,2
374,2012,Alces alces,1
374,2013,Alces alces,1
374,2013,Capreolus capreolus,1
374,2014,Capreolus capreolus,1
374,2015,Alces alces,4
374,2016,Alces alces,5
374,2016,Capreolus capreolus,4
374,2017,Alces alces,1
374,2017,Capreolus capreolus,1
374,2018,Alces alces,9
374,2018,Capreolus capreolus,6
374,2019,Capreolus capreolus,11
374,2020,Alces alces,7
374,2020,Capreolus capreolus,11
374,2021,Alces alces,2
374,2021,Capreolus capreolus,5
374,2022,Alces alces,3
374,2022,Capreolus capreolus,4
374,2023,Alces alces,6
374,2023,Capreolus capreolus,9
374,2024,Alces alces,10
374,2024,Capreolus capreolus,4
375,2009,Alces alces,1
375,2010,Alces alces,1
375,2011,Alces alces,1
375,2015,Capreolus capreolus,2
375,2016,Alces alces,2
375,2016,Capreolus capreolus,3
375,2017,Capreolus capreolus,2
375,2018,Alces alces,1
375,2018,Capreolus capreolus,3
375,2019,Alces alces,2
375,2019,Canis lupus,1
375,2019,Capreolus capreolus,2
375,2020,Capreolus capreolus,5
375,2021,Alces alces,1
375,2021,Capreolus capreolus,6
375,2022,Alces alces,2
375,2022,Capreolus capreolus,1
375,2023,Alces alces,1
375,2023,Capreolus capreolus,2
375,2024,Capreolus capreolus,4
376,2000,Alces alces,3
376,2004,Capreolus capreolus,1
376,2006,Alces alces,1
376,2007,Alces alces,6
376,2007,Capreolus capreolus,2
376,2008,Alces alces,1
376,2009,Alces alces,1
376,2009,Capreolus capreolus,1
376,2010,Alces alces,2
376,2013,Alces alces,1
376,2015,Alces alces,6
376,2015,Capreolus capreolus,6
376,2016,Alces alces,10
376,2016,Capreolus capreolus,15
376,2017,Alces alces,14
376,2017,Capreolus capreolus,18
376,2018,Alces alces,13
376,2018,Capreolus capreolus,20
376,2019,Alces alces,10
376,2019,Capreolus capreolus,45
376,2020,Alces alces,10
376,2020,Capreolus capreolus,31
376,2021,Alces alces,12
376,2021,Capreolus capreolus,21
376,2022,Alces alces,9
376,2022,Capreolus capreolus,8
376,2023,Alces alces,8
376,2023,Capreolus capreolus,16
376,2024,Alces alces,8
376,2024,Capreolus capreolus,7
377,2000,Alces alces,2
377,2008,Capreolus capreolus,1
377,2009,Capreolus capreolus,1
377,2010,Alces alces,1
377,2012,Alces alces,4
377,2012,Capreolus capreolus,3
377,2013,Canis lupus,9
377,2013,Capreolus capreolus,1
377,2014,Alces alces,1
377,2015,Alces alces,2
377,2015,Capreolus capreolus,3
377,2016,Alces alces,4
377,2016,Capreolus capreolus,8
377,2017,Alces alces,18
377,2017,Capreolus capreolus,20
377,2018,Alces alces,17
377,2018,Capreolus capreolus,25
377,2019,Alces alces,14
377,2019,Capreolus capreolus,23
377,2020,Alces alces,19
377,2020,Capreolus capreolus,46
377,2021,Alces alces,30
377,2021,Capreolus capreolus,36
377,2022,Alces alces,9
377,2022,Capreolus capreolus,26
377,2023,Alces alces,15
377,2023,Capreolus capreolus,30
377,2024,Alces alces,16
377,2024,Capreolus capreolus,15
378,2004,Alces alces,1
378,2013,Capreolus capreolus,1
378,2014,Alces alces,1
378,2015,Alces alces,2
378,2016,Alces alces,8
378,2016,Capreolus capreolus,1
378,2017,Alces alces,3
378,2017,Capreolus capreolus,3
378,2018,Alces alces,2
378,2018,Capreolus capreolus,3
378,2019,Alces alces,2
378,2020,Alces alces,2
378,2020,Canis lupus,7
378,2021,Alces alces,1
378,2022,Alces alces,1
378,2023,Alces alces,2
378,2023,Canis lupus,1
378,2024,Alces alces,3
379,2012,Alces alces,2
379,2012,Capreolus capreolus,1
379,2013,Alces alces,1
379,2014,Alces alces,1
379,2015,Alces alces,1
379,2016,Alces alces,4
379,2017,Alces alces,4
379,2017,Capreolus capreolus,1
379,2018,Alces alces,1
379,2019,Alces alces,6
379,2019,Capreolus capreolus,1
379,2020,Alces alces,2
379,2020,Capreolus capreolus,2
379,2021,Alces alces,8
379,2021,Capreolus capreolus,1
379,2022,Alces alces,2
379,2023,Alces alces,1
379,2023,Capreolus capreolus,1
379,2024,Alces alces,2
380,2011,Alces alces,1
380,2012,Alces alces,6
380,2012,Capreolus capreolus,4
380,2013,Alces alces,1
380,2015,Alces alces,4
380,2019,Capreolus capreolus,1
380,2020,Alces alces,3
380,2020,Capreolus capreolus,1
380,2021,Alces alces,2
380,2021,Capreolus capreolus,2
380,2022,Alces alces,2
380,2022,Capreolus capreolus,1
380,2023,Alces alces,3
380,2023,Capreolus capreolus,3
380,2024,Alces alces,1
380,2024,Capreolus capreolus,1
381,2010,Alces alces,1
381,2011,Alces alces,2
381,2012,Alces alces,1
381,2014,Alces alces,1
381,2016,Alces alces,1
381,2017,Capreolus capreolus,2
381,2018,Capreolus capreolus,1
381,2019,Alces alces,2
381,2019,Capreolus capreolus,2
381,2020,Alces alces,3
381,2020,Capreolus capreolus,9
381,2021,Alces alces,5
381,2021,Capreolus capreolus,8
381,2022,Alces alces,6
381,2022,Capreolus capreolus,6
381,2023,Alces alces,7
381,2023,Capreolus capreolus,2
381,2024,Alces alces,5
381,2024,Canis lupus,1
381,2024,Capreolus capreolus,1
382,2017,Alces alces,1
383,2006,Canis lupus,7
383,2007,Canis lupus,1
383,2022,Canis lupus,17
384,1999,Alces alces,1
384,2002,Alces alces,1
384,2006,Canis lupus,2
384,2009,Capreolus capreolus,1
384,2018,Alces alces,1
384,2018,Capreolus capreolus,1
384,2019,Capreolus capreolus,3
384,2020,Capreolus capreolus,1
384,2021,Capreolus capreolus,1
384,2023,Canis lupus,1
385,1999,Alces alces,3
385,2002,Alces alces,1
385,2008,Canis lupus,3
385,2015,Alces alces,1
385,2016,Canis lupus,2
385,2019,Alces alces,1
386,1999,Alces alces,24
386,1999,Capreolus capreolus,3
386,2000,Alces alces,5
386,2001,Alces alces,5
386,2002,Alces alces,3
386,2010,Capreolus capreolus,1
386,2012,Alces alces,1
386,2012,Capreolus capreolus,1
386,2013,Capreolus capreolus,1
386,2014,Alces alces,1
386,2015,Alces alces,6
386,2016,Alces alces,1
386,2016,Capreolus capreolus,4
386,2017,Alces alces,2
386,2018,Alces alces,15
386,2018,Capreolus capreolus,2
386,2019,Alces alces,27
386,2019,Capreolus capreolus,8
386,2020,Alces alces,46
386,2020,Capreolus capreolus,20
386,2021,Alces alces,21
386,2021,Capreolus capreolus,7
386,2022,Alces alces,11
386,2023,Alces alces,9
386,2023,Canis lupus,1
386,2023,Capreolus capreolus,5
386,2024,Alces alces,8
386,2024,Capreolus capreolus,4
387,2020,Alces alces,2
387,2021,Alces alces,1
387,2022,Alces alces,5
387,2022,Capreolus capreolus,1
387,2023,Alces alces,1
387,2024,Capreolus capreolus,1
389,2007,Alces alces,1
389,2007,Capreolus capreolus,1
389,2015,Capreolus capreolus,1
389,2017,Alces alces,1
389,2018,Alces alces,3
389,2018,Capreolus capreolus,2
389,2019,Alces alces,1
389,2019,Capreolus capreolus,3
389,2020,Alces alces,5
389,2020,Capreolus capreolus,7
389,2021,Alces alces,7
389,2021,Capreolus capreolus,4
389,2022,Alces alces,5
389,2022,Capreolus capreolus,3
389,2023,Alces alces,8
389,2023,Capreolus capreolus,5
389,2024,Alces alces,1
389,2024,Capreolus capreolus,4
390,2010,Alces alces,1
390,2011,Alces alces,1
390,2012,Capreolus capreolus,1
390,2014,Alces alces,1
390,2015,Alces alces,1
390,2016,Alces alces,1
390,2016,Capreolus capreolus,1
390,2018,Alces alces,2
390,2018,Capreolus capreolus,3
390,2019,Alces alces,3
390,2019,Capreolus capreolus,7
390,2020,Alces alces,4
390,2020,Capreolus capreolus,3
390,2021,Alces alces,6
390,2021,Capreolus capreolus,6
390,2022,Alces alces,5
390,2022,Capreolus capreolus,4
390,2023,Alces alces,5
390,2023,Capreolus capreolus,7
390,2024,Alces alces,3
390,2024,Capreolus capreolus,7
391,2010,Capreolus capreolus,1
391,2011,Capreolus capreolus,1
391,2015,Alces alces,1
391,2016,Capreolus capreolus,1
391,2019,Alces alces,1
391,2020,Alces alces,3
391,2020,Capreolus capreolus,1
391,2021,Alces alces,7
391,2021,Capreolus capreolus,7
391,2022,Alces alces,1
391,2022,Capreolus capreolus,7
391,2023,Alces alces,2
391,2023,Capreolus capreolus,7
391,2024,Alces alces,1
392,2000,Alces alces,1
392,2006,Alces alces,1
392,2006,Capreolus capreolus,1
392,2007,Capreolus capreolus,1
392,2008,Alces alces,1
392,2008,Capreolus capreolus,5
392,2009,Capreolus capreolus,2
392,2011,Alces alces,1
392,2011,Capreolus capreolus,2
392,2014,Alces alces,5
392,2014,Capreolus capreolus,6
392,2015,Alces alces,21
392,2015,Capreolus capreolus,25
392,2016,Alces alces,49
392,2016,Capreolus capreolus,54
392,2017,Alces alces,51
392,2017,Capreolus capreolus,92
392,2018,Alces alces,45
392,2018,Capreolus capreolus,81
392,2019,Alces alces,60
392,2019,Capreolus capreolus,103
392,2020,Alces alces,49
392,2020,Capreolus capreolus,84
392,2021,Alces alces,51
392,2021,Canis lupus,2
392,2021,Capreolus capreolus,90
392,2022,Alces alces,28
392,2022,Capreolus capreolus,54
392,2023,Alces alces,61
392,2023,Capreolus capreolus,56
392,2024,Alces alces,39
392,2024,Capreolus capreolus,69
393,2007,Alces alces,1
393,2009,Capreolus capreolus,1
393,2011,Alces alces,2
393,2011,Capreolus capreolus,1
393,2012,Alces alces,2
393,2013,Capreolus capreolus,1
393,2014,Alces alces,1
393,2014,Capreolus capreolus,3
393,2015,Alces alces,4
393,2015,Capreolus capreolus,12
393,2016,Alces alces,21
393,2016,Capreolus capreolus,22
393,2017,Alces alces,25
393,2017,Capreolus capreolus,22
393,2018,Alces alces,49
393,2018,Capreolus capreolus,28
393,2019,Alces alces,24
393,2019,Capreolus capreolus,32
393,2020,Alces alces,31
393,2020,Capreolus capreolus,38
393,2021,Alces alces,42
393,2021,Capreolus capreolus,69
393,2022,Alces alces,37
393,2022,Capreolus capreolus,35
393,2023,Alces alces,41
393,2023,Capreolus capreolus,30
393,2024,Alces alces,23
393,2024,Capreolus capreolus,16
394,2012,Alces alces,1
394,2012,Capreolus capreolus,1
394,2013,Alces alces,1
394,2015,Alces alces,1
394,2015,Capreolus capreolus,2
394,2016,Alces alces,11
394,2016,Capreolus capreolus,3
394,2017,Alces alces,11
394,2017,Capreolus capreolus,6
394,2018,Alces alces,76
394,2018,Capreolus capreolus,14
394,2019,Alces alces,49
394,2019,Canis lupus,1
394,2019,Capreolus capreolus,10
394,2020,Alces alces,28
394,2020,Canis lupus,2
394,2020,Capreolus capreolus,16
394,2021,Alces alces,158
394,2021,Canis lupus,1
394,2021,Capreolus capreolus,52
394,2022,Alces alces,27
394,2022,Capreolus capreolus,25
394,2023,Alces alces,37
394,2023,Capreolus capreolus,14
394,2024,Alces alces,28
394,2024,Capreolus capreolus,17
395,2011,Capreolus capreolus,1
395,2013,Alces alces,1
395,2015,Alces alces,1
395,2016,Alces alces,2
395,2017,Alces alces,1
395,2020,Alces alces,1
395,2020,Canis lupus,2
395,2021,Alces alces,1
395,2022,Alces alces,1
396,2007,Alces alces,1
396,2010,Alces alces,1
396,2011,Alces alces,2
396,2013,Alces alces,1
396,2015,Alces alces,2
396,2016,Alces alces,1
396,2016,Capreolus capreolus,1
396,2017,Alces alces,1
396,2018,Alces alces,1
396,2019,Capreolus capreolus,1
396,2020,Alces alces,2
396,2020,Capreolus capreolus,1
396,2021,Alces alces,3
396,2021,Capreolus capreolus,2
396,2022,Alces alces,1
396,2023,Capreolus capreolus,1
396,2024,Capreolus capreolus,1
397,2010,Alces alces,2
397,2015,Alces alces,1
397,2020,Alces alces,2
397,2021,Alces alces,3
397,2022,Alces alces,1
397,2023,Capreolus capreolus,1
398,2015,Alces alces,1
398,2022,Canis lupus,17
399,2009,Canis lupus,2
399,2010,Canis lupus,1
399,2022,Canis lupus,2
400,1999,Alces alces,1
400,2001,Capreolus capreolus,1
400,2006,Canis lupus,7
400,2007,Canis lupus,2
400,2009,Canis lupus,6
400,2013,Alces alces,1
400,2018,Canis lupus,5
400,2023,Canis lupus,1
401,2001,Alces alces,1
401,2006,Canis lupus,7
401,2007,Canis lupus,1
401,2009,Alces alces,1
401,2010,Canis lupus,10
401,2011,Canis lupus,5
401,2018,Alces alces,1
401,2018,Canis lupus,58
401,2022,Alces alces,1
402,1999,Alces alces,1
402,1999,Capreolus capreolus,1
402,2000,Capreolus capreolus,2
402,2001,Alces alces,1
402,2001,Capreolus capreolus,1
402,2002,Alces alces,1
402,2003,Alces alces,1
402,2005,Alces alces,1
402,2009,Alces alces,1
402,2010,Alces alces,6
402,2011,Alces alces,3
402,2012,Alces alces,1
402,2013,Capreolus capreolus,2
402,2014,Alces alces,2
402,2014,Capreolus capreolus,1
402,2016,Capreolus capreolus,1
402,2017,Alces alces,2
402,2017,Capreolus capreolus,2
402,2018,Alces alces,1
402,2019,Alces alces,4
402,2019,Canis lupus,1
402,2019,Capreolus capreolus,5
402,2020,Alces alces,8
402,2020,Capreolus capreolus,26
402,2021,Alces alces,13
402,2021,Capreolus capreolus,19
402,2022,Alces alces,17
402,2022,Capreolus capreolus,11
402,2023,Alces alces,7
402,2023,Capreolus capreolus,16
402,2024,Alces alces,5
402,2024,Capreolus capreolus,10
403,2000,Alces alces,1
403,2001,Alces alces,2
403,2002,Alces alces,6
403,2009,Alces alces,3
403,2010,Capreolus capreolus,1
403,2015,Alces alces,1
403,2016,Alces alces,2
403,2017,Alces alces,1
403,2018,Alces alces,1
403,2018,Capreolus capreolus,1
403,2019,Alces alces,2
403,2020,Alces alces,2
403,2021,Alces alces,2
403,2022,Alces alces,2
403,2023,Alces alces,2
403,2023,Capreolus capreolus,1
403,2024,Alces alces,7
403,2024,Capreolus capreolus,2
405,2010,Alces alces,1
405,2015,Alces alces,3
405,2016,Alces alces,1
405,2017,Alces alces,1
405,2017,Capreolus capreolus,4
405,2018,Alces alces,3
405,2018,Capreolus capreolus,1
405,2019,Alces alces,6
405,2019,Capreolus capreolus,6
405,2020,Alces alces,10
405,2020,Canis lupus,1
405,2020,Capreolus capreolus,22
405,2021,Alces alces,11
405,2021,Capreolus capreolus,8
405,2022,Alces alces,9
405,2022,Capreolus capreolus,4
405,2023,Alces alces,8
405,2023,Capreolus capreolus,4
405,2024,Alces alces,20
405,2024,Capreolus capreolus,3
406,2003,Alces alces,1
406,2015,Alces alces,2
406,2015,Capreolus capreolus,2
406,2016,Alces alces,2
406,2017,Alces alces,5
406,2017,Capreolus capreolus,1
406,2018,Alces alces,5
406,2018,Capreolus capreolus,3
406,2019,Alces alces,2
406,2019,Capreolus capreolus,7
406,2020,Alces alces,7
406,2020,Capreolus capreolus,6
406,2021,Alces alces,7
406,2021,Canis lupus,1
406,2021,Capreolus capreolus,8
406,2022,Alces alces,6
406,2022,Capreolus capreolus,1
406,2023,Alces alces,2
406,2023,Capreolus capreolus,2
406,2024,Alces alces,9
406,2024,Capreolus capreolus,4
407,2013,Capreolus capreolus,1
407,2017,Alces alces,1
407,2017,Capreolus capreolus,4
407,2018,Alces alces,3
407,2018,Capreolus capreolus,2
407,2019,Alces alces,2
407,2019,Capreolus capreolus,3
407,2020,Alces alces,1
407,2020,Canis lupus,1
407,2021,Alces alces,1
407,2021,Capreolus capreolus,7
407,2022,Alces alces,3
407,2022,Capreolus capreolus,6
407,2023,Capreolus capreolus,5
407,2024,Alces alces,1
407,2024,Capreolus capreolus,14
408,2011,Alces alces,1
408,2017,Alces alces,1
408,2019,Alces alces,3
408,2021,Alces alces,1
409,2005,Canis lupus,2
409,2009,Canis lupus,6
409,2019,Alces alces,6
409,2020,Alces alces,1
409,2021,Alces alces,3
409,2022,Alces alces,2
409,2023,Alces alces,2
409,2024,Alces alces,4
410,2009,Canis lupus,7
410,2019,Alces alces,2
410,2021,Alces alces,1
410,2024,Alces alces,6
411,1999,Capreolus capreolus,1
411,2000,Alces alces,3
411,2001,Alces alces,6
411,2002,Alces alces,1
411,2010,Canis lupus,20
411,2010,Capreolus capreolus,2
411,2011,Alces alces,2
411,2012,Alces alces,1
411,2014,Alces alces,2
411,2015,Capreolus capreolus,12
411,2016,Alces alces,1
411,2016,Capreolus capreolus,4
411,2017,Alces alces,2
411,2017,Capreolus capreolus,4
411,2018,Alces alces,1
411,2018,Capreolus capreolus,1
411,2019,Alces alces,4
411,2020,Alces alces,5
411,2020,Capreolus capreolus,1
411,2021,Alces alces,1
411,2022,Alces alces,2
411,2023,Alces alces,2
411,2024,Alces alces,4
411,2024,Capreolus capreolus,1
412,2000,Alces alces,1
412,2001,Capreolus capreolus,1
412,2002,Alces alces,5
412,2003,Alces alces,2
412,2005,Alces alces,1
412,2016,Alces alces,2
412,2017,Alces alces,1
412,2019,Alces alces,8
412,2019,Capreolus capreolus,1
412,2020,Alces alces,2
412,2020,Capreolus capreolus,4
412,2021,Alces alces,1
412,2021,Capreolus capreolus,1
412,2022,Alces alces,1
412,2023,Alces alces,2
412,2023,Capreolus capreolus,2
413,2000,Alces alces,2
413,2000,Capreolus capreolus,1
413,2001,Alces alces,3
413,2009,Alces alces,1
413,2016,Alces alces,1
413,2017,Alces alces,3
413,2018,Alces alces,2
413,2019,Alces alces,1
413,2020,Alces alces,1
413,2021,Alces alces,2
413,2023,Alces alces,2
413,2024,Alces alces,1
414,2000,Alces alces,1
414,2013,Alces alces,1
414,2017,Alces alces,2
414,2020,Alces alces,2
414,2023,Alces alces,1
414,2023,Capreolus capreolus,1
416,1999,Alces alces,2
416,2002,Alces alces,6
416,2017,Alces alces,2
416,2020,Alces alces,1
416,2024,Alces alces,3
417,2001,Alces alces,2
417,2004,Alces alces,1
417,2010,Capreolus capreolus,1
417,2012,Capreolus capreolus,1
417,2015,Alces alces,1
417,2018,Alces alces,4
417,2018,Capreolus capreolus,2
417,2019,Capreolus capreolus,4
417,2020,Alces alces,2
417,2020,Capreolus capreolus,5
417,2021,Alces alces,1
417,2021,Capreolus capreolus,2
417,2022,Capreolus capreolus,1
417,2023,Alces alces,4
417,2023,Capreolus capreolus,2
417,2024,Alces alces,5
417,2024,Capreolus capreolus,2
418,1999,Alces alces,2
418,2000,Alces alces,3
418,2001,Alces alces,6
418,2001,Capreolus capreolus,2
418,2002,Alces alces,2
418,2009,Alces alces,1
418,2011,Canis lupus,1
418,2017,Alces alces,4
418,2019,Alces alces,2
418,2024,Alces alces,1
421,2001,Alces alces,5
421,2014,Alces alces,5
421,2015,Alces alces,3
421,2016,Alces alces,7
421,2017,Alces alces,4
421,2018,Alces alces,8
421,2019,Alces alces,2
421,2020,Alces alces,1
421,2021,Alces alces,5
421,2022,Alces alces,4
421,2023,Alces alces,4
421,2023,Capreolus capreolus,1
421,2024,Alces alces,11
421,2024,Canis lupus,5
422,2005,Alces alces,1
422,2008,Alces alces,1
422,2009,Alces alces,1
422,2010,Capreolus capreolus,1
422,2011,Alces alces,2
422,2014,Alces alces,9
422,2015,Alces alces,4
422,2016,Alces alces,2
422,2017,Alces alces,1
422,2018,Alces alces,2
422,2020,Alces alces,4
422,2021,Alces alces,1
422,2022,Alces alces,2
422,2023,Alces alces,1
422,2024,Alces alces,2
423,2024,Alces alces,2
424,1999,Alces alces,4
424,2000,Alces alces,1
424,2002,Alces alces,12
424,2005,Canis lupus,3
424,2006,Alces alces,1
424,2009,Alces alces,1
424,2010,Canis lupus,1
424,2012,Alces alces,1
424,2013,Alces alces,2
424,2014,Alces alces,7
424,2014,Canis lupus,11
424,2015,Alces alces,15
424,2016,Alces alces,5
424,2017,Alces alces,9
424,2018,Alces alces,12
424,2018,Canis lupus,1
424,2019,Alces alces,16
424,2019,Canis lupus,3
424,2020,Alces alces,10
424,2021,Alces alces,7
424,2021,Canis lupus,10
424,2022,Alces alces,10
424,2022,Canis lupus,4
424,2022,Capreolus capreolus,1
424,2023,Alces alces,11
424,2024,Alces alces,15
424,2024,Canis lupus,31
425,1999,Alces alces,5
425,1999,Capreolus capreolus,1
425,2000,Alces alces,2
425,2001,Alces alces,3
425,2002,Alces alces,19
425,2002,Capreolus capreolus,2
425,2003,Canis lupus,1
425,2004,Canis lupus,7
425,2005,Canis lupus,9
425,2008,Capreolus capreolus,1
425,2009,Alces alces,1
425,2009,Capreolus capreolus,2
425,2010,Alces alces,2
425,2010,Canis lupus,2
425,2010,Capreolus capreolus,3
425,2011,Alces alces,1
425,2011,Capreolus capreolus,1
425,2012,Capreolus capreolus,1
425,2014,Alces alces,6
425,2014,Canis lupus,5
425,2015,Alces alces,14
425,2015,Canis lupus,1
425,2016,Alces alces,19
425,2016,Capreolus capreolus,1
425,2017,Alces alces,16
425,2017,Capreolus capreolus,5
425,2018,Alces alces,19
425,2018,Capreolus capreolus,1
425,2019,Alces alces,59
425,2019,Capreolus capreolus,7
425,2020,Alces alces,18
425,2020,Capreolus capreolus,10
425,2021,Alces alces,54
425,2021,Capreolus capreolus,13
425,2022,Alces alces,26
425,2022,Capreolus capreolus,7
425,2023,Alces alces,27
425,2023,Capreolus capreolus,7
425,2024,Alces alces,33
425,2024,Canis lupus,15
425,2024,Capreolus capreolus,10
426,2000,Alces alces,1
426,2002,Alces alces,1
426,2005,Canis lupus,1
426,2009,Alces alces,1
426,2015,Alces alces,1
426,2015,Capreolus capreolus,1
426,2016,Alces alces,1
426,2017,Alces alces,2
426,2019,Alces alces,2
426,2022,Alces alces,1
426,2023,Alces alces,1
426,2023,Capreolus capreolus,1
426,2024,Alces alces,1
426,2024,Canis lupus,5
426,2024,Capreolus capreolus,1
427,1999,Alces alces,1
427,2000,Alces alces,3
427,2005,Alces alces,1
427,2014,Alces alces,1
427,2019,Alces alces,2
427,2020,Alces alces,1
427,2022,Alces alces,1
427,2024,Alces alces,2
429,2005,Canis lupus,10
430,2000,Alces alces,1
430,2021,Alces alces,1
430,2022,Alces alces,1
430,2023,Alces alces,1
431,1999,Alces alces,1
431,2023,Alces alces,1
