GridID,year,gbif_D_moose,gbif_D_roe,gbif_D_wolf
1,2003,,,0.35508060259814067
1,2004,,,0.05760462066327891
1,2006,,0.20799363477464688,
1,2010,0.05785004632619019,0.0824669562707631,
1,2011,,0.07425095620550394,
1,2014,,0.0779297043732948,
1,2015,,0.0,
1,2016,,0.0,
1,2017,,0.14305693117276932,
1,2018,,0.04595509005305316,
1,2019,0.0,0.018792618513413722,
1,2020,,0.3827825347261148,
1,2021,0.0,0.3383071827977343,
1,2022,,0.5141762339308998,
1,2023,,0.4143620269896897,
1,2024,,0.39504197673392144,0.5869300770693119
2,1999,0.009429449131734064,0.1395776537729733,
2,2001,,0.12112875941583287,
2,2002,,0.26780030497668506,
2,2003,0.09576104413928568,0.15991654516879,0.3304029123837552
2,2004,,0.2584247734917276,
2,2006,,0.20799363477464688,
2,2007,0.13398628838065355,0.24750332603240816,
2,2008,0.10738349825561784,0.3678330174252935,
2,2009,0.0780034718598684,0.43241234669360684,
2,2010,0.05785004632619019,0.5372167141963085,
2,2011,,0.4686074355840517,
2,2012,0.25983410478788266,0.4840204564487695,
2,2013,0.08413671930162277,0.5961132801535896,
2,2014,0.07253077726396527,0.47228618375184256,
2,2015,0.010006104099593814,0.6285200610893356,
2,2016,0.0,0.6427871913934984,
2,2017,0.0,0.6515002752197284,
2,2018,0.02241060617626685,0.7090515918890697,
2,2019,0.03513556040833445,0.6700324235515336,
2,2020,0.033897632300124395,0.6581954781148774,
2,2021,0.0982801978479912,0.6696003838801414,
2,2022,0.0,0.6888265636346065,
2,2023,0.07937035372449902,0.6754340098182108,
2,2024,0.012818224471617607,0.7176486984047401,
3,1999,,0.1395776537729733,
3,2000,,0.13539547370182758,
3,2001,0.023554641469239832,0.25258091920868214,
3,2002,,0.26780030497668506,
3,2003,,0.23681112928641215,
3,2004,,0.18153018937410545,
3,2005,0.14811366390554953,0.2579945132595677,
3,2006,0.14540430650641914,0.3394457945674962,
3,2007,,0.34437904507857636,
3,2008,,0.428226295972291,
3,2009,,0.3555177625759847,
3,2010,,0.32004766428747194,
3,2011,0.23853297355230899,0.35949228423359747,
3,2012,,0.26343428023401205,
3,2013,0.08413671930162277,0.5834655691576043,
3,2014,0.16808994900328553,0.6095740464164621,
3,2015,0.10556527583891406,0.74750277596141,
3,2016,,0.6207746404794282,
3,2017,0.16764894087216592,0.6235608238466306,
3,2018,0.18577008925682756,0.6801366276545947,
3,2019,0.15552587891948416,0.6049945362318081,
3,2020,0.1972571153806851,0.6680238627542082,
3,2021,0.030479886506750712,0.7301517661287071,
3,2022,0.0,0.7119424042970769,
3,2023,0.07937035372449902,0.7984142477845086,
3,2024,0.17617770755217832,0.7091556951094445,
4,2001,,0.12112875941583287,
4,2002,,0.5422018039463599,
4,2003,,0.29136870496163925,
4,2004,,0.18153018937410545,
4,2006,,0.3394457945674962,
4,2007,,0.170608741914786,
4,2009,,0.26638374615407656,
4,2010,,0.29081370018123454,
4,2011,,0.3118316642222127,
4,2012,,0.2980107209806931,
4,2013,,0.31390634292502784,
4,2014,,0.3408340239589933,
4,2015,0.010006104099593814,0.43667462274948887,
4,2016,0.0,0.533383166599456,
4,2017,0.0472586223610162,0.5943268597403932,
4,2018,,0.5717637292244503,
4,2019,0.15552587891948416,0.580490128437926,
4,2020,,0.42162084873913447,
4,2021,0.0,0.4841697187216636,
4,2022,0.0,0.37826162403752317,
4,2023,,0.3738586857839809,
4,2024,0.0,0.31040568999203927,
5,2007,,0.170608741914786,
5,2008,,0.10492869783959502,
5,2012,0.09647462170732189,,
5,2015,,0.13145215979284924,
5,2016,,0.09202570397559816,
5,2017,,0.10073878780182823,
5,2018,,0.0,
5,2019,0.0,0.0,
5,2021,,0.0,0.16732585800759675
5,2022,,0.0,
5,2024,,0.0,
6,1999,0.009429449131734064,,
6,2010,0.05785004632619019,,
6,2014,,0.0779297043732948,
6,2017,0.0,,
6,2019,,0.0,
7,2001,,0.12112875941583287,
7,2018,,,0.3052502020723847
7,2019,,,0.298076163062565
7,2020,,,0.4607454217453023
8,2001,0.11911381320856008,,
8,2014,,,0.5005521673161203
8,2015,,,0.14541342683932973
8,2017,,,0.08298033265844643
8,2018,,,0.38018346034200623
8,2019,,,0.5011086724418593
8,2020,,,0.4195066738790674
8,2021,,,0.33666385698350426
8,2022,,0.0,
9,2017,0.0,,
10,2016,,0.0,
12,1999,0.7033686918915699,0.6823808247463217,
12,2000,0.37930897333103075,0.5044283415113857,
12,2001,0.4458327793696816,0.5154852387943806,
12,2002,,0.44157060814047544,0.3150513485028881
12,2003,0.09576104413928568,0.4651390081254297,0.3304029123837552
12,2004,0.3955656480202212,0.6182048121235942,0.22694261963918644
12,2005,0.3114731469861103,0.46634125717003916,
12,2006,0.24096347824573938,0.41634037868511825,
12,2007,0.3499357786311235,0.4939063400474819,
12,2008,0.10738349825561784,0.6422345163949684,
12,2009,0.5366115207508665,0.7528145392869655,
12,2010,0.3845690124873117,0.6966673589437585,0.4638670923034873
12,2011,0.42965131703094944,0.6423777387478421,
12,2012,0.19203379344664215,0.5166110635629995,0.5405760370081879
12,2013,0.438614545860824,0.5222530868354992,
12,2014,0.4270086038231665,0.6883746302865741,
12,2015,0.36448393065879503,0.6319371873952567,0.14541342683932973
12,2016,0.480240997704368,0.7354600707548311,0.3493725403493656
12,2017,0.4417778998633782,0.773634647663658,
12,2018,0.34912957233738834,0.7051811436926421,
12,2019,0.36185452656945594,0.6020991306924709,0.5423474203080941
12,2020,0.033897632300124395,0.4864320230861966,0.2382414299293435
12,2021,0.030479886506750712,0.5625999013430764,
12,2022,0.09884183174770665,0.5227979630950761,
12,2023,0.17492952546381924,0.545814186782539,0.3953459555069304
12,2024,0.0,0.5065130015982247,0.47491123794571805
13,1999,0.6228259305108161,0.5943274116985185,
13,2000,0.0,,
13,2001,0.11911381320856008,0.19802334353345502,
13,2004,0.10031708220978383,0.18153018937410545,
13,2005,0.14811366390554953,0.18109992914194553,
13,2007,,0.170608741914786,
13,2008,0.2707429813361786,0.2363808576324443,
13,2009,0.17356264359918866,0.22406560278313548,
13,2010,0.05785004632619019,,
13,2011,,0.15114554032312608,
13,2014,0.235890260344526,0.15482428849091692,0.5594050135996628
13,2015,0.10556527583891406,,0.19857941967938092
13,2016,0.07143383566659343,0.09202570397559816,0.2212732892396929
13,2017,0.24694801643213332,0.0,
13,2018,0.22210000024738397,0.04595509005305316,
13,2019,,0.20480235398149008,
13,2020,0.0,0.059484936593418816,0.39482898366468205
13,2021,0.0982801978479912,0.14894080432166534,
13,2022,0.09884183174770665,0.1406809160208143,
13,2023,0.0,0.1655119418735095,0.2387584017715919
13,2024,0.0806185358128581,0.12439595452396285,
14,1999,0.10498862087105432,0.1395776537729733,
14,2002,0.042237795422555326,0.1363481451838358,
14,2004,0.10031708220978383,,
14,2007,0.2295454601199738,,
14,2009,0.0780034718598684,,
14,2012,0.09647462170732189,,
14,2013,0.17969589104094302,,
14,2014,0.07253077726396527,,
14,2015,0.17336558718015455,,
14,2017,0.1150589337022567,0.0,
14,2018,,0.04595509005305316,
14,2019,0.15552587891948416,,
14,2020,0.033897632300124395,0.1018030799643599,
14,2021,0.0,0.0,
14,2022,0.0,0.0,
14,2023,0.0,,
14,2024,0.012818224471617607,,0.14377947745675101
15,2001,0.11911381320856008,0.12112875941583287,
15,2002,0.20559727850311607,0.26780030497668506,
15,2003,,0.23681112928641215,
15,2005,0.4433622297159869,,
15,2006,,0.28488821889226906,
15,2007,0.13398628838065355,0.3020609017076353,
15,2008,,0.18182328195721717,
15,2009,0.4047224380209899,0.26638374615407656,
15,2010,0.15340921806551044,0.38768941922740285,
15,2011,0.4974516283721899,0.4686074355840517,
15,2012,0.42319358786844335,0.2980107209806931,
15,2013,0.3430553741215037,0.20777779470116828,
15,2014,0.33144943208384625,0.20938186416614404,
15,2015,0.17336558718015455,0.23758070801670877,
15,2016,0.13923414700783393,0.03746812830037104,
15,2017,0.24694801643213332,0.20686733602568777,
15,2018,0.22210000024738397,0.17740724984590242,
15,2019,0.15552587891948416,0.11566833755958192,
15,2020,0.1972571153806851,0.19093709638626805,
15,2021,0.0982801978479912,0.25115900000827723,
15,2022,,0.16991488012705172,
15,2023,,0.004825817974422859,
15,2024,,0.0,
16,1999,,0.1395776537729733,
16,2002,0.20559727850311607,,
16,2007,,0.170608741914786,
16,2009,0.0780034718598684,,
16,2010,0.15340921806551044,0.32004766428747194,
16,2012,0.09647462170732189,0.22111613686307097,
16,2013,0.08413671930162277,,
16,2014,0.16808994900328553,0.0779297043732948,
16,2015,0.010006104099593814,0.07689458411762214,
16,2016,,0.0,0.1463400309700713
16,2017,0.0,0.0,
16,2019,0.10293587174957496,,
16,2020,0.0,,
16,2022,,0.0,
16,2023,0.0,0.0,
17,2000,0.6811967927203226,0.21229005781944973,
17,2002,0.3374863612329927,,
17,2004,0.10031708220978383,,
17,2006,0.14540430650641914,,
17,2009,0.0780034718598684,,
17,2010,0.05785004632619019,,
17,2011,0.17073266221106848,,
17,2013,0.17969589104094302,,
17,2016,0.0,,
17,2018,0.0,,
17,2019,0.0,,
17,2021,0.030479886506750712,,
17,2022,0.0,,
18,1999,0.009429449131734064,,
18,2000,0.32671896616112145,0.13539547370182758,
18,2003,0.19132021587860593,,
18,2009,0.0780034718598684,,
18,2019,0.0,,
18,2022,0.0,,
18,2024,0.012818224471617607,,
19,2001,0.11911381320856008,,
19,2013,0.08413671930162277,,
19,2015,,,0.07048016856970821
20,2014,,,0.4886249223423038
20,2021,,0.0,
20,2023,,,0.16382514350197036
21,2001,,0.12112875941583287,
21,2007,,0.170608741914786,
21,2011,,0.07425095620550394,
21,2014,,,0.347775225992062
21,2015,,0.3052224629566397,
21,2016,,0.2234778637684474,
21,2017,,0.20686733602568777,
21,2018,,0.29235810406812696,
21,2019,,0.29687666773583127,
21,2020,,0.3101498238748313,
21,2021,,0.34803471905444544,
21,2022,,0.3690087948598318,
21,2023,,0.3738586857839809,
21,2024,,0.32190286937601553,
22,2013,,0.15322021902594116,
22,2014,,0.0779297043732948,
22,2015,,0.2629043195856985,
22,2016,,0.1689202880932203,
22,2017,,0.2545279560370725,
22,2018,,0.14283080909922138,
22,2019,,0.22713936242388513,
22,2020,,0.32238925617911735,
22,2021,,0.14894080432166534,
22,2022,,0.2175755001384365,
22,2023,,0.1362779777672721,
22,2024,,0.15362991863020026,
23,1999,0.48429759420208507,0.46287525190566925,
23,2000,0.6811967927203226,0.3982997932875261,
23,2001,0.18691412454980058,0.12112875941583287,
23,2002,0.13779696716187556,0.3101184483476262,0.20303250937929426
23,2003,0.2591205272198464,0.29136870496163925,
23,2004,0.7048190017360887,0.521329093077426,
23,2005,0.3640631541560195,0.2579945132595677,
23,2006,,0.38176393793843727,0.2002811612042697
23,2007,0.3499357786311235,0.34437904507857636,
23,2008,0.4026320640660552,0.3678330174252935,
23,2009,0.6536107316036716,0.6913239845117448,
23,2010,0.48012818422663195,0.6552765786874702,0.5582718330097733
23,2011,0.47694496836432404,0.5678390281440688,
23,2012,0.31242411195779185,0.5968039113195069,0.707726931709004
23,2013,0.41085568546274426,0.6491352573250261,0.33256061594152053
23,2014,0.33144943208384625,0.6095740464164621,0.31928692336639625
23,2015,0.3052546699100312,0.5197876452452705,0.30200098057466823
23,2016,0.45074280899762414,0.6207746404794282,0.3493725403493656
23,2017,0.4560657843987908,0.6045804584122282,0.08298033265844643
23,2018,0.43121776821404145,0.6823547275488372,
23,2019,0.29405421522821545,0.7052873815838974,0.298076163062565
23,2020,0.4132066056311551,0.629967592649606,0.2914074227693947
23,2021,0.48908793539774886,0.6532571820110852,
23,2022,0.31479132199817667,0.6624968734246508,
23,2023,0.317782348536514,0.7075394660435347,
23,2024,0.13320854298276733,0.6707774463552637,0.4217452451056668
24,1999,0.268348103951615,0.21647223789059544,
24,2000,0.5043663337770948,0.21229005781944973,
24,2001,0.18691412454980058,,
24,2002,0.44400927331513107,0.3101184483476262,
24,2003,0.2591205272198464,0.15991654516879,
24,2004,0.26367656529034456,,
24,2005,0.14811366390554953,0.2579945132595677,
24,2008,0.10738349825561784,0.10492869783959502,
24,2009,0.24136295494042914,0.22406560278313548,
24,2010,0.3530986121366276,0.3677082842988567,0.7200655945228329
24,2011,0.2911229807222182,0.3118316642222127,
24,2012,0.19203379344664215,0.37490530509831527,0.37659517122003694
24,2013,0.17969589104094302,0.15322021902594116,0.4074938742111421
24,2014,0.16808994900328553,0.25170000753708516,0.44738617447606904
24,2015,0.10556527583891406,0.28524132802809354,0.5828771730083993
24,2016,0.0,0.26579600713938856,0.4437772810556516
24,2017,0.24694801643213332,0.20686733602568777,
24,2018,0.30616040776797737,0.2742829688920707,
24,2019,0.26629535483013567,0.20480235398149008,
24,2020,0.2928162871200054,0.19093709638626805,0.5693731904183105
24,2021,0.0982801978479912,0.21658255926159622,
24,2022,0.031041520406466152,0.1406809160208143,
24,2023,0.17492952546381924,0.10170153702059107,
24,2024,0.21250761854273473,0.04750137040634072,0.3131174764326586
25,1999,0.5400092088110091,0.44480011672961295,
25,2000,0.29524856581043735,0.26684763349467683,
25,2001,0.2395041317197098,,
25,2002,0.44400927331513107,0.1363481451838358,
25,2003,0.09576104413928568,,
25,2006,0.14540430650641914,0.20799363477464688,
25,2007,0.29734577146121427,0.170608741914786,
25,2009,,0.09261344299028619,
25,2010,,0.0824669562707631,0.2608345829241931
25,2011,0.17073266221106848,0.07425095620550394,
25,2012,0.09647462170732189,,
25,2014,0.33144943208384625,0.15482428849091692,0.11625441398710193
25,2015,0.10556527583891406,,
25,2016,0.0,,0.2212732892396929
25,2017,,0.10073878780182823,0.15791359092806795
25,2018,0.0,0.04595509005305316,
25,2019,0.23482495447945156,0.0,0.3393149109287998
25,2020,0.2928162871200054,0.3101498238748313,0.16330817165972195
25,2021,,0.08513039946874688,
25,2022,0.4103504937374969,0.19523849169604143,0.25691159076879166
25,2023,0.39087901571428924,0.2331536968134404,0.2387584017715919
25,2024,0.4350963623720593,0.08981951377728181,
26,1999,0.009429449131734064,0.1395776537729733,
26,2001,0.023554641469239832,,
26,2003,0.09576104413928568,,
26,2009,0.0780034718598684,,
26,2011,0.23853297355230899,0.07425095620550394,
26,2012,0.09647462170732189,,0.14507435921507697
26,2013,,0.07632563490831899,0.07636211372217508
26,2014,0.07253077726396527,0.0779297043732948,
26,2017,0.1150589337022567,0.0,
26,2018,0.18577008925682756,0.04595509005305316,
26,2019,0.0,0.018792618513413722,0.16997691195289227
26,2020,0.0,0.13637952071104095,0.16330817165972195
26,2021,0.0982801978479912,0.0,
26,2022,0.15143183891761586,0.0,
26,2023,0.011570042383258516,0.1362779777672721,
26,2024,0.13320854298276733,0.04750137040634072,0.14377947745675101
27,2002,0.042237795422555326,,
27,2008,0.10738349825561784,,
27,2013,0.08413671930162277,,
27,2014,,0.0779297043732948,
27,2015,0.17336558718015455,,
27,2016,0.0,,
27,2018,0.0,,
27,2019,0.0,,
27,2020,0.033897632300124395,,
27,2021,0.0,,
27,2022,0.031041520406466152,,
27,2023,0.0,,
28,1999,,0.1395776537729733,
28,2002,0.5466041291996502,0.21324272930145796,
28,2003,0.19132021587860593,,
28,2014,0.16808994900328553,,0.11625441398710193
28,2018,0.02241060617626685,0.0,
28,2020,0.0,,
28,2021,0.0,,
28,2023,,0.0,0.16382514350197036
28,2024,0.0,0.0,
29,2000,0.09555917173932021,,
29,2001,0.18691412454980058,,
29,2008,,0.10492869783959502,
29,2010,,0.4057645544034591,
29,2011,,0.07425095620550394,
29,2012,0.19203379344664215,0.0896639770702217,
29,2013,0.08413671930162277,,
30,2012,,0.0896639770702217,
30,2014,0.07253077726396527,0.0779297043732948,0.11625441398710193
30,2015,,0.0,
30,2016,,0.09202570397559816,
30,2017,,0.14305693117276932,
30,2018,,0.04595509005305316,
30,2019,,0.24712049735243125,
30,2020,,0.1018030799643599,
30,2021,0.0,0.08513039946874688,
30,2022,,0.0,
30,2023,,0.05938339364964997,
30,2024,0.0,0.04750137040634072,
31,1999,0.33614841529285555,,
31,2000,0.0,0.13539547370182758,
31,2001,0.023554641469239832,,
31,2003,0.09576104413928568,,
31,2012,,,0.14507435921507697
31,2017,0.0,,
31,2019,0.19849504348889518,,
31,2020,0.1542879508112741,,
31,2021,,0.0,
31,2022,0.15143183891761586,,
31,2023,0.13196036089440824,,
31,2024,0.0,,
32,1999,,0.1395776537729733,
32,2001,,0.19802334353345502,
32,2003,,0.15991654516879,
32,2005,,0.2579945132595677,
32,2006,0.14540430650641914,,
32,2007,,0.24750332603240816,
32,2009,,0.09261344299028619,
32,2010,0.05785004632619019,0.15936154038838526,
32,2011,0.07517349047174823,0.2057031159983532,
32,2012,0.09647462170732189,0.16655856118784385,
32,2013,,0.15322021902594116,
32,2015,,0.13145215979284924,
32,2016,0.13923414700783393,0.03746812830037104,0.40253853318941685
32,2017,,0.14305693117276932,
32,2018,,0.25430183396352457,
32,2019,,0.018792618513413722,
32,2020,,0.3338864355630936,
32,2021,,0.2346576944376525,
32,2022,,0.2175755001384365,
32,2023,,0.004825817974422859,
32,2024,,0.15362991863020026,
33,2002,,0.1363481451838358,
33,2003,0.42248001030040716,0.6670564794180753,
33,2004,0.10031708220978383,0.2584247734917276,
33,2005,,0.3125520889347948,
33,2006,,0.4455743427913557,
33,2007,,0.24750332603240816,
33,2008,0.20294266999493807,0.3425094058563038,
33,2009,0.0780034718598684,0.4616463107998442,
33,2010,,0.34537127585646166,
33,2011,,0.39754855433819986,
33,2012,0.19203379344664215,0.39488644002686135,
33,2013,,0.36156696293641255,
33,2014,0.07253077726396527,0.4329083377133345,
33,2015,0.010006104099593814,0.513569206867111,
33,2016,0.0,0.4395663103031789,
33,2017,0.0472586223610162,0.3514036750832407,
33,2018,0.02241060617626685,0.4057351286849199,
33,2019,0.10293587174957496,0.44903796864507683,
33,2020,0.0,0.2678316805038902,
33,2021,0.030479886506750712,0.5364003280363707,
33,2022,0.0,0.5608542331996785,
33,2023,0.07937035372449902,0.5306344571458199,
33,2024,0.0,0.4693909470726953,
34,2007,,0.170608741914786,
34,2010,,0.0824669562707631,
34,2011,,0.07425095620550394,
34,2012,,0.16655856118784385,
34,2013,,0.15322021902594116,
34,2014,,0.0779297043732948,
34,2015,,0.0,
34,2016,0.0,0.1981542521994577,
34,2017,,0.0,
34,2018,,0.04595509005305316,
34,2019,,0.20480235398149008,
34,2020,0.0,0.4285178044029769,
34,2021,0.0,0.25115900000827723,
34,2022,0.031041520406466152,0.3490276599312857,
34,2023,,0.25122883198949664,
34,2024,0.0806185358128581,0.32190286937601553,
35,1999,0.4112009270243098,0.5086105215825313,
35,2000,0.21594949025046994,0.34374221761229895,
35,2001,0.4028636148002706,0.4263512223724726,
35,2002,0.3374863612329927,0.47614704888715653,0.0
35,2003,,,0.2269813514884679
35,2004,0.19587625394910407,0.3129823491669547,
35,2005,,0.18109992914194553,
35,2008,0.20294266999493807,0.3132754417500664,
35,2009,,0.26638374615407656,
35,2010,0.15340921806551044,0.43744558961080277,
35,2011,0.07517349047174823,0.39754855433819986,
35,2012,0.25983410478788266,0.4294628807735424,
35,2013,0.17969589104094302,0.3392299544940175,0.07636211372217508
35,2014,0.235890260344526,0.5411095336609058,
35,2015,0.22595559435006377,0.48643079313288895,
35,2016,0.3303524904864744,0.533383166599456,0.2212732892396929
35,2017,0.3061772771808972,0.5978066890983146,
35,2018,0.18577008925682756,0.5795054318487103,
35,2019,0.10293587174957496,0.6292375444266929,
35,2020,0.42841690980248637,0.5730541434605299,
35,2021,0.2301692805778678,0.593573743515706,
35,2022,0.23073091447758326,0.6010921504585656,
35,2023,0.4060893198856205,0.612725130108854,
35,2024,0.42162538650939224,0.5642052830073762,
36,1999,0.8030267133109623,0.7123872761896803,
36,2000,0.09555917173932021,,
36,2001,0.5136330907109221,0.4761073927558725,
36,2002,0.44400927331513107,0.5053810129933939,0.2974372500855803
36,2003,,,0.2682200993547027
36,2004,,0.18153018937410545,
36,2005,0.14811366390554953,0.2579945132595677,
36,2006,0.14540430650641914,,
36,2007,,,0.5900027445056905
36,2008,0.10738349825561784,0.10492869783959502,0.20117069929666753
36,2009,0.0780034718598684,,
36,2010,,0.21391911606361239,0.13273533181452032
36,2011,0.3704220562821856,0.07425095620550394,
36,2012,0.09647462170732189,,0.5174448675702787
36,2013,,,0.5109154351064294
36,2014,,0.15482428849091692,0.1911876722567235
36,2015,0.4117775819921696,0.28524132802809354,0.36791741865528854
36,2016,0.355183637258304,0.3003724478860696,0.4774717914590384
36,2017,0.16764894087216592,0.23219094759467748,0.21107958376811917
36,2018,0.28132926099614786,0.29235810406812696,
36,2019,0.19849504348889518,0.15024477830626295,0.16997691195289227
36,2020,0.0,0.19093709638626805,
36,2021,0.030479886506750712,0.30571657568350435,
36,2022,0.09884183174770665,0.2175755001384365,
36,2023,0.13196036089440824,0.2331536968134404,
36,2024,0.0,0.08981951377728181,0.5783327988410053
37,1999,0.10498862087105432,,
37,2001,0.023554641469239832,,
37,2002,,0.1363481451838358,
37,2003,0.09576104413928568,,
37,2004,,0.18153018937410545,
37,2006,0.14540430650641914,,
37,2009,0.24136295494042914,0.09261344299028619,
37,2010,0.3530986121366276,0.15936154038838526,0.2608345829241931
37,2011,0.454482463802779,,
37,2012,,0.0896639770702217,
37,2013,0.08413671930162277,0.07632563490831899,0.3914134622250631
37,2014,0.07253077726396527,0.15482428849091692,
37,2015,0.10556527583891406,0.17377030316379033,0.45477792189872646
37,2016,0.0,0.2234778637684474,0.2212732892396929
37,2017,0.0,0.338319495818537,0.08298033265844643
37,2018,0.25357040059806807,0.33809337374498905,
37,2019,0.23482495447945156,0.4131490978919615,0.16997691195289227
37,2020,0.10169794364136489,0.39121260608818054,
37,2021,0.2893985413266317,0.5218050222182358,
37,2022,0.09884183174770665,0.10610447527413328,
37,2023,0.011570042383258516,0.1655119418735095,
37,2024,0.012818224471617607,0.2393468087461874,
38,1999,0.009429449131734064,,
38,2000,0.0,,
38,2001,0.023554641469239832,,
38,2002,0.13779696716187556,0.1363481451838358,
38,2003,0.09576104413928568,,
38,2006,0.30876378958697986,0.20799363477464688,
38,2008,0.10738349825561784,,
38,2009,0.2939529621103384,0.09261344299028619,
38,2010,,0.0824669562707631,
38,2011,0.07517349047174823,0.15114554032312608,
38,2013,,0.15322021902594116,0.5828916998233649
38,2014,0.235890260344526,0.0779297043732948,
38,2015,0.10556527583891406,0.13145215979284924,0.36791741865528854
38,2016,0.19182415417774315,0.1981542521994577,0.4243057986189872
38,2017,0.24694801643213332,0.14305693117276932,
38,2018,0.28132926099614786,0.23196482552112951,0.04905169985303921
38,2019,0.23482495447945156,0.17947874241250036,0.5423474203080941
38,2020,0.033897632300124395,0.16561348481727836,0.36634068103901624
38,2021,0.3571988526678722,0.2346576944376525,0.2422591162772183
38,2022,0.23073091447758326,0.1406809160208143,0.38501084187846435
38,2023,0.21125943645437564,0.2829098671968404,0.2387584017715919
38,2024,0.5217609722586021,0.15362991863020026,
39,1999,0.10498862087105432,,
39,2008,0.10738349825561784,,
39,2009,0.0780034718598684,0.09261344299028619,
39,2014,0.07253077726396527,,
39,2015,0.010006104099593814,,
39,2016,,0.09202570397559816,
39,2018,,0.04595509005305316,0.04905169985303921
39,2019,0.0,,
39,2020,,0.0,
39,2021,0.0,0.0428122560978058,
39,2022,0.09884183174770665,0.009228756227965073,
39,2023,,0.05938339364964997,0.33316314247787787
39,2024,0.0806185358128581,,
40,1999,0.3639072756909353,0.27102981356582256,
40,2000,0.35447782655920124,0.4206368017299212,
40,2002,0.042237795422555326,,
40,2003,0.585839493380968,,
40,2004,0.6429855386213753,,
40,2007,,0.170608741914786,
40,2008,0.10738349825561784,,
40,2009,0.0780034718598684,,
40,2010,0.22120952940675093,0.0824669562707631,
40,2011,0.3340921452916292,0.07425095620550394,
40,2012,0.19203379344664215,0.16655856118784385,0.14507435921507697
40,2013,0.17969589104094302,0.31390634292502784,
40,2014,0.36777934307440263,0.3408340239589933,
40,2015,0.4511485405453378,0.35497863334003965,0.27351267794900247
40,2016,0.45074280899762414,0.3664272029452729,
40,2017,0.1150589337022567,0.41521407993615916,
40,2018,0.38545948332794466,0.32403913927547073,
40,2019,0.544078308195319,0.2816969380991122,0.16997691195289227
40,2020,0.2650574267219256,0.32238925617911735,0.3326461706356295
40,2021,0.4097888598377814,0.3280535841258993,0.16732585800759675
40,2022,0.4533196583069078,0.3690087948598318,
40,2023,0.317782348536514,0.4537398730281978,0.36685765288126465
40,2024,0.4823900137054339,0.4693909470726953,0.14377947745675101
41,1999,0.7094905403973589,0.46287525190566925,
41,2000,0.0,,
41,2001,0.3188032072796772,0.19802334353345502,
41,2002,0.3967156219817566,0.34469488909430723,
41,2003,0.4502388706984869,0.39749725318549883,
41,2008,0.10738349825561784,,
41,2010,,0.15936154038838526,
41,2011,0.07517349047174823,,
41,2012,0.09647462170732189,0.0896639770702217,
41,2013,,0.36156696293641255,0.3543278813710909
41,2014,0.235890260344526,0.15482428849091692,
41,2015,0.10556527583891406,0.0,0.07048016856970821
41,2016,,0.09202570397559816,0.1463400309700713
41,2017,0.0,0.0,
41,2018,0.0,0.0,
41,2019,0.0,0.07335019418864083,0.16997691195289227
41,2020,,0.0,
41,2021,0.030479886506750712,0.0428122560978058,0.16732585800759675
41,2022,,0.0,0.18197833249917014
41,2023,0.17492952546381924,0.1655119418735095,
41,2024,0.13320854298276733,0.15362991863020026,
42,2002,,0.1363481451838358,
42,2009,0.0780034718598684,0.09261344299028619,
42,2013,0.08413671930162277,,
42,2015,0.17336558718015455,,
42,2017,0.0,,
42,2020,,,0.16330817165972195
42,2023,0.0,,
42,2024,0.0,,
43,1999,0.3639072756909353,0.21647223789059544,
43,2002,,,0.12809925110967274
43,2008,0.10738349825561784,,
43,2009,0.17356264359918866,,
43,2010,0.3530986121366276,,
43,2011,0.17073266221106848,,
43,2012,0.09647462170732189,,0.6455441186799515
43,2013,0.2474962023821835,0.07632563490831899,
43,2015,0.26892475891947476,0.13145215979284924,
43,2016,0.2711232297377105,0.28387114231544486,
43,2017,0.3061772771808972,,
43,2018,0.6386988774080181,0.29235810406812696,
43,2019,0.23482495447945156,0.15024477830626295,
43,2020,0.1542879508112741,0.23325523975720924,
43,2021,0.2893985413266317,0.14894080432166534,
43,2022,0.0,0.2873128054503826,
43,2023,0.07937035372449902,0.10170153702059107,
43,2024,0.13320854298276733,0.15362991863020026,
44,1999,0.009429449131734064,0.1395776537729733,
44,2008,0.10738349825561784,,
44,2009,0.0780034718598684,,
44,2010,0.05785004632619019,,
44,2012,,,0.8148821176558589
44,2013,,,0.471863791515286
44,2014,0.07253077726396527,0.0779297043732948,
44,2015,,0.0,
44,2016,,0.0,
44,2017,,0.04618121212660111,
44,2018,,0.0,
44,2019,0.0,,
44,2020,0.0,0.0,
44,2021,0.0,,
44,2022,0.23073091447758326,0.1406809160208143,
44,2024,0.012818224471617607,0.04750137040634072,
45,2001,0.4458327793696816,0.5378222472367756,
45,2002,0.20559727850311607,0.21324272930145796,
45,2003,0.2591205272198464,0.29136870496163925,
45,2004,,0.3553004925378958,
45,2005,0.3640631541560195,0.41868063715865433,
45,2006,,0.20799363477464688,
45,2007,0.2295454601199738,0.34437904507857636,
45,2008,0.10738349825561784,0.48704574491385677,
45,2009,0.5002816097603101,0.7279072733935354,
45,2010,0.6005185027377816,0.9074770644726734,
45,2011,0.5795398242488432,0.7615904662364054,
45,2012,0.4982460995998976,0.8315610627763502,
45,2013,0.438614545860824,0.8182227206144477,
45,2014,0.36777934307440263,0.7197636787094525,
45,2015,0.26892475891947476,0.7399910859536387,
45,2016,0.4170171003730172,0.6824894949603313,
45,2017,0.24694801643213332,0.7014561774583964,
45,2018,0.43121776821404145,0.6589119120139073,
45,2019,0.23482495447945156,0.5485116102220584,0.298076163062565
45,2020,0.2928162871200054,0.5761888491944542,
45,2021,0.2301692805778678,0.574456598140973,
45,2022,,0.5895949710745892,
45,2023,0.33828900854438,0.47607688147059274,
45,2024,0.17617770755217832,0.5106811996939518,
46,2000,0.0,0.13539547370182758,
46,2001,0.2395041317197098,0.25258091920868214,
46,2002,,0.1363481451838358,
46,2005,0.14811366390554953,,
46,2006,,0.20799363477464688,
46,2007,0.29734577146121427,0.3020609017076353,
46,2008,0.10738349825561784,0.48704574491385677,
46,2009,0.2939529621103384,0.5638645064864561,
46,2010,0.31676870114607114,0.38768941922740285,
46,2011,0.07517349047174823,0.3794734191621436,
46,2012,,0.3272446850869305,
46,2013,0.08413671930162277,0.38154809786495875,
46,2014,,0.38315216732993446,
46,2015,,0.3052224629566397,
46,2016,,0.32960641199230695,
46,2017,0.0,0.3514036750832407,
46,2018,,0.432240335223042,0.04905169985303921
46,2019,0.0,0.4354861063343565,
46,2020,0.2335870263712415,0.4478204220458401,
46,2021,0.19383936958731143,0.3383071827977343,
46,2022,0.09884183174770665,0.3266906514888907,
46,2023,0.011570042383258516,0.2829098671968404,0.4200236457213159
46,2024,0.012818224471617607,0.40248000374638043,
47,1999,,0.1395776537729733,
47,2000,0.0,,
47,2001,0.2395041317197098,0.25258091920868214,
47,2002,,0.21324272930145796,
47,2008,,0.10492869783959502,
47,2014,,0.0779297043732948,
47,2016,0.0,0.0,
47,2017,,0.0,
47,2018,,0.0,
47,2020,,0.0049273609181916984,
47,2022,,0.1406809160208143,
47,2024,,0.0,
48,1999,0.6628673814539772,0.5762522765224621,
48,2000,0.16335948308056072,0.21229005781944973,
48,2001,0.4028636148002706,0.526982418178357,
48,2002,0.2581872856730253,0.26780030497668506,
48,2003,,0.3336868483325804,
48,2004,0.10031708220978383,0.3129823491669547,
48,2005,,0.18109992914194553,
48,2006,,0.20799363477464688,
48,2007,,0.170608741914786,
48,2008,,0.27869900100338535,
48,2009,0.17356264359918866,0.4984671017528103,
48,2010,,0.4768234356493109,
48,2011,0.17073266221106848,0.3371552757912024,
48,2012,,0.4446426104102614,0.14507435921507697
48,2013,,0.399623233041015,
48,2014,0.07253077726396527,0.5977173496185654,
48,2015,0.22595559435006377,0.5373058185553733,
48,2016,0.23479331874715414,0.5958673745859981,
48,2017,0.2106181054415769,0.517432275622771,0.08298033265844643
48,2018,0.32862291232952234,0.5975805670247666,
48,2019,0.5348348522505149,0.5192776461158211,
48,2020,0.3401099384533799,0.5008423992172766,0.16330817165972195
48,2021,0.3366921926600062,0.5656342921426081,0.16732585800759675
48,2022,0.19440100348702688,0.5676280025135921,
48,2023,0.21125943645437564,0.6251246682724149,0.16382514350197036
48,2024,0.29656802606332816,0.6226097528357731,
49,1999,0.45057188557747807,0.27102981356582256,
49,2000,0.0,0.21229005781944973,
49,2001,0.11911381320856008,0.12112875941583287,
49,2002,0.6278754164035578,0.5184651922580976,
49,2003,0.09576104413928568,0.15991654516879,0.3019146097580894
49,2004,0.10031708220978383,0.18153018937410545,
49,2005,0.24367283564486977,0.2579945132595677,
49,2006,,0.3394457945674962,
49,2007,0.13398628838065355,,0.08347315840450058
49,2008,0.20294266999493807,0.3425094058563038,
49,2009,0.24136295494042914,0.4616463107998442,
49,2010,0.22120952940675093,0.34537127585646166,
49,2011,0.17073266221106848,0.2825977001159753,
49,2012,,0.45869684487977974,0.3144123581909845
49,2013,0.30008620955209275,0.53950546419593,0.3914134622250631
49,2014,0.36777934307440263,0.5569224704937248,0.11625441398710193
49,2015,0.26892475891947476,0.43667462274948887,0.30200098057466823
49,2016,0.3025936300883946,0.5747739468557443,
49,2017,0.24694801643213332,0.5639186170894392,
49,2018,0.4169298836786288,0.5795054318487103,
49,2019,0.4574136983087761,0.5147076568124986,
49,2020,0.2928162871200054,0.47083594777391796,
49,2021,0.3571988526678722,0.6290141738162004,0.2422591162772183
49,2022,0.15143183891761586,0.5538295271914652,
49,2023,0.24272983680505975,0.6498471846343832,0.16382514350197036
49,2024,0.3921271978026483,0.5733100095777377,0.5280772307857693
50,1999,0.10498862087105432,,
50,2001,0.3502736076303613,0.32947550332630426,
50,2002,0.3011564502424363,0.21324272930145796,
50,2004,0.19587625394910407,,
50,2006,0.5471757843989948,0.20799363477464688,
50,2008,0.10738349825561784,0.2363808576324443,
50,2009,0.17356264359918866,0.16950802710790835,
50,2010,0.05785004632619019,0.21391911606361239,
50,2011,0.17073266221106848,0.07425095620550394,
50,2012,0.31242411195779185,0.2980107209806931,0.34810686859437123
50,2013,0.08413671930162277,0.25009593807210934,
50,2014,0.235890260344526,0.40122730250599076,0.2443536650967747
50,2015,0.26892475891947476,0.369032867809558,0.36791741865528854
50,2016,0.13923414700783393,0.3155521775227886,
50,2017,0.2784184167828174,0.47642656225826424,
50,2018,0.14280092468741656,0.4948691451068281,0.12398495812266074
50,2019,0.10293587174957496,0.3477516931583156,
50,2020,0.1972571153806851,0.32238925617911735,
50,2021,0.2301692805778678,0.4249293031720676,
50,2022,0.19440100348702688,0.49073341839596996,
50,2023,0.2704886972031395,0.5760873062506854,0.16382514350197036
50,2024,0.21250761854273473,0.44185784978488857,
51,1999,0.22537893938220402,0.21647223789059544,
51,2000,0.0,0.3091657768656179,
51,2001,0.18691412454980058,,
51,2002,0.042237795422555326,0.26780030497668506,
51,2004,,,0.05760462066327891
51,2005,0.5703918018059912,0.18109992914194553,
51,2006,0.40432296132630013,0.20799363477464688,
51,2009,0.0780034718598684,0.09261344299028619,
51,2010,,0.0824669562707631,
51,2011,0.07517349047174823,,
51,2013,0.08413671930162277,,0.07636211372217508
51,2014,0.16808994900328553,0.0779297043732948,
51,2015,0.10556527583891406,0.13145215979284924,
51,2016,0.07143383566659343,0.03746812830037104,
51,2017,0.1150589337022567,0.04618121212660111,
51,2018,0.09021091751750734,0.2742829688920707,0.04905169985303921
51,2019,0.0,0.11566833755958192,0.16997691195289227
51,2020,0.033897632300124395,0.2132741048286631,
51,2021,,0.21658255926159622,
51,2022,0.031041520406466152,0.2175755001384365,0.25691159076879166
51,2023,0.13196036089440824,0.1655119418735095,0.33316314247787787
51,2024,0.24397801889341883,0.2393468087461874,0.39997797967609644
52,1999,0.45057188557747807,,
52,2000,,0.13539547370182758,
52,2001,0.023554641469239832,,
52,2002,0.13779696716187556,,
52,2003,0.39100960994972306,0.23681112928641215,
52,2004,,0.18153018937410545,
52,2007,0.2295454601199738,0.170608741914786,
52,2008,0.10738349825561784,,
52,2009,0.0780034718598684,,
52,2010,,0.0824669562707631,
52,2011,0.2911229807222182,0.2057031159983532,
52,2012,0.09647462170732189,,0.14507435921507697
52,2013,0.46344569263265356,0.25009593807210934,0.3078829257271351
52,2014,0.235890260344526,,0.347775225992062
52,2015,0.17336558718015455,0.07689458411762214,0.07048016856970821
52,2016,0.13923414700783393,0.1981542521994577,
52,2017,0.3534709285142717,0.14305693117276932,
52,2018,0.43121776821404145,0.25430183396352457,0.4333494531820575
52,2019,0.26629535483013567,0.20480235398149008,
52,2020,0.2335870263712415,0.059484936593418816,
52,2021,0.0982801978479912,0.2934771433792183,0.5733908767661853
52,2022,0.28996017522634715,0.2556317702430389,
52,2023,0.24272983680505975,0.19083555344249922,
52,2024,0.3584014891780414,0.12439595452396285,0.37530028946171107
53,1999,0.8473464713537631,0.5855051057001535,
53,2000,0.8752069260516322,0.5175125207760893,
53,2001,0.599161901213043,0.25258091920868214,
53,2002,0.46451593332299707,0.26780030497668506,
53,2003,0.42248001030040716,0.3336868483325804,
53,2005,0.24367283564486977,,
53,2009,0.17356264359918866,,
53,2010,0.15340921806551044,,
53,2011,0.07517349047174823,,
53,2012,0.09647462170732189,,
53,2013,0.438614545860824,0.38154809786495875,
53,2014,0.45183975059499604,0.3408340239589933,0.3724529162064475
53,2015,0.540585863778869,0.38211704707426175,
53,2016,0.4344827128182713,0.37726703200369166,
53,2017,0.4560657843987908,0.2545279560370725,0.08298033265844643
53,2018,0.30616040776797737,0.29235810406812696,0.28057251185799925
53,2019,0.31888536200004497,0.22713936242388513,0.16997691195289227
53,2020,0.3401099384533799,0.13637952071104095,
53,2021,0.5301791783489311,0.2663387296449962,
53,2022,0.7122383131267889,0.2721330758136636,
53,2023,0.8886853020689203,0.2969641016663588,
53,2024,0.7953227157747623,0.4165342382158988,0.39997797967609644
54,1999,0.33614841529285555,0.1395776537729733,
54,2000,0.4222781379004417,0.13539547370182758,
54,2001,0.11911381320856008,0.19802334353345502,
54,2002,0.042237795422555326,,0.23152081200496002
54,2004,0.5414595186555279,0.18153018937410545,0.05760462066327891
54,2007,0.13398628838065355,,
54,2009,,,0.12097323711945841
54,2010,0.2737995365766602,0.2562372594345535,
54,2011,,0.24802125936929428,
54,2012,0.19203379344664215,0.2980107209806931,0.14507435921507697
54,2013,0.08413671930162277,0.31390634292502784,0.7839262637509576
54,2014,0.16808994900328553,,0.6167241734519766
54,2015,0.17336558718015455,,0.14541342683932973
54,2016,0.2711232297377105,0.09202570397559816,0.1463400309700713
54,2017,0.0,0.14305693117276932,0.08298033265844643
54,2018,0.22210000024738397,0.10051266572828028,
54,2019,0.19849504348889518,0.018792618513413722,
54,2020,0.2650574267219256,0.2513303749332655,
54,2021,0.2301692805778678,0.2803929641145146,
54,2022,0.15143183891761586,0.31445121918460467,
54,2023,0.07937035372449902,0.21317256188489428,0.16382514350197036
54,2024,0.0,0.2393468087461874,0.656176481895442
55,1999,0.30467801494217145,0.3479243976834447,
55,2001,0.18691412454980058,,
55,2002,,,0.3723705083552018
55,2003,0.09576104413928568,0.15991654516879,
55,2005,0.14811366390554953,,
55,2006,,,0.7007509206691442
55,2007,0.2295454601199738,,
55,2008,0.20294266999493807,,0.12623744102704598
55,2009,0.24136295494042914,,0.24907248822913114
55,2010,0.2737995365766602,0.32004766428747194,
55,2011,0.47694496836432404,0.07425095620550394,
55,2012,0.31242411195779185,,0.2200076174846985
55,2013,0.30008620955209275,0.07632563490831899,0.3914134622250631
55,2014,0.235890260344526,0.20938186416614404,
55,2015,0.4686141529905919,0.17377030316379033,0.46598184636281914
55,2016,0.4170171003730172,0.2234778637684474,0.2744392820797441
55,2017,0.5650959320007781,0.30908553171229963,
55,2018,0.40171957950729753,0.3749141646979551,
55,2019,0.5778040168199259,0.3477516931583156,
55,2020,0.45617577020056604,0.3992838402967395,
55,2021,0.47758917117902194,0.45416326727830497,
55,2022,0.5737099768180577,0.5350373953993621,
55,2023,0.7253258189883596,0.38268099178234594,0.49495690399093745
55,2024,0.6805440413292732,0.493428822333521,0.14377947745675101
56,1999,0.22537893938220402,0.21647223789059544,
56,2000,0.09555917173932021,0.13539547370182758,
56,2001,0.11911381320856008,0.32947550332630426,
56,2002,0.13779696716187556,0.47614704888715653,
56,2003,0.09576104413928568,,
56,2004,,0.18153018937410545,
56,2006,0.30876378958697986,,
56,2007,0.13398628838065355,,0.3149939704094606
56,2008,0.20294266999493807,,
56,2009,0.0780034718598684,,
56,2010,0.31676870114607114,0.29081370018123454,
56,2011,0.47694496836432404,0.3118316642222127,
56,2012,0.31242411195779185,0.3525682966559202,0.14507435921507697
56,2013,0.41085568546274426,0.38154809786495875,0.3914134622250631
56,2014,0.4270086038231665,0.20938186416614404,
56,2015,0.22595559435006377,0.2629043195856985,0.19857941967938092
56,2016,0.2711232297377105,0.26579600713938856,
56,2017,0.24694801643213332,0.20686733602568777,
56,2018,0.38545948332794466,,
56,2019,0.5047073496421507,0.11566833755958192,
56,2020,0.3176474338918349,0.0,
56,2021,0.0982801978479912,0.14894080432166534,
56,2022,0.46606210834642103,0.2556317702430389,
56,2023,0.5294073520230205,0.05938339364964997,0.2387584017715919
56,2024,0.4823900137054339,0.08981951377728181,0.14377947745675101
57,2000,0.09555917173932021,0.13539547370182758,
57,2001,0.2824732962891208,0.4444263575485289,
57,2002,0.20559727850311607,0.4215894732119294,
57,2003,0.19132021587860593,0.15991654516879,
57,2004,,0.2584247734917276,
57,2005,,0.2579945132595677,
57,2007,,0.170608741914786,
57,2008,0.3663021530754988,0.2363808576324443,
57,2009,0.33692212667974936,0.330194151006995,0.04603997884983689
57,2010,0.3845690124873117,0.4057645544034591,
57,2011,0.4974516283721899,0.3371552757912024,
57,2012,0.25983410478788266,0.2980107209806931,0.14507435921507697
57,2013,0.2474962023821835,0.3392299544940175,0.3737993638077554
57,2014,0.67703269679027,0.36317103240138837,
57,2015,0.3052546699100312,0.17377030316379033,
57,2016,0.3025936300883946,0.1981542521994577,0.3778608429750314
57,2017,0.48227921030097104,0.4482793941294089,
57,2018,0.22210000024738397,0.29235810406812696,
57,2019,0.3807188251147582,0.36884512088856936,
57,2020,0.10169794364136489,0.3101498238748313,
57,2021,0.3366921926600062,0.2803929641145146,
57,2022,0.031041520406466152,0.2556317702430389,
57,2023,0.13196036089440824,0.2969641016663588,
57,2024,0.17617770755217832,0.3327426984344342,
58,1999,0.1727889322122948,,
58,2000,0.0,0.13539547370182758,
58,2001,0.5886856024423763,0.5154852387943806,
58,2002,0.5964050160528737,0.5730227679333247,
58,2003,0.3546796989591666,,
58,2004,0.10031708220978383,,
58,2005,0.14811366390554953,,
58,2008,0.5485259347013619,0.3678330174252935,
58,2009,0.4324812984190696,0.4475920763303258,
58,2010,0.437159019657221,0.3677082842988567,
58,2011,0.3340921452916292,0.2057031159983532,
58,2012,0.39172318751775925,0.16655856118784385,0.34810686859437123
58,2013,0.5064148572020645,0.07632563490831899,0.07636211372217508
58,2014,0.07253077726396527,0.25170000753708516,
58,2015,0.6402438851982614,0.558399246285627,
58,2016,0.3776461418198489,0.3426905912570107,
58,2017,0.5373370716026985,0.542096250425686,
58,2018,0.5124890554179491,0.5418701283521381,
58,2019,0.6141339278104823,0.5485116102220584,
58,2020,0.5139457203046073,0.4478204220458401,
58,2021,0.31422968809846125,0.44866591486032986,
58,2022,0.33725382655972164,0.4035852356065129,
58,2023,0.2953198439749691,0.435071168106086,0.871389293530753
58,2024,0.37586710162329545,0.4096372825520564,
59,1999,0.009429449131734064,0.1395776537729733,
59,2000,0.0,0.3982997932875261,
59,2001,0.3502736076303613,0.4063700874439264,
59,2002,0.042237795422555326,0.39925246476953435,
59,2003,,0.4451578731968836,
59,2008,0.20294266999493807,0.39017002586768856,
59,2009,,0.3009601869007576,
59,2010,,0.32004766428747194,
59,2011,0.07517349047174823,0.3118316642222127,
59,2012,,0.0896639770702217,
59,2013,,0.15322021902594116,
59,2014,0.07253077726396527,0.40122730250599076,
59,2015,0.010006104099593814,0.28524132802809354,
59,2016,0.07143383566659343,0.5379531559027784,
59,2017,0.0472586223610162,0.47642656225826424,
59,2018,,0.4948691451068281,
59,2019,0.0,0.5406085759172502,0.16997691195289227
59,2020,0.033897632300124395,0.6413269984139757,
59,2021,0.030479886506750712,0.854519573622854,
59,2022,0.0,0.9128925692072852,
59,2023,,0.8413091134824676,
59,2024,0.13320854298276733,0.8207875045353477,0.14377947745675101
61,1999,0.38873842246276485,0.44480011672961295,
61,2000,0.09555917173932021,0.26684763349467683,
61,2001,0.18691412454980058,0.32947550332630426,
61,2002,0.3011564502424363,0.44157060814047544,
61,2003,0.19132021587860593,0.15991654516879,
61,2004,0.10031708220978383,0.3553004925378958,
61,2005,0.474832630066671,0.2579945132595677,
61,2006,,0.20799363477464688,
61,2007,0.13398628838065355,0.24750332603240816,
61,2008,,0.5318757843323728,
61,2009,0.4047224380209899,0.4616463107998442,
61,2010,0.3845690124873117,0.6082755954421601,
61,2011,0.23853297355230899,0.7315117551697502,
61,2012,0.39172318751775925,0.7556123428591032,
61,2013,0.30008620955209275,0.6750361764297776,
61,2014,0.28848026751443523,0.8019412055228926,0.11625441398710193
61,2015,0.4511485405453378,0.7088317715128787,
61,2016,0.5064544236065482,0.7522268002722774,
61,2017,0.5650959320007781,0.7930692537440823,
61,2018,0.5124890554179491,0.7916076525188979,
61,2019,0.5698141697676818,0.7705436286042551,0.16997691195289227
61,2020,0.3969465094518022,0.7013189109295764,0.16330817165972195
61,2021,0.4249991640091127,0.7993046476220694,0.16732585800759675
61,2022,0.4255607979088281,0.7979417149850606,
61,2023,0.47017809127425664,0.8910062135090443,0.2387584017715919
61,2024,0.512517516313798,0.8470129980743148,
62,1999,0.3639072756909353,0.42481898180106686,
62,2000,0.45860804889099804,0.5720700964513165,
62,2001,0.3780324680284411,0.4609276631191535,
62,2002,0.13779696716187556,0.3101184483476262,
62,2003,0.09576104413928568,0.23681112928641215,
62,2004,0.806345021701936,0.6950993962412164,
62,2005,0.3640631541560195,0.18109992914194553,
62,2006,0.5247132798374499,0.4455743427913557,
62,2007,,0.24750332603240816,
62,2008,0.46186132481481906,0.48704574491385677,
62,2009,0.4047224380209899,0.5473632009158315,
62,2010,0.2737995365766602,0.6141112983139304,
62,2011,0.3340921452916292,0.6516305679255334,
62,2012,0.3553932765272029,0.6094516223154922,
62,2013,0.37938528511206016,0.6790288581973383,
62,2014,0.39924974342508673,0.7466876827215174,0.6398553428898857
62,2015,0.3893150774306246,0.7633893471881058,
62,2016,0.355183637258304,0.7716235113822395,
62,2017,0.3310084239527267,0.7409587491699615,0.08298033265844643
62,2018,0.43121776821404145,0.77340852559011,0.12398495812266074
62,2019,0.34134786656158994,0.7681277312320012,0.2449101702225138
62,2020,0.42841690980248637,0.7771390141046624,0.39482898366468205
62,2021,0.46550047444670556,0.8773662839091504,0.33666385698350426
62,2022,0.4781508050787374,0.8464782967341614,0.25691159076879166
62,2023,0.6278583136150098,0.8443556911135457,0.2919243946116431
62,2024,0.584984869589953,0.8117354645548642,0.4217452451056668
63,1999,0.268348103951615,0.4024819733586718,
63,2000,0.6045019195263047,0.5813229256290078,
63,2001,0.851148352862438,0.5032458064900946,
63,2002,0.3967156219817566,0.39925246476953435,
63,2003,0.6263408038185608,0.5965911679182789,
63,2004,,0.18153018937410545,
63,2005,0.5703918018059912,0.2579945132595677,
63,2006,0.5865467429521631,0.4455743427913557,
63,2007,0.3929049432005345,0.47583120487142566,
63,2008,0.5485259347013619,0.6184979047067061,
63,2009,0.6825053913861732,0.5716062091107161,
63,2010,0.8302006878296443,0.7210590503128976,0.13273533181452032
63,2011,0.8475241319752024,0.44328382401506194,0.102641743074921
63,2012,0.6143119313470837,0.590149004672629,0.2731736103247497
63,2013,0.5885030530787176,0.6296673713675228,0.07636211372217508
63,2014,0.6031105369432403,0.7229510710332551,0.347775225992062
63,2015,0.5143724378766887,0.6542741958376516,0.5050334899539626
63,2016,0.6759357551928981,0.6601524865179362,0.3778608429750314
63,2017,0.5819372317203636,0.7092777139626176,0.38041758274402676
63,2018,0.6145055602978186,0.734135600925812,0.5614487042917302
63,2019,0.5698141697676818,0.6966262701375638,
63,2020,0.5428403800871089,0.6049781580464643,
63,2021,0.5105279745112336,0.7129595840962052,0.16732585800759675
63,2022,0.6166791413874685,0.7072206986824251,0.3513163314750777
63,2023,0.8688687682236552,0.8723986155244833,0.33316314247787787
63,2024,0.7650661099497361,0.7640748445434796,0.5783327988410053
64,1999,0.22537893938220402,0.27102981356582256,
64,2000,0.6939392427598359,0.45869307183452346,
64,2001,0.3188032072796772,0.12112875941583287,
64,2002,0.3011564502424363,0.34469488909430723,
64,2003,0.31171053438975566,0.23681112928641215,
64,2008,0.20294266999493807,,
64,2009,0.17356264359918866,0.22406560278313548,
64,2010,0.05785004632619019,0.0824669562707631,0.13273533181452032
64,2012,0.19203379344664215,,
64,2013,,0.28467237881879043,0.07636211372217508
64,2014,0.16808994900328553,0.2862764482837662,0.41369166407268226
64,2015,0.22595559435006377,0.17377030316379033,0.32667867078905366
64,2016,0.13923414700783393,0.3003724478860696,0.1463400309700713
64,2017,,0.338319495818537,0.31450114466340645
64,2018,0.02241060617626685,0.3511775530096928,0.04905169985303921
64,2019,0.15552587891948416,0.33625451377433935,0.42617541417223775
64,2020,0.1542879508112741,0.3549798632933473,0.16330817165972195
64,2021,0.31422968809846125,0.4185000305542418,
64,2022,0.19440100348702688,0.3955140013979539,
64,2023,0.33828900854438,0.4537398730281978,
64,2024,0.33953719063273907,0.42318914486277676,0.21871273572637256
65,1999,0.7379198931854312,0.5454313125354974,
65,2000,0.44114243644574397,0.4206368017299212,
65,2001,0.6455221734407987,,
65,2002,0.20559727850311607,,0.4060650187585885
65,2004,,,0.13253787893290042
65,2008,0.2707429813361786,0.10492869783959502,
65,2009,0.17356264359918866,0.16950802710790835,0.24907248822913114
65,2010,0.31676870114607114,0.38768941922740285,0.3357678411938146
65,2011,0.47694496836432404,0.42922958954554363,0.102641743074921
65,2012,0.45095244826652314,0.3525682966559202,
65,2013,0.5590048643719737,0.38154809786495875,0.07636211372217508
65,2014,0.33144943208384625,0.2862764482837662,0.11625441398710193
65,2015,0.3893150774306246,0.369032867809558,0.5050334899539626
65,2016,0.3776461418198489,0.3972481669322378,0.1463400309700713
65,2017,0.5469579142031967,0.517432275622771,0.15791359092806795
65,2018,0.5024586941807497,0.4888481511807016,0.17715095096271194
65,2019,0.26629535483013567,0.49523977085499543,0.3393149109287998
65,2020,0.37948089700654813,0.3992838402967395,
65,2021,0.5105279745112336,0.4697593425905836,
65,2022,0.5307408122486467,0.4751373430836913,
65,2023,0.6220388101360905,0.5665233278989352,0.16382514350197036
65,2024,0.577949185444754,0.5672890156516113,0.3131174764326586
66,1999,0.8473464713537631,0.46287525190566925,
66,2000,0.956956747259789,0.13539547370182758,
66,2001,0.2395041317197098,,
66,2002,0.042237795422555326,,0.425536501195253
66,2004,0.47962605554081456,0.18153018937410545,0.4035289262239686
66,2007,,,0.5644714354327106
66,2009,0.2939529621103384,0.330194151006995,0.6255048777689467
66,2010,0.05785004632619019,,0.5582718330097733
66,2011,0.07517349047174823,,
66,2012,0.25983410478788266,,
66,2013,0.30008620955209275,0.20777779470116828,0.6053201758127154
66,2014,0.235890260344526,0.15482428849091692,
66,2015,0.10556527583891406,0.13145215979284924,0.32667867078905366
66,2016,0.3303524904864744,0.1689202880932203,0.5059600940847042
66,2017,0.4417778998633782,0.40596125075846784,0.717609169869309
66,2018,0.30616040776797737,0.29235810406812696,0.28057251185799925
66,2019,0.5151836484128174,0.3966477923213368,
66,2020,0.37948089700654813,0.3992838402967395,0.2382414299293435
66,2021,0.45275802440719237,0.4249293031720676,0.2954251091172695
66,2022,0.15143183891761586,0.4259222440489079,0.25691159076879166
66,2023,0.33828900854438,0.44150044072391176,0.5481228968309887
66,2024,0.2717368792914986,0.32190286937601553,0.7628690689666703
67,1999,0.268348103951615,,
67,2000,0.4748681450703509,0.21229005781944973,
67,2002,,,0.2974372500855803
67,2004,0.4270360483709053,,0.13253787893290042
67,2006,0.14540430650641914,,0.2752144194738912
67,2007,0.2295454601199738,,0.15840641667412209
67,2008,,,0.3292699504063403
67,2009,0.17356264359918866,,0.6865362343982006
67,2010,0.15340921806551044,0.0824669562707631,0.20766859008414187
67,2011,0.2911229807222182,0.15114554032312608,0.5186988252055459
67,2012,0.3553932765272029,0.0896639770702217,0.3144123581909845
67,2013,0.08413671930162277,,0.471863791515286
67,2014,0.33144943208384625,,0.1911876722567235
67,2015,0.17336558718015455,0.07689458411762214,0.36791741865528854
67,2016,0.13923414700783393,0.0,0.6273383079982814
67,2017,0.1150589337022567,0.10073878780182823,0.08298033265844643
67,2018,0.18577008925682756,,
67,2019,0.19849504348889518,0.018792618513413722,0.16997691195289227
67,2020,0.033897632300124395,0.0,0.675705176098413
67,2021,,0.0,
67,2022,0.394090397558144,0.009228756227965073,0.18197833249917014
67,2023,0.07937035372449902,0.0,0.46126239358755067
67,2024,0.13320854298276733,0.0,
68,1999,0.30467801494217145,0.1395776537729733,
68,2000,0.29524856581043735,0.21229005781944973,
68,2002,0.042237795422555326,0.21324272930145796,
68,2007,,,0.5090096595997536
68,2009,,0.09261344299028619,0.4620970609804617
68,2010,0.15340921806551044,0.15936154038838526,
68,2011,,0.07425095620550394,
68,2012,0.19203379344664215,0.0896639770702217,0.14507435921507697
68,2013,0.08413671930162277,0.07632563490831899,0.4824271324807636
68,2014,0.28848026751443523,,0.5676200617965389
68,2015,0.26892475891947476,0.0,0.30200098057466823
68,2016,0.07143383566659343,0.13434384734653923,
68,2017,0.16764894087216592,,0.08298033265844643
68,2018,0.22210000024738397,0.04595509005305316,
68,2019,0.23482495447945156,0.018792618513413722,
68,2020,0.3969465094518022,0.13637952071104095,
68,2021,0.26163968092855194,0.0428122560978058,0.5396963663627986
68,2022,0.15143183891761586,0.06378633190319219,0.18197833249917014
68,2023,0.13196036089440824,0.004825817974422859,0.16382514350197036
68,2024,0.13320854298276733,0.08981951377728181,
69,1999,0.1727889322122948,0.1395776537729733,
69,2000,0.16335948308056072,0.21229005781944973,
69,2001,0.5136330907109221,0.5154852387943806,
69,2002,0.702927928135012,0.6227789383167248,
69,2006,0.14540430650641914,0.20799363477464688,
69,2007,,,0.3149939704094606
69,2008,0.4026320640660552,0.18182328195721717,
69,2009,0.0780034718598684,0.09261344299028619,0.40566004196446964
69,2010,0.5756873559659521,0.45149982408032113,
69,2011,0.6178419468833396,0.35949228423359747,
69,2012,0.5550826705983201,0.41296157520291765,
69,2013,0.6019740289413846,0.3392299544940175,0.3078829257271351
69,2014,0.6581683982449678,0.2862764482837662,0.11625441398710193
69,2015,0.5956437250805963,0.4459274519271802,0.38553151707259625
69,2016,0.5300418845575916,0.4065009961099291,0.2744392820797441
69,2017,0.4943679070332875,0.36364310738752675,
69,2018,1.0,0.4149879578626112,0.17715095096271194
69,2019,0.29405421522821545,0.32401508147005337,0.16997691195289227
69,2020,0.1542879508112741,0.3827825347261148,
69,2021,0.0,0.2934771433792183,
69,2022,0.23073091447758326,0.2721330758136636,
69,2023,0.21125943645437564,0.25122883198949664,0.5361956518571722
69,2024,0.0806185358128581,0.2850820784230495,
70,1999,0.1727889322122948,0.21647223789059544,
70,2000,0.35447782655920124,0.5623425601946053,
70,2001,1.0,0.8740762742898044,
70,2002,0.44400927331513107,0.37392885320054464,
70,2003,0.2591205272198464,0.23681112928641215,
70,2004,0.10031708220978383,,
70,2005,0.14811366390554953,0.2579945132595677,
70,2006,0.9132657091132846,,
70,2008,0.6500519546672093,0.5508561497667752,
70,2009,0.738693604572325,0.743853248028406,
70,2010,0.6334573060699933,0.6457923335212742,
70,2011,0.5930108001115102,0.4909444440264467,
70,2012,0.6821122426883245,0.5166110635629995,0.6455441186799515
70,2013,0.7841978105672477,0.6191288058816674,0.5195127133347359
70,2014,0.5473989223343162,0.7229510710332551,
70,2015,0.6777319209572495,0.6795978074066413,0.36791741865528854
70,2016,0.6365647966397299,0.73862090024099,
70,2017,0.6328962433420185,0.7222341428829504,
70,2018,0.6443781381478257,0.7940706141373413,
70,2019,0.7563738040718179,0.7899236683257798,0.16997691195289227
70,2020,0.560305992532363,0.7429930965373078,
70,2021,0.6839178188289938,0.7759773216340051,
70,2022,0.7290796128463742,0.8103662574836895,0.18197833249917014
70,2023,0.701337885696058,0.8261293838457486,0.7861288708828351
70,2024,0.7108563169115256,0.8134137531984903,0.21871273572637256
71,1999,0.009429449131734064,,
71,2000,0.8167974154028036,0.5813229256290078,
71,2001,0.554134401148515,0.5378222472367756,
71,2002,0.4215467687535861,0.39925246476953435,
71,2003,0.2591205272198464,0.15991654516879,
71,2004,0.10031708220978383,,
71,2005,0.24367283564486977,0.18109992914194553,
71,2006,,0.20799363477464688,
71,2008,0.2707429813361786,0.10492869783959502,
71,2009,0.33692212667974936,0.3009601869007576,
71,2010,0.4123278728853914,0.4768234356493109,
71,2011,0.47694496836432404,0.4563680032797657,
71,2012,,0.5063574648911645,0.14507435921507697
71,2013,0.2474962023821835,0.43130426824835866,0.07636211372217508
71,2014,0.5136732137097093,0.4329083377133345,
71,2015,0.727532807810473,0.5681267825423382,
71,2016,0.7735007085379165,0.652904010125003,
71,2017,0.7284554150813389,0.6294877243056582,
71,2018,0.5728068997008071,0.5595242969201641,
71,2019,0.5252140096500167,0.5406085759172502,
71,2020,0.63227770332064,0.5530730085319838,0.16330817165972195
71,2021,0.6982057033644063,0.6747494434930623,
71,2022,0.6893389633685815,0.7939490332175002,
71,2023,0.6792958592409141,0.7875177828053919,
71,2024,0.5306555341113796,0.7410593188154017,
72,1999,0.10498862087105432,0.1395776537729733,
72,2000,,0.37297618171853636,
72,2001,0.3188032072796772,0.4263512223724726,
72,2002,0.20559727850311607,0.26780030497668506,
72,2005,0.14811366390554953,0.18109992914194553,
72,2006,0.14540430650641914,,
72,2009,,0.09261344299028619,
72,2010,0.22120952940675093,0.2562372594345535,
72,2012,,0.39488644002686135,
72,2013,0.17969589104094302,0.38154809786495875,
72,2014,0.28848026751443523,0.3155104123900036,
72,2015,0.3367250702607153,0.17377030316379033,
72,2016,,0.2234778637684474,
72,2017,0.0,0.10073878780182823,
72,2018,0.02241060617626685,0.17740724984590242,
72,2019,0.0,0.20480235398149008,
72,2020,0.10169794364136489,0.1018030799643599,
72,2021,0.0,0.0428122560978058,
72,2022,0.09884183174770665,0.16991488012705172,
72,2023,0.07937035372449902,0.1655119418735095,
72,2024,0.21250761854273473,0.08981951377728181,
73,2000,,0.13539547370182758,
73,2006,,0.20799363477464688,
73,2010,,0.0824669562707631,
73,2020,,0.16561348481727836,
73,2021,,0.0,
73,2022,,0.0,
77,2009,0.0780034718598684,0.16950802710790835,
77,2010,0.05785004632619019,0.15936154038838526,
77,2011,,0.07425095620550394,
77,2012,0.09647462170732189,0.22111613686307097,
77,2013,,0.07632563490831899,
77,2014,,0.0779297043732948,
77,2015,,0.0,
77,2016,0.0,0.09202570397559816,
77,2017,0.0472586223610162,0.2545279560370725,
77,2018,0.0,0.25430183396352457,
77,2019,0.10293587174957496,0.20480235398149008,
77,2020,,0.28301141014060927,
77,2021,,0.2803929641145146,
77,2022,0.031041520406466152,0.2175755001384365,
77,2023,0.011570042383258516,0.19083555344249922,
77,2024,0.012818224471617607,0.29816625768775323,
78,1999,0.009429449131734064,,
78,2004,0.19587625394910407,0.48675265233074516,
78,2005,0.14811366390554953,0.18109992914194553,
78,2006,0.14540430650641914,0.4455743427913557,
78,2007,,0.170608741914786,
78,2011,0.07517349047174823,0.15114554032312608,
78,2012,0.19203379344664215,0.22111613686307097,
78,2013,,0.15322021902594116,
78,2014,0.16808994900328553,0.0779297043732948,
78,2015,0.17336558718015455,0.0,
78,2016,0.13923414700783393,0.3155521775227886,
78,2017,0.2106181054415769,0.338319495818537,
78,2018,0.09021091751750734,0.38575399375637376,
78,2019,0.19849504348889518,0.5771918647990408,
78,2020,0.2650574267219256,0.6049781580464643,
78,2021,0.19383936958731143,0.3977908894378455,
78,2022,0.09884183174770665,0.3592812586031207,
78,2023,0.07937035372449902,0.3646058566062896,
78,2024,0.29656802606332816,0.5302496132864869,
79,1999,0.009429449131734064,0.3479243976834447,
79,2000,0.35447782655920124,0.5520889615227703,
79,2001,0.18691412454980058,0.32947550332630426,
79,2002,,0.5422018039463599,0.5392278237181599
79,2003,0.2591205272198464,0.6058439970959703,0.47125260873399694
79,2004,0.26367656529034456,0.48675265233074516,0.5700016251019699
79,2005,0.24367283564486977,0.46634125717003916,
79,2006,,0.38176393793843727,0.2002811612042697
79,2007,,0.170608741914786,
79,2008,0.2707429813361786,0.7708770636284765,
79,2009,0.2939529621103384,0.7141087980714084,
79,2010,0.3530986121366276,0.7594123375166579,0.5758859314270812
79,2011,0.4974516283721899,0.7538487636121453,0.102641743074921
79,2012,0.4982460995998976,0.7556123428591032,0.14507435921507697
79,2013,0.2474962023821835,0.7422740006972005,0.1512953719917966
79,2014,0.667789240845466,0.8060640935290369,0.1911876722567235
79,2015,0.5956437250805963,0.840283931305728,0.07048016856970821
79,2016,0.6293125962495163,0.8731820703027765,0.2212732892396929
79,2017,0.6328962433420185,0.8803470199885622,0.4890453514170349
79,2018,0.5728068997008071,0.8655877607186613,0.21838969882894674
79,2019,0.6456043281611664,0.85604215901961,0.298076163062565
79,2020,0.6501859035318757,0.7683167081062976,0.39482898366468205
79,2021,0.6887773294688659,0.8169002746310423,0.5132501635682865
79,2022,0.7208093637192657,0.8464782967341614,0.18197833249917014
79,2023,0.7175979818754107,0.8495721993806784,0.6378487001723329
79,2024,0.6851204553391629,0.8324736678702366,
80,1999,0.30467801494217145,0.46287525190566925,
80,2000,0.2589186548198809,0.37297618171853636,
80,2001,0.49842278653959077,0.5578033821653217,
80,2002,0.44400927331513107,0.5822755971110161,0.7075641500287826
80,2003,0.7259988252379532,0.7626197684578092,0.5149391825094201
80,2004,0.4270360483709053,0.5873838481366296,0.42997512901848073
80,2005,0.14811366390554953,0.5977934169628882,0.05534739368701393
80,2006,0.49988213306562046,0.6023501141531946,
80,2007,0.6088544334510045,0.641859805410956,
80,2008,0.5091549761481935,0.5216221856605379,
80,2009,0.673261935441369,0.699227018816553,
80,2010,0.6229810072993267,0.7455634581067797,0.13273533181452032
80,2011,0.5337815393627463,0.6729614977269626,0.27197974205082853
80,2012,0.6391430781189134,0.7439381729078733,0.476206119704044
80,2013,0.6019740289413846,0.7048456959976547,0.3543278813710909
80,2014,0.5626092265056475,0.7652692144041963,0.541790915182355
80,2015,0.6912028968199165,0.7321695494494174,0.7248783257584396
80,2016,0.7526306283869162,0.8107542624293779,0.5187105393252732
80,2017,0.7647853260718953,0.8581071410638076,0.9125169355511138
80,2018,0.728438545668419,0.8914351102041929,0.7810422713228737
80,2019,0.7563738040718179,0.8620631529457364,0.8296556613656365
80,2020,0.6873355646223674,0.7814008873710013,0.6813920295419043
80,2021,0.6887773294688659,0.8457909890887375,0.6854097158897791
80,2022,0.7733993708891749,0.8547087763791047,0.6629766095273802
80,2023,0.7400604864369557,0.8996673249553779,0.8311522183298031
80,2024,0.6983395039559038,0.8675531470525693,0.5498444962153396
81,1999,0.7989278636308903,0.6108287172691432,
81,2000,0.8093149483444212,0.7835515460957122,
81,2001,0.5777218620995582,0.526982418178357,
81,2002,0.5171059404929063,0.6299362171224007,0.0
81,2003,0.5180391820397274,0.5420335922430518,0.09888210037879513
81,2004,0.558925131100782,0.5758866687526532,0.18570387177295164
81,2005,0.3114731469861103,0.5869535879044695,0.05534739368701393
81,2006,0.40432296132630013,0.3394457945674962,
81,2007,0.6518235980204155,0.6072833646642749,
81,2008,0.637963257934893,0.6247163430848656,
81,2009,0.6321706924901868,0.64595517944949,
81,2010,0.437159019657221,0.561459722391193,0.20766859008414187
81,2011,0.47694496836432404,0.4140498599088246,0.4337735035638881
81,2012,0.42319358786844335,0.4717810241444835,0.37659517122003694
81,2013,0.5064148572020645,0.53950546419593,0.5573603907503851
81,2014,0.474302255156541,0.6883746302865741,0.6652112289270858
81,2015,0.5751370650727303,0.7399910859536387,0.5885640264518905
81,2016,0.580376583453578,0.767630829614679,0.5718765321653244
81,2017,0.6635468935927674,0.8426358735079568,0.8040966999199229
81,2018,0.7714077102378301,0.9161169432282283,0.6285165987721489
81,2019,0.7563738040718179,0.872861821856615,0.7369781122433704
81,2020,0.63227770332064,0.8857146334296284,0.6698377577609118
81,2021,0.7827277719848693,0.8940614018410968,0.5833829401382217
81,2022,0.6585546709729857,0.8667650648941237,0.5415983956138029
81,2023,0.7055092851430944,0.8868248861683365,0.6448234205301804
81,2024,0.7340564681351011,0.8585513376058314,0.48970378301744066
82,1999,0.22537893938220402,0.21647223789059544,
82,2000,0.5651309609731365,0.4903741070418673,
82,2001,0.636951122848322,0.19802334353345502,
82,2002,0.6642053273941142,0.5053810129933939,
82,2003,0.4502388706984869,0.15991654516879,
82,2004,0.10031708220978383,,0.6766942121731981
82,2005,0.14811366390554953,,0.3527846437725943
82,2008,0.32333298850608777,0.27869900100338535,
82,2009,0.4047224380209899,0.3978359059469259,0.644574166022242
82,2010,0.05785004632619019,0.34537127585646166,0.20766859008414187
82,2011,,0.2825977001159753,0.7249454704557858
82,2012,0.39172318751775925,0.22111613686307097,0.5293721125440952
82,2013,0.17969589104094302,0.399623233041015,0.5355931253208148
82,2014,0.16808994900328553,0.3155104123900036,0.8601722304307531
82,2015,0.585613363843397,0.47125106349616996,0.8127405016671624
82,2016,0.3303524904864744,0.6348288749489467,0.6644238888522537
82,2017,0.410307499512694,0.6078787220511135,1.0
82,2018,0.5650790625878583,0.7090515918890697,0.607250848316069
82,2019,0.7074377912758798,0.8628025120851329,0.16997691195289227
82,2020,0.6259925864216761,0.6736853392664142,
82,2021,0.47758917117902194,0.6179206385272382,0.6550451722319023
82,2022,0.4533196583069078,0.5835739771484627,0.6412093440978099
82,2023,0.42037720442103316,0.6202616997990548,0.8127873748544192
82,2024,0.59845584545262,0.5875757838115739,0.47491123794571805
83,1999,0.1727889322122948,0.1395776537729733,
83,2000,0.2589186548198809,0.21229005781944973,
83,2001,0.8171519056484681,0.49016162722539086,
83,2002,0.7540852383936268,0.6368331727862432,0.5873302627083126
83,2003,,,0.5149391825094201
83,2004,,,0.7787209879247554
83,2005,0.24367283564486977,,0.5067130414964509
83,2006,0.14540430650641914,0.20799363477464688,
83,2007,,,1.0
83,2008,0.10738349825561784,0.2363808576324443,0.577603088836483
83,2009,0.17356264359918866,0.3009601869007576,0.5525695649510267
83,2010,0.3845690124873117,0.15936154038838526,0.7312695189869256
83,2011,0.5163159269174922,0.39754855433819986,0.857763483982665
83,2012,0.09647462170732189,0.22111613686307097,0.8244847011064638
83,2013,0.30008620955209275,0.28467237881879043,0.5705665899933672
83,2014,0.39924974342508673,0.49462319219423756,0.44738617447606904
83,2015,0.4511485405453378,0.4459274519271802,0.624115920874634
83,2016,0.49371197356703506,0.4978793627381222,0.3156780299459789
83,2017,0.527306710365499,0.6111206023451367,0.6271366658987441
83,2018,0.5650790625878583,0.6686394482706184,0.602687452157965
83,2019,0.561543920640573,0.5869194010557518,0.2449101702225138
83,2020,0.3606165984612459,0.514234694518964,0.8122704030121709
83,2021,0.5105279745112336,0.5883054775508513,0.5833829401382217
83,2022,0.5307408122486467,0.6038607453084254,0.7000621903813524
83,2023,0.5694488029661813,0.6412254554702068,0.6819090013841528
83,2024,0.5554866808832091,0.5819975764023729,0.692736292396735
84,1999,0.6701195818441907,0.1395776537729733,
84,2000,0.5756072597438031,,
84,2001,0.18691412454980058,0.12112875941583287,
84,2002,,,0.5948745001711606
84,2003,0.09576104413928568,,0.2682200993547027
84,2004,,0.18153018937410545,0.551809096934471
84,2005,,,0.13028065195663543
84,2006,,0.20799363477464688,0.2002811612042697
84,2007,,,0.2528111573804081
84,2008,,,0.20117069929666753
84,2009,0.17356264359918866,,0.12097323711945841
84,2010,0.31676870114607114,,0.5919663434131601
84,2011,0.2911229807222182,,0.102641743074921
84,2012,0.09647462170732189,0.0896639770702217,0.5611314413457018
84,2013,,0.07632563490831899,0.6921806790561534
84,2014,0.16808994900328553,0.15482428849091692,0.31928692336639625
84,2015,0.26892475891947476,0.07689458411762214,0.38553151707259625
84,2016,0.07143383566659343,0.0,0.4437772810556516
84,2017,0.16764894087216592,0.10073878780182823,0.5497555817199342
84,2018,0.09021091751750734,,0.6511745076330744
84,2019,0.31888536200004497,0.07335019418864083,0.3393149109287998
84,2020,,,0.6698377577609118
84,2021,0.1508702050179004,0.0,0.33666385698350426
84,2022,0.33725382655972164,0.0,
84,2023,0.13196036089440824,0.004825817974422859,0.2387584017715919
84,2024,0.0806185358128581,0.0,0.3468119868360453
85,1999,0.7584265531932973,0.27102981356582256,
85,2000,0.7337867998902319,0.3091657768656179,
85,2002,,,0.8263953121761207
85,2003,,,0.558113111977435
85,2004,0.10031708220978383,,0.6158037691263087
85,2007,0.13398628838065355,,0.6992917237384789
85,2008,,,0.5930126900885337
85,2009,,,0.8523761828022617
85,2010,0.05785004632619019,,0.6204546460388258
85,2011,,,0.3588402452942665
85,2012,,,0.476206119704044
85,2013,,,0.5573603907503851
85,2014,0.07253077726396527,,0.5902779706574645
85,2015,0.10556527583891406,0.0,0.5828771730083993
85,2016,,,0.9442470405205263
85,2017,0.1150589337022567,0.17763337191945036,0.4672780859874647
85,2018,0.02241060617626685,0.14283080909922138,0.8381266050262898
85,2019,0.29405421522821545,0.018792618513413722,0.7412267626751259
85,2020,0.2650574267219256,0.13637952071104095,0.5356786800149238
85,2021,0.19383936958731143,0.0428122560978058,0.2422591162772183
85,2022,0.09884183174770665,0.009228756227965073,0.554348840854372
85,2023,0.13196036089440824,0.05938339364964997,
85,2024,0.012818224471617607,0.0,
86,1999,0.49950789837341636,0.21647223789059544,
86,2000,0.5043663337770948,0.13539547370182758,
86,2001,0.4028636148002706,0.19802334353345502,
86,2002,,0.26780030497668506,
86,2003,,,0.09888210037879513
86,2004,0.10031708220978383,,0.18570387177295164
86,2006,,,0.40331367058356393
86,2007,0.13398628838065355,0.170608741914786,0.6783476585756611
86,2008,0.32333298850608777,0.18182328195721717,0.5607907624113003
86,2009,0.5191459083056124,0.4475920763303258,
86,2010,0.15340921806551044,0.21391911606361239,
86,2011,0.23853297355230899,0.15114554032312608,0.46226180618955387
86,2012,0.19203379344664215,,0.5405760370081879
86,2013,0.08413671930162277,0.07632563490831899,0.527727761531612
86,2014,,0.15482428849091692,0.6957193129062117
86,2015,0.26892475891947476,0.23758070801670877,0.6146365018100058
86,2016,0.07143383566659343,0.26579600713938856,0.6528696170712611
86,2017,0.2106181054415769,0.47642656225826424,0.6815145198308517
86,2018,,0.38575399375637376,0.9227115173723699
86,2019,0.26629535483013567,0.36884512088856936,0.5423474203080941
86,2020,0.4132066056311551,0.39121260608818054,0.494439932148689
86,2021,0.31422968809846125,0.4049481682435215,0.42352436022694223
86,2022,0.4533196583069078,0.3592812586031207,0.25691159076879166
86,2023,0.317782348536514,0.428416261459208,0.2919243946116431
86,2024,0.13320854298276733,0.32190286937601553,
87,1999,0.009429449131734064,,
87,2000,0.29524856581043735,0.3091657768656179,
87,2001,0.6188131050507405,0.5032458064900946,
87,2002,0.4215467687535861,0.21324272930145796,0.07493325826962152
87,2007,,,0.4789748361976115
87,2009,0.24136295494042914,,
87,2012,0.25983410478788266,0.0896639770702217,
87,2013,0.17969589104094302,0.15322021902594116,0.43598217683680784
87,2014,0.36777934307440263,,
87,2015,0.22595559435006377,0.23758070801670877,
87,2016,0.07143383566659343,0.13434384734653923,
87,2017,0.1150589337022567,0.17763337191945036,0.08298033265844643
87,2018,0.0,0.0,0.44455337764615016
87,2019,0.26629535483013567,0.11566833755958192,
87,2020,0.1972571153806851,0.0,
87,2021,0.030479886506750712,0.25115900000827723,
87,2022,0.09884183174770665,0.1406809160208143,
87,2023,0.07937035372449902,0.19083555344249922,
87,2024,0.17617770755217832,0.12439595452396285,
88,1999,0.10498862087105432,0.1395776537729733,
88,2000,0.0,0.13539547370182758,
88,2001,0.6617822696201515,0.5378222472367756,
88,2002,0.5849062518341468,0.5184651922580976,
88,2003,,0.23681112928641215,
88,2004,0.3162665724602538,0.3129823491669547,
88,2005,0.24367283564486977,0.5208988328452663,
88,2006,,0.49323496280274043,
88,2007,0.29734577146121427,0.6641968138533509,
88,2008,0.7533389635194784,0.6422345163949684,
88,2009,0.708241252958536,0.6699930547103157,
88,2010,0.6531085099076909,0.7109870173600988,0.6997365321049984
88,2011,0.5163159269174922,0.6423777387478421,
88,2012,0.4982460995998976,0.41296157520291765,0.14507435921507697
88,2013,0.41085568546274426,0.5834655691576043,0.3078829257271351
88,2014,0.4270086038231665,0.4837833631358188,
88,2015,0.4686141529905919,0.548145647613792,
88,2016,0.45074280899762414,0.4978793627381222,0.2212732892396929
88,2017,0.5469579142031967,0.5834870306819744,0.08298033265844643
88,2018,0.5875415671494033,0.6512741531461805,0.49220229946560007
88,2019,0.5778040168199259,0.6241116816065411,
88,2020,0.5685762416594717,0.610246424011319,
88,2021,0.500051675740567,0.645515479386825,0.2954251091172695
88,2022,0.4398486824442408,0.6434102938295067,0.47941558258475053
88,2023,0.49161813038774144,0.6640518716140117,
88,2024,0.4599275091438888,0.6033887206443929,0.14377947745675101
89,1999,0.5272667587714959,0.6712219958161406,
89,2000,0.21594949025046994,0.13539547370182758,
89,2001,0.11911381320856008,0.19802334353345502,
89,2002,0.3011564502424363,0.1363481451838358,
89,2003,0.6910195077207864,0.483214143301486,
89,2004,0.3592357370296648,0.3129823491669547,
89,2005,,0.18109992914194553,
89,2007,0.3499357786311235,0.170608741914786,
89,2008,0.7608214305778608,0.49928517721814275,
89,2009,0.7780645631254933,0.7104963959160244,
89,2010,0.8473484608253463,0.6252701272441115,
89,2011,0.6178419468833396,0.4686074355840517,
89,2012,0.6008409554844167,0.3272446850869305,
89,2013,0.574215168543305,0.3392299544940175,
89,2014,0.5136732137097093,0.4837833631358188,
89,2015,0.540585863778869,0.40585365876252405,0.07048016856970821
89,2016,0.580376583453578,0.46771347843203415,
89,2017,0.7006965546832593,0.4557174211418679,
89,2018,0.5124890554179491,0.6233347017730826,
89,2019,0.4574136983087761,0.49004368200958365,0.6576962261771978
89,2020,0.2928162871200054,0.49135815405108063,0.16330817165972195
89,2021,0.5394226342937353,0.5531940706411141,
89,2022,0.4781508050787374,0.5227979630950761,0.18197833249917014
89,2023,0.520512790170243,0.5421316365297961,
89,2024,0.4599275091438888,0.47937458786400255,
90,1999,0.30467801494217145,0.31334795693676365,
90,2000,0.37930897333103075,0.3091657768656179,
90,2001,0.18691412454980058,0.29489906257962323,
90,2002,0.2581872856730253,0.1363481451838358,
90,2003,0.7634868609969413,,
90,2004,0.26367656529034456,,
90,2005,0.14811366390554953,0.2579945132595677,
90,2008,0.10738349825561784,0.10492869783959502,
90,2009,0.4047224380209899,0.09261344299028619,
90,2010,0.4123278728853914,0.553718019766933,
90,2011,0.5163159269174922,0.6058952982486713,
90,2012,0.19203379344664215,0.16655856118784385,
90,2013,0.08413671930162277,0.15322021902594116,
90,2014,0.07253077726396527,0.15482428849091692,
90,2015,0.17336558718015455,0.17377030316379033,
90,2016,0.4170171003730172,0.26579600713938856,
90,2017,0.24694801643213332,0.30908553171229963,
90,2018,0.46951989084853807,0.32403913927547073,0.04905169985303921
90,2019,0.36185452656945594,0.3878254863229718,
90,2020,0.37948089700654813,0.4761784244143616,
90,2021,0.31422968809846125,0.3826111598011265,
90,2022,0.35776048656758763,0.37826162403752317,
90,2023,0.24272983680505975,0.33378489261932476,
90,2024,0.0,0.22127167357013114,
91,1999,,0.21647223789059544,
91,2000,0.4748681450703509,0.21229005781944973,
91,2001,0.023554641469239832,,
91,2002,,0.3101184483476262,
91,2003,0.31171053438975566,0.15991654516879,
91,2007,0.2295454601199738,,
91,2009,0.17356264359918866,0.26638374615407656,
91,2010,0.31676870114607114,0.0824669562707631,
91,2011,0.17073266221106848,,
91,2013,0.17969589104094302,0.28467237881879043,
91,2014,0.07253077726396527,0.15482428849091692,
91,2015,,0.07689458411762214,
91,2016,0.07143383566659343,0.2234778637684474,
91,2017,0.39284188706743994,0.14305693117276932,
91,2018,0.18577008925682756,0.20664121395213983,
91,2019,0.19849504348889518,0.35859152221673435,
91,2020,0.3969465094518022,0.1018030799643599,
91,2021,0.0,0.2346576944376525,
91,2022,0.031041520406466152,0.2375566350669826,
91,2023,0.21125943645437564,0.2969641016663588,
91,2024,0.0806185358128581,0.12439595452396285,
92,2000,0.4222781379004417,0.45869307183452346,
92,2006,,0.20799363477464688,
92,2007,,0.24750332603240816,
92,2008,0.10738349825561784,,
92,2009,0.0780034718598684,0.09261344299028619,
92,2011,0.17073266221106848,0.07425095620550394,
92,2012,,0.0896639770702217,
92,2013,,0.07632563490831899,
92,2014,,0.3155104123900036,
92,2015,0.010006104099593814,0.07689458411762214,
92,2016,0.07143383566659343,0.09202570397559816,
92,2017,0.0,0.04618121212660111,
92,2018,,0.10051266572828028,
92,2019,,0.11566833755958192,
92,2020,,0.0,
92,2021,,0.1966014243330501,
92,2022,0.28996017522634715,0.2873128054503826,
92,2023,0.011570042383258516,0.21317256188489428,
92,2024,0.0,0.15362991863020026,
93,2011,,0.07425095620550394,
93,2018,,0.0,
93,2019,,0.0,
93,2020,,0.0,
93,2021,,0.0,
100,2009,,0.09261344299028619,
100,2015,,0.0,
100,2017,,0.0,
100,2018,,0.0,
100,2020,,0.13637952071104095,
100,2021,,0.08513039946874688,
100,2022,,0.06378633190319219,
100,2023,,0.004825817974422859,
100,2024,,0.12439595452396285,
101,2001,,0.12112875941583287,
101,2002,,0.1363481451838358,
101,2006,,0.20799363477464688,
101,2007,0.13398628838065355,0.24750332603240816,
101,2008,0.32333298850608777,0.41015116079623476,
101,2009,0.17356264359918866,0.26638374615407656,
101,2010,0.22120952940675093,0.29081370018123454,
101,2011,0.17073266221106848,0.3371552757912024,
101,2012,0.25983410478788266,0.4294628807735424,
101,2013,0.17969589104094302,0.31390634292502784,
101,2014,0.235890260344526,0.20938186416614404,
101,2015,0.3052546699100312,0.38211704707426175,
101,2016,0.4344827128182713,0.5087191917965409,
101,2017,0.4417778998633782,0.4890742732542495,
101,2018,0.43121776821404145,0.5552624236538255,
101,2019,0.5252140096500167,0.528099952114186,
101,2020,0.5139457203046073,0.5008423992172766,
101,2021,0.5394226342937353,0.4746854735554676,
101,2022,0.5657201297658135,0.5310447136318015,
101,2023,0.6600461510984819,0.4960580163991389,
101,2024,0.6232869922244496,0.5642052830073762,
102,2000,,0.21229005781944973,
102,2001,,0.3587094674325417,
102,2002,0.042237795422555326,0.39925246476953435,
102,2003,0.19132021587860593,0.39749725318549883,
102,2006,0.24096347824573938,0.20799363477464688,
102,2007,0.13398628838065355,0.24750332603240816,
102,2008,0.4026320640660552,0.5107823566021191,
102,2009,0.4047224380209899,0.6913239845117448,
102,2010,0.437159019657221,0.5191415790202519,
102,2011,0.5930108001115102,0.5813908904547892,
102,2012,0.4757835950383526,0.6094516223154922,
102,2013,0.438614545860824,0.6491352573250261,
102,2014,0.5311388261549633,0.6845432801995617,
102,2015,0.716034043591746,0.7988105348952046,
102,2016,0.6436004807849288,0.792786241279918,
102,2017,0.5899270787726077,0.8014993251061481,
102,2018,0.6145055602978186,0.8265968146015898,
102,2019,0.6272305145298861,0.8474382127218772,
102,2020,0.7106891020642582,0.8295291904284026,
102,2021,0.7116766792270734,0.8270274851748755,
102,2022,0.5574498806387048,0.8728504654702317,
102,2023,0.6220388101360905,0.8781750634734006,
102,2024,0.6851204553391629,0.8391546264958694,
103,1999,,0.21647223789059544,
103,2001,,0.19802334353345502,
103,2002,,0.1363481451838358,
103,2004,0.10031708220978383,0.18153018937410545,
103,2005,0.24367283564486977,0.3125520889347948,
103,2006,,0.20799363477464688,
103,2007,0.3499357786311235,0.3020609017076353,
103,2008,0.10738349825561784,0.3132754417500664,
103,2009,0.17356264359918866,0.6061826498573972,
103,2010,0.31676870114607114,0.509414042763541,
103,2011,0.3340921452916292,0.480104614968028,
103,2012,0.39172318751775925,0.5609150405663916,
103,2013,0.5885030530787176,0.45844268198258076,
103,2014,0.45183975059499604,0.20938186416614404,
103,2015,0.6845636432410618,0.5533417364592038,
103,2016,0.6934013676381524,0.6375189254286436,
103,2017,0.8058765690230776,0.6540805242610321,
103,2018,0.5945772512946023,0.7358064961315295,
103,2019,0.5348348522505149,0.67605341747766,
103,2020,0.45617577020056604,0.5226647658810298,
103,2021,0.5105279745112336,0.5531940706411141,
103,2022,0.5006133096402824,0.5502171250360812,
103,2023,0.47017809127425664,0.5665233278989352,
103,2024,0.4350963623720593,0.5302496132864869,
104,1999,0.009429449131734064,0.3479243976834447,
104,2000,,0.21229005781944973,
104,2004,0.10031708220978383,0.2584247734917276,
104,2005,,0.18109992914194553,
104,2006,,0.20799363477464688,
104,2008,0.10738349825561784,0.27869900100338535,
104,2009,0.0780034718598684,,0.12097323711945841
104,2010,0.05785004632619019,,0.2608345829241931
104,2011,0.17073266221106848,0.15114554032312608,0.102641743074921
104,2012,0.19203379344664215,0.4294628807735424,0.14507435921507697
104,2013,0.17969589104094302,0.25009593807210934,0.1512953719917966
104,2014,,0.25170000753708516,0.11625441398710193
104,2015,0.36448393065879503,0.42694708649277774,
104,2016,0.480240997704368,0.4395663103031789,
104,2017,0.24694801643213332,0.3242652613490187,
104,2018,0.40171957950729753,0.2742829688920707,
104,2019,0.23482495447945156,0.35859152221673435,
104,2020,0.3969465094518022,0.34472626462151235,0.16330817165972195
104,2021,0.46550047444670556,0.3661098542305018,0.42352436022694223
104,2022,0.28996017522634715,0.2873128054503826,
104,2023,0.42037720442103316,0.2969641016663588,
104,2024,0.33953719063273907,0.2850820784230495,
105,1999,0.1727889322122948,0.31334795693676365,
105,2002,0.3374863612329927,0.1363481451838358,
105,2003,0.09576104413928568,,
105,2004,0.6046834159868787,0.18153018937410545,
105,2005,0.14811366390554953,0.2579945132595677,
105,2006,0.24096347824573938,,
105,2007,0.2295454601199738,,
105,2008,0.10738349825561784,0.10492869783959502,0.38243594324639146
105,2009,0.4047224380209899,0.22406560278313548,0.5052709904484767
105,2010,,0.15936154038838526,0.30207333079042786
105,2011,,,0.5281782442701741
105,2012,0.09647462170732189,0.0896639770702217,
105,2013,0.08413671930162277,0.15322021902594116,0.20446136483184782
105,2014,0.235890260344526,0.3155104123900036,0.4886249223423038
105,2015,0.36448393065879503,0.369032867809558,0.19857941967938092
105,2016,0.355183637258304,0.3155521775227886,0.3156780299459789
105,2017,0.2106181054415769,0.17763337191945036,0.08298033265844643
105,2018,0.32862291232952234,0.14283080909922138,0.17715095096271194
105,2019,0.3807188251147582,0.20480235398149008,0.3393149109287998
105,2020,0.42841690980248637,0.2678316805038902,0.16330817165972195
105,2021,0.31422968809846125,0.35728754823213676,0.33666385698350426
105,2022,0.4103504937374969,0.3955140013979539,0.3100775836088429
105,2023,0.42037720442103316,0.31004828093106246,0.7030529672201303
105,2024,0.33953719063273907,0.27102784395353113,0.3131174764326586
106,1999,0.10498862087105432,0.3479243976834447,
106,2002,,,0.0
106,2003,0.09576104413928568,0.29136870496163925,0.3019146097580894
106,2004,0.7610072149222404,0.41911089739081425,0.372655969166167
106,2005,,0.18109992914194553,0.22468539266292145
106,2006,,,0.2002811612042697
106,2008,,0.18182328195721717,
106,2009,0.0780034718598684,0.16950802710790835,
106,2010,0.05785004632619019,0.0824669562707631,0.13273533181452032
106,2011,0.3340921452916292,0.3794734191621436,0.27197974205082853
106,2012,0.25983410478788266,0.3272446850869305,0.14507435921507697
106,2013,0.08413671930162277,0.25009593807210934,0.07636211372217508
106,2014,0.28848026751443523,0.2862764482837662,0.1911876722567235
106,2015,,0.17377030316379033,0.19857941967938092
106,2016,0.23479331874715414,0.3426905912570107,0.40253853318941685
106,2017,0.3534709285142717,0.338319495818537,0.5497555817199342
106,2018,0.09021091751750734,0.29235810406812696,0.6160529001435173
106,2019,0.03513556040833445,0.24712049735243125,0.4479426796018081
106,2020,0.3176474338918349,0.23325523975720924,0.494439932148689
106,2021,0.0,0.1966014243330501,0.7299784305015239
106,2022,0.35776048656758763,0.2721330758136636,0.3513163314750777
106,2023,0.317782348536514,0.2969641016663588,0.2387584017715919
106,2024,0.3190305306248731,0.25584811431681215,0.14377947745675101
107,1999,0.45057188557747807,0.3479243976834447,
107,2000,0.09555917173932021,0.3091657768656179,
107,2001,0.5886856024423763,0.4444263575485289,
107,2002,0.5171059404929063,0.3101184483476262,0.23152081200496002
107,2003,0.19132021587860593,,0.49438377817190615
107,2004,0.3955656480202212,0.2584247734917276,0.44190237399229715
107,2005,0.24367283564486977,0.41868063715865433,0.33331316133592975
107,2006,0.24096347824573938,0.38176393793843727,0.2752144194738912
107,2007,0.3929049432005345,0.47583120487142566,0.15840641667412209
107,2008,0.3663021530754988,0.39017002586768856,0.4236746911126264
107,2009,0.7239589371237289,0.7211335040796218,0.3434772289354172
107,2010,0.6712465277052724,0.6598465679907926,0.20766859008414187
107,2011,0.5795398242488432,0.4686074355840517,0.4981434208680319
107,2012,0.5865530709490042,0.4717810241444835,0.5046944223297097
107,2013,0.37938528511206016,0.3392299544940175,0.2457001126980826
107,2014,0.39924974342508673,0.40122730250599076,0.11625441398710193
107,2015,0.500084553341276,0.513569206867111,0.45477792189872646
107,2016,0.6365647966397299,0.6087296165766336,0.5808933523543257
107,2017,0.4943679070332875,0.5797315539222582,0.7115493432329937
107,2018,0.4169298836786288,0.5552624236538255,0.5300499768812492
107,2019,0.4574136983087761,0.5523429603090708,0.6704466714177668
107,2020,0.3606165984612459,0.4761784244143616,0.6300834207212098
107,2021,0.5105279745112336,0.4932021581255135,0.5833829401382217
107,2022,0.4103504937374969,0.49073341839596996,0.4134991445041302
107,2023,0.4811418316170748,0.5007408562735077,0.7694682130376197
107,2024,0.4350963623720593,0.37922903990110246,0.27187872856642376
108,1999,0.7905099003553406,0.6823808247463217,
108,2000,0.5541672206303183,0.34374221761229895,
108,2001,0.5279209752463347,0.4063700874439264,
108,2002,0.042237795422555326,0.21324272930145796,0.23152081200496002
108,2003,,,0.4139334488816833
108,2004,0.10031708220978383,0.18153018937410545,0.900168327761831
108,2005,,0.18109992914194553,0.3115458959063594
108,2006,0.14540430650641914,0.20799363477464688,0.6163382433348945
108,2007,0.13398628838065355,0.170608741914786,0.612431220495041
108,2008,0.5974619474973001,0.5216221856605379,0.20117069929666753
108,2009,0.2939529621103384,0.43241234669360684,0.4805933002340912
108,2010,0.22120952940675093,0.4222658599740838,0.2608345829241931
108,2011,0.2911229807222182,0.24802125936929428,0.4869394964039393
108,2012,0.09647462170732189,,0.6892306924553746
108,2013,0.17969589104094302,0.15322021902594116,0.6986658411030399
108,2014,0.16808994900328553,0.25170000753708516,0.5594050135996628
108,2015,0.17336558718015455,0.2629043195856985,0.4016119290586752
108,2016,0.355183637258304,0.52389892143326,0.7217430487045674
108,2017,0.3534709285142717,0.38598011582992175,0.5343459804678834
108,2018,0.28132926099614786,0.46954553353783834,0.49220229946560007
108,2019,0.23482495447945156,0.3477516931583156,0.4014977239578524
108,2020,0.1542879508112741,0.19093709638626805,0.4195066738790674
108,2021,0.0982801978479912,0.3977908894378455,0.4647631080931771
108,2022,0.26220131482826736,0.38708393003588815,0.6487535815606579
108,2023,0.24272983680505975,0.3646058566062896,0.47887649200485843
108,2024,0.0806185358128581,0.25584811431681215,0.44121672754233143
109,1999,0.5950670701127366,0.21647223789059544,
109,2000,0.4017714778925757,0.26684763349467683,
109,2001,0.3188032072796772,,
109,2002,0.3374863612329927,0.21324272930145796,0.5794648989191098
109,2003,,,0.6330463702470565
109,2004,,0.18153018937410545,0.5243798697247667
109,2005,,,0.63075041142151
109,2006,0.14540430650641914,0.20799363477464688,
109,2007,0.13398628838065355,0.170608741914786,0.2115724095141733
109,2008,0.10738349825561784,,
109,2009,,,0.04603997884983689
109,2010,,,0.20766859008414187
109,2011,0.3340921452916292,0.15114554032312608,0.23074099418459376
109,2012,0.19203379344664215,0.0896639770702217,0.5964400070245139
109,2013,0.37938528511206016,0.36156696293641255,0.471863791515286
109,2014,0.494808915164407,0.4329083377133345,0.628651418425793
109,2015,0.26892475891947476,0.23758070801670877,0.6616210436893011
109,2016,0.3025936300883946,0.32960641199230695,0.7621585963040499
109,2017,0.6123895833341527,0.4628746999475439,0.9274691421051796
109,2018,0.6207906771967825,0.42381026386097626,0.6117042723469663
109,2019,0.5348348522505149,0.4616856796410621,0.7326294844468194
109,2020,0.37948089700654813,0.3101498238748313,0.7949319320200294
109,2021,0.46550047444670556,0.4118451239073639,0.7385757087298304
109,2022,0.4398486824442408,0.43281919971275024,0.554348840854372
109,2023,0.07937035372449902,0.38268099178234594,0.33316314247787787
109,2024,0.2717368792914986,0.25584811431681215,0.5033995405713838
110,1999,0.1727889322122948,,
110,2000,0.32671896616112145,0.3091657768656179,
110,2001,0.023554641469239832,,
110,2002,0.20559727850311607,,0.6862983995727026
110,2003,,,0.1738153586484167
110,2004,0.10031708220978383,,0.44190237399229715
110,2005,,,0.5293709503573764
110,2006,,,0.2002811612042697
110,2007,,,0.2115724095141733
110,2009,0.0780034718598684,,
110,2010,,,0.2608345829241931
110,2011,0.17073266221106848,,0.3341625550798811
110,2012,,,0.2200076174846985
110,2013,0.2474962023821835,0.28467237881879043,
110,2014,,0.25170000753708516,0.41369166407268226
110,2015,0.10556527583891406,0.548145647613792,0.6046444384379694
110,2016,0.0,0.46771347843203415,0.5187105393252732
110,2017,0.0472586223610162,0.53261200525949,0.2860128420377407
110,2018,0.14280092468741656,0.3749141646979551,0.17715095096271194
110,2019,0.19849504348889518,0.11566833755958192,0.16997691195289227
110,2020,0.033897632300124395,0.059484936593418816,0.16330817165972195
110,2021,0.0,0.17426441589065506,0.4823772065104848
110,2022,0.28996017522634715,0.31445121918460467,0.4381768347185156
110,2023,0.011570042383258516,0.1655119418735095,
110,2024,0.012818224471617607,0.17895353019918997,0.14377947745675101
111,1999,0.33614841529285555,0.31334795693676365,
111,2000,0.4222781379004417,0.21229005781944973,
111,2001,0.3502736076303613,,
111,2002,0.4215467687535861,,
111,2003,0.19132021587860593,,0.5244186015740482
111,2004,0.3592357370296648,,0.13253787893290042
111,2005,0.14811366390554953,,0.725155152127796
111,2007,0.13398628838065355,,0.08347315840450058
111,2008,0.20294266999493807,,
111,2009,0.24136295494042914,,
111,2010,0.5164580952171882,,
111,2011,0.47694496836432404,,0.17757500134454254
111,2012,0.09647462170732189,,
111,2013,,0.07632563490831899,0.4074938742111421
111,2014,0.235890260344526,,0.628651418425793
111,2015,0.22595559435006377,0.0,
111,2016,,0.09202570397559816,
111,2017,,0.0,
111,2018,,0.0,0.04905169985303921
111,2019,0.15552587891948416,0.0,0.3393149109287998
111,2020,0.1972571153806851,0.0,0.4607454217453023
111,2021,0.39352876365842854,0.0428122560978058,0.2954251091172695
111,2022,0.28996017522634715,0.1406809160208143,0.3100775836088429
111,2023,0.317782348536514,0.19083555344249922,
111,2024,0.13320854298276733,0.0,
112,1999,0.30467801494217145,,
112,2000,0.2589186548198809,,
112,2001,0.4458327793696816,0.32947550332630426,
112,2002,0.20559727850311607,0.21324272930145796,
112,2003,0.2591205272198464,0.15991654516879,
112,2009,0.17356264359918866,0.09261344299028619,
112,2011,0.17073266221106848,0.07425095620550394,
112,2012,0.09647462170732189,0.16655856118784385,0.5511393779736655
112,2013,,,0.07636211372217508
112,2014,0.07253077726396527,,0.5005521673161203
112,2015,0.10556527583891406,0.35497863334003965,
112,2016,0.19182415417774315,0.2234778637684474,
112,2017,0.0,0.0,
112,2018,0.14280092468741656,0.14283080909922138,
112,2019,0.15552587891948416,,
112,2020,0.10169794364136489,,0.2382414299293435
112,2021,0.0982801978479912,0.2663387296449962,0.16732585800759675
112,2022,0.511089608410949,0.3266906514888907,
112,2023,0.5294073520230205,0.4143620269896897,0.16382514350197036
112,2024,0.3921271978026483,0.20129053864158503,
113,1999,0.009429449131734064,,
113,2000,0.0,,
113,2001,0.4253261193618156,0.3587094674325417,
113,2002,0.042237795422555326,,
113,2007,,0.170608741914786,
113,2008,,,0.3292699504063403
113,2009,0.0780034718598684,0.09261344299028619,
113,2011,0.17073266221106848,,
113,2012,0.19203379344664215,0.22111613686307097,
113,2013,,,0.3078829257271351
113,2014,0.07253077726396527,,
113,2015,0.10556527583891406,0.13145215979284924,
113,2016,0.0,0.0,0.1463400309700713
113,2017,0.0,0.27450909096561865,
113,2018,0.22210000024738397,,
113,2019,0.19849504348889518,0.018792618513413722,
113,2020,0.1542879508112741,0.0049273609181916984,
113,2021,0.2301692805778678,0.17426441589065506,0.16732585800759675
113,2022,0.15143183891761586,0.009228756227965073,
113,2023,0.011570042383258516,0.1362779777672721,
113,2024,0.21250761854273473,0.12439595452396285,0.27187872856642376
114,2001,0.2395041317197098,0.12112875941583287,
114,2002,,0.1363481451838358,
114,2005,0.14811366390554953,0.3125520889347948,
114,2007,0.13398628838065355,,
114,2008,0.4341024644167393,0.10492869783959502,
114,2011,0.3704220562821856,,
114,2013,0.08413671930162277,,
114,2014,,0.0779297043732948,
114,2015,0.26892475891947476,0.47125106349616996,
114,2016,0.3025936300883946,0.32960641199230695,0.6131152800315592
114,2017,0.4417778998633782,0.3514036750832407,
114,2018,0.25357040059806807,0.20664121395213983,
114,2019,0.34134786656158994,0.24712049735243125,0.6440004686232548
114,2020,0.1542879508112741,0.28301141014060927,
114,2021,0.2893985413266317,0.2346576944376525,
114,2022,0.09884183174770665,0.16991488012705172,
114,2023,0.21125943645437564,0.1655119418735095,
114,2024,0.21250761854273473,0.17895353019918997,0.27187872856642376
115,1999,0.009429449131734064,0.1395776537729733,
115,2000,0.0,0.13539547370182758,
115,2002,0.13779696716187556,,
115,2007,0.13398628838065355,,
115,2008,0.20294266999493807,0.18182328195721717,
115,2009,0.4047224380209899,0.22406560278313548,
115,2010,0.15340921806551044,0.0824669562707631,0.13273533181452032
115,2011,0.17073266221106848,0.15114554032312608,
115,2013,,0.15322021902594116,
115,2014,0.07253077726396527,,
115,2015,0.10556527583891406,0.23758070801670877,
115,2016,0.2711232297377105,0.1981542521994577,
115,2017,0.16764894087216592,0.17763337191945036,
115,2018,0.09021091751750734,0.0,
115,2019,0.26629535483013567,0.17947874241250036,0.7824655105413607
115,2020,0.1972571153806851,0.19093709638626805,
115,2021,0.030479886506750712,0.0,
115,2022,0.09884183174770665,0.06378633190319219,
115,2023,0.011570042383258516,0.0,
115,2024,0.13320854298276733,0.15362991863020026,0.5783327988410053
116,1999,0.33614841529285555,0.27102981356582256,
116,2000,0.45860804889099804,0.26684763349467683,
116,2001,0.023554641469239832,0.25258091920868214,
116,2002,0.3967156219817566,0.1363481451838358,
116,2003,0.2591205272198464,0.3336868483325804,
116,2004,0.19587625394910407,,
116,2008,,0.10492869783959502,
116,2009,0.2939529621103384,0.16950802710790835,0.21537797782574442
116,2010,0.4989924827719342,0.34537127585646166,
116,2011,0.6178419468833396,0.2057031159983532,
116,2013,0.2474962023821835,,
116,2014,0.07253077726396527,0.0779297043732948,
116,2015,0.3052546699100312,0.2629043195856985,
116,2016,0.5300418845575916,0.28387114231544486,
116,2017,0.3739775885221377,0.4240363859345242,
116,2018,0.45743119411622174,0.20664121395213983,
116,2019,0.4439427224461091,0.33625451377433935,0.16997691195289227
116,2020,0.45617577020056604,0.3338864355630936,
116,2021,0.45275802440719237,0.21658255926159622,
116,2022,0.23073091447758326,0.10610447527413328,
116,2023,0.2953198439749691,0.21317256188489428,
116,2024,0.42162538650939224,0.29816625768775323,
117,1999,0.22537893938220402,,
117,2000,0.0,,
117,2001,,0.19802334353345502,
117,2002,0.13779696716187556,,
117,2004,0.3592357370296648,0.48675265233074516,
117,2005,0.7526155834318543,0.41868063715865433,
117,2009,0.0780034718598684,,
117,2010,0.05785004632619019,,
117,2011,0.07517349047174823,,
117,2013,0.17969589104094302,,
117,2014,0.07253077726396527,,
117,2015,0.10556527583891406,0.0,
117,2016,0.0,0.03746812830037104,
117,2017,0.1150589337022567,,
117,2018,0.02241060617626685,0.04595509005305316,
117,2019,0.23482495447945156,0.018792618513413722,
117,2020,0.10169794364136489,0.0,
117,2021,0.0982801978479912,0.08513039946874688,
117,2022,,0.06378633190319219,
117,2023,0.24272983680505975,0.1655119418735095,
117,2024,0.13320854298276733,0.04750137040634072,
118,2000,0.4222781379004417,0.37297618171853636,
118,2002,0.20559727850311607,,
118,2003,0.09576104413928568,,
118,2004,0.3162665724602538,0.18153018937410545,
118,2006,0.14540430650641914,,
118,2007,0.5132952617116843,,
118,2008,0.10738349825561784,0.18182328195721717,
118,2009,,0.09261344299028619,
118,2010,0.2737995365766602,,
118,2011,0.23853297355230899,0.2057031159983532,
118,2013,0.17969589104094302,0.07632563490831899,
118,2014,0.36777934307440263,,
118,2015,0.010006104099593814,0.0,
118,2017,0.0472586223610162,0.10073878780182823,
118,2018,0.22210000024738397,0.20664121395213983,
118,2019,0.19849504348889518,0.018792618513413722,
118,2020,0.0,,
118,2021,0.0982801978479912,0.25115900000827723,
118,2022,0.09884183174770665,0.16991488012705172,
118,2023,0.13196036089440824,0.1655119418735095,
118,2024,0.012818224471617607,,
119,1999,0.22537893938220402,,
119,2000,0.2589186548198809,0.21229005781944973,
119,2002,0.20559727850311607,0.44157060814047544,
119,2003,0.39100960994972306,0.23681112928641215,
119,2004,0.6308968418890589,0.18153018937410545,
119,2006,0.24096347824573938,0.20799363477464688,
119,2007,0.3929049432005345,0.24750332603240816,
119,2008,0.32333298850608777,0.27869900100338535,
119,2009,0.0780034718598684,,
119,2010,0.05785004632619019,,
119,2011,0.07517349047174823,,
119,2012,0.19203379344664215,,
119,2013,0.17969589104094302,0.20777779470116828,
119,2014,0.07253077726396527,0.15482428849091692,
119,2015,0.10556527583891406,0.20834674391047137,
119,2016,,0.09202570397559816,
119,2017,0.2784184167828174,0.38598011582992175,
119,2018,0.3679938708826906,0.5552624236538255,
119,2019,0.19849504348889518,0.4354861063343565,
119,2020,0.10169794364136489,0.4144635699334585,
119,2021,0.39352876365842854,0.45416326727830497,
119,2022,0.35776048656758763,0.46963999066571627,
119,2023,0.37461891953493637,0.4537398730281978,
119,2024,0.42162538650939224,0.38730027410966145,
120,1999,0.4112009270243098,0.44480011672961295,
120,2000,0.21594949025046994,0.5175125207760893,
120,2001,,0.38403307900153133,
120,2002,0.3689567615836768,0.34469488909430723,
120,2003,0.6608920051124222,0.39749725318549883,
120,2004,0.19587625394910407,0.7496569719164435,
120,2005,0.14811366390554953,0.7292455767557375,
120,2006,,0.5901106818489087,
120,2007,0.460705254541775,0.8156301085747463,
120,2008,0.5974619474973001,0.7228116507653333,
120,2009,0.5191459083056124,0.8102675205015301,
120,2010,0.562216380103285,0.8726557620017915,
120,2011,0.47694496836432404,0.8342231770876888,
120,2012,0.5187527596077637,0.7038643797432171,
120,2013,0.48590819719419853,0.6978209899894412,
120,2014,0.39924974342508673,0.672561693453755,
120,2015,0.5278434137393557,0.6947775370433603,
120,2016,0.5514819236710763,0.551037335167482,
120,2017,0.39284188706743994,0.5226283644681828,
120,2018,0.34912957233738834,0.45549129906832,
120,2019,0.47015614834828934,0.4735423764389589,
120,2020,0.5428403800871089,0.5267433183220281,
120,2021,0.5394226342937353,0.4049481682435215,
120,2022,0.4781508050787374,0.4394741063596282,
120,2023,0.5379784026154971,0.4143620269896897,
120,2024,0.4823900137054339,0.4165342382158988,
121,2001,,0.25258091920868214,
121,2002,,0.21324272930145796,
121,2003,,0.15991654516879,
121,2004,,0.18153018937410545,
121,2005,0.24367283564486977,0.389446673052417,
121,2006,,0.20799363477464688,
121,2007,0.13398628838065355,0.3020609017076353,
121,2008,0.10738349825561784,0.10492869783959502,
121,2009,0.0780034718598684,,
121,2010,0.2737995365766602,0.21391911606361239,
121,2011,0.17073266221106848,0.3371552757912024,
121,2012,0.31242411195779185,0.16655856118784385,
121,2013,0.2474962023821835,0.36156696293641255,
121,2014,0.36777934307440263,0.2862764482837662,
121,2015,0.17336558718015455,0.33979890370332066,
121,2016,0.355183637258304,0.26579600713938856,
121,2017,0.3534709285142717,0.36364310738752675,
121,2018,0.18577008925682756,0.04595509005305316,
121,2019,0.4296548379106964,0.2816969380991122,
121,2020,0.2335870263712415,0.28301141014060927,
121,2021,0.030479886506750712,0.17426441589065506,
121,2022,0.031041520406466152,0.06378633190319219,
121,2023,0.0,0.0,
121,2024,0.21250761854273473,0.08981951377728181,
130,2000,,0.13539547370182758,
130,2002,,0.1363481451838358,
130,2003,,0.23681112928641215,
130,2009,,0.09261344299028619,
130,2011,,0.07425095620550394,
130,2012,0.09647462170732189,,
130,2014,,0.3408340239589933,
130,2015,,0.42694708649277774,
130,2016,0.0,0.4237533734703599,
130,2017,,0.38598011582992175,
130,2018,,0.440311569431601,
130,2019,,0.48470120536914,
130,2020,,0.2678316805038902,
130,2021,,0.35728754823213676,
130,2022,,0.33818783087286697,
130,2023,,0.44771887910207125,
130,2024,,0.42961841748060253,
131,2001,,0.19802334353345502,
131,2002,,0.21324272930145796,
131,2008,0.10738349825561784,0.49928517721814275,
131,2009,,0.5557932722778972,
131,2010,,0.5760550282093281,
131,2011,,0.5747359838079112,
131,2012,,0.5760947702031107,
131,2013,,0.6296673713675228,
131,2014,0.235890260344526,0.6845432801995617,
131,2015,,0.6214953550811222,
131,2016,0.0,0.6427871913934984,
131,2017,0.16764894087216592,0.7360326182050775,
131,2018,0.09021091751750734,0.8192412241820599,
131,2019,0.23482495447945156,0.7705436286042551,
131,2020,0.10169794364136489,0.8335729551266553,
131,2021,0.0,0.8070463502463292,
131,2022,0.0,0.7792730100629488,
131,2023,0.07937035372449902,0.7402936310627256,
131,2024,0.0,0.7134497361952222,
132,2006,,0.28488821889226906,
132,2008,0.10738349825561784,0.27869900100338535,
132,2010,0.15340921806551044,0.0824669562707631,
132,2011,,0.2825977001159753,
132,2012,0.09647462170732189,0.16655856118784385,
132,2013,0.08413671930162277,0.28467237881879043,
132,2014,0.16808994900328553,0.25170000753708516,
132,2015,0.4117775819921696,0.2629043195856985,
132,2016,0.3025936300883946,0.4978793627381222,
132,2017,0.24694801643213332,0.527685874294606,
132,2018,0.38545948332794466,0.5274597522210581,
132,2019,0.4296548379106964,0.5597809873215298,
132,2020,0.3401099384533799,0.5054123885205991,
132,2021,0.4097888598377814,0.6311570822553982,
132,2022,0.394090397558144,0.6388947143326246,
132,2023,0.39087901571428924,0.6601007833062181,
132,2024,0.577949185444754,0.6315358887732481,
133,1999,,0.1395776537729733,
133,2002,,0.1363481451838358,
133,2007,0.2295454601199738,0.170608741914786,
133,2008,0.10738349825561784,0.10492869783959502,
133,2009,0.17356264359918866,0.26638374615407656,
133,2010,0.15340921806551044,0.0824669562707631,
133,2011,0.07517349047174823,0.15114554032312608,
133,2012,0.31242411195779185,0.16655856118784385,
133,2013,0.2474962023821835,0.20777779470116828,
133,2014,0.07253077726396527,0.3155104123900036,
133,2015,0.17336558718015455,0.3052224629566397,
133,2016,0.2711232297377105,0.4065009961099291,
133,2017,0.3061772771808972,0.5009309700521463,
133,2018,0.32862291232952234,0.46954553353783834,
133,2019,0.15552587891948416,0.4354861063343565,
133,2020,0.3401099384533799,0.45967711884373685,
133,2021,0.3571988526678722,0.4841697187216636,
133,2022,0.4103504937374969,0.45212181735561346,
133,2023,0.35715330708968224,0.4960580163991389,
133,2024,0.4714262733626157,0.5147597521349501,
134,2004,0.10031708220978383,,
134,2008,0.20294266999493807,,
134,2009,,0.09261344299028619,
134,2010,0.05785004632619019,0.0824669562707631,
134,2011,0.07517349047174823,0.2057031159983532,
134,2012,,0.0896639770702217,
134,2013,0.17969589104094302,0.3392299544940175,
134,2014,0.16808994900328553,0.3408340239589933,
134,2015,0.22595559435006377,0.2629043195856985,
134,2016,0.19182415417774315,0.26579600713938856,
134,2017,0.24694801643213332,0.2925842261416749,
134,2018,0.3679938708826906,0.32403913927547073,
134,2019,0.19849504348889518,0.3477516931583156,
134,2020,0.1542879508112741,0.28301141014060927,
134,2021,0.19383936958731143,0.2346576944376525,
134,2022,0.4103504937374969,0.3266906514888907,
134,2023,0.2953198439749691,0.1655119418735095,
134,2024,0.21250761854273473,0.29816625768775323,
135,2002,0.042237795422555326,,
135,2004,0.10031708220978383,0.18153018937410545,
135,2005,0.14811366390554953,0.18109992914194553,
135,2006,0.14540430650641914,0.20799363477464688,
135,2007,0.2295454601199738,0.170608741914786,
135,2008,0.4341024644167393,0.5107823566021191,
135,2009,0.4047224380209899,0.3778547710183798,
135,2010,0.2737995365766602,0.15936154038838526,
135,2011,0.2911229807222182,0.2057031159983532,
135,2012,0.25983410478788266,0.2980107209806931,
135,2013,0.2474962023821835,0.47068211428686674,
135,2014,0.28848026751443523,0.41772860807661544,
135,2015,0.26892475891947476,0.369032867809558,
135,2016,0.3025936300883946,0.32960641199230695,
135,2017,0.3310084239527267,0.4628746999475439,
135,2018,0.25357040059806807,0.42381026386097626,
135,2019,0.4439427224461091,0.4792038529511649,
135,2020,0.46891822024007923,0.45384141597196664,
135,2021,0.37606315121317446,0.5140633195939758,
135,2022,0.4255607979088281,0.5004609546526811,
135,2023,0.49161813038774144,0.44771887910207125,
135,2024,0.4714262733626157,0.4744484568991185,
136,2001,0.023554641469239832,,
136,2004,0.10031708220978383,0.2584247734917276,
136,2005,0.24367283564486977,,
136,2008,0.32333298850608777,,
136,2009,0.5366115207508665,0.3009601869007576,
136,2010,0.15340921806551044,0.32004766428747194,
136,2011,0.42965131703094944,0.3371552757912024,
136,2012,0.3553932765272029,0.4717810241444835,
136,2013,0.37938528511206016,0.41612453861163967,
136,2014,0.494808915164407,0.3408340239589933,
136,2015,0.3367250702607153,0.33979890370332066,
136,2016,0.355183637258304,0.3664272029452729,
136,2017,0.4265675956920469,0.4482793941294089,
136,2018,0.30616040776797737,0.39600759242820877,
136,2019,0.31888536200004497,0.3966477923213368,
136,2020,0.37948089700654813,0.3549798632933473,
136,2021,0.3571988526678722,0.3826111598011265,
136,2022,0.19440100348702688,0.5097137838303725,
136,2023,0.42037720442103316,0.3738586857839809,
136,2024,0.5217609722586021,0.5187524339025107,
137,2007,0.13398628838065355,,
137,2009,0.0780034718598684,0.16950802710790835,
137,2010,0.05785004632619019,0.0824669562707631,
137,2011,0.07517349047174823,0.2057031159983532,
137,2012,0.09647462170732189,0.22111613686307097,
137,2013,0.17969589104094302,0.3392299544940175,
137,2014,0.07253077726396527,0.0779297043732948,
137,2015,0.17336558718015455,0.45474975792554523,
137,2016,0.3776461418198489,0.2234778637684474,
137,2017,0.3534709285142717,0.5226283644681828,
137,2018,0.38545948332794466,0.4762004401847163,
137,2019,0.26629535483013567,0.44903796864507683,
137,2020,0.1972571153806851,0.1018030799643599,
137,2021,0.26163968092855194,0.3903528624253865,
137,2022,0.31479132199817667,0.10610447527413328,
137,2023,0.17492952546381924,,
137,2024,0.4823900137054339,0.22127167357013114,
138,2001,0.023554641469239832,,
138,2011,0.17073266221106848,0.07425095620550394,
138,2012,0.09647462170732189,0.0896639770702217,
138,2013,0.17969589104094302,0.20777779470116828,
138,2014,,0.20938186416614404,
138,2015,0.010006104099593814,0.28524132802809354,
138,2016,0.19182415417774315,0.24581487221084244,
138,2017,0.1150589337022567,0.23219094759467748,
138,2018,0.28132926099614786,0.32403913927547073,
138,2019,0.31888536200004497,0.2816969380991122,
138,2020,0.3401099384533799,0.4070255429209995,
138,2021,0.31422968809846125,0.21658255926159622,
138,2022,0.26220131482826736,0.19523849169604143,
138,2023,0.42037720442103316,0.2829098671968404,
138,2024,0.3584014891780414,0.2393468087461874,
139,2009,,0.09261344299028619,
139,2010,0.05785004632619019,,
139,2011,0.17073266221106848,0.07425095620550394,
139,2013,,0.07632563490831899,
139,2014,,0.0779297043732948,
139,2015,,0.07689458411762214,
139,2016,0.23479331874715414,0.03746812830037104,
139,2017,0.24694801643213332,0.17763337191945036,
139,2018,0.02241060617626685,0.3088594096387517,
139,2019,0.23482495447945156,0.22713936242388513,
139,2020,0.1972571153806851,0.16561348481727836,0.16330817165972195
139,2021,0.4392870485445253,0.4185000305542418,
139,2022,0.31479132199817667,0.3690087948598318,
139,2023,0.2953198439749691,0.33378489261932476,
139,2024,0.2717368792914986,0.22127167357013114,
140,1999,0.1727889322122948,,
140,2000,0.0,,
140,2001,0.2395041317197098,0.12112875941583287,
140,2002,0.13779696716187556,,
140,2004,,,0.05760462066327891
140,2007,,,0.08347315840450058
140,2008,0.10738349825561784,,
140,2012,0.09647462170732189,0.0896639770702217,0.4230401268639928
140,2013,0.08413671930162277,0.15322021902594116,0.07636211372217508
140,2014,0.07253077726396527,,0.11625441398710193
140,2016,,,0.2212732892396929
140,2017,0.0,0.20686733602568777,
140,2018,0.25357040059806807,0.04595509005305316,0.12398495812266074
140,2019,0.03513556040833445,0.0,0.16997691195289227
140,2020,0.2928162871200054,0.13637952071104095,0.16330817165972195
140,2021,0.4097888598377814,0.2346576944376525,0.16732585800759675
140,2022,0.23073091447758326,0.16991488012705172,
140,2023,0.17492952546381924,0.1362779777672721,0.2919243946116431
140,2024,0.29656802606332816,0.22127167357013114,
141,1999,0.48429759420208507,0.21647223789059544,
141,2000,0.21594949025046994,0.13539547370182758,
141,2001,0.023554641469239832,,
141,2002,0.3689567615836768,,
141,2004,0.10031708220978383,,0.2891254326682389
141,2005,,,0.46141241244560244
141,2007,,,0.08347315840450058
141,2008,0.10738349825561784,,
141,2009,0.0780034718598684,,
141,2011,0.07517349047174823,,
141,2013,0.08413671930162277,0.07632563490831899,0.1512953719917966
141,2014,0.07253077726396527,,0.1911876722567235
141,2015,0.010006104099593814,0.0,0.14541342683932973
141,2016,0.07143383566659343,0.13434384734653923,0.2744392820797441
141,2017,0.2784184167828174,,
141,2018,0.18577008925682756,,
141,2019,0.19849504348889518,0.15024477830626295,
141,2020,0.3606165984612459,0.16561348481727836,
141,2021,0.26163968092855194,0.0,0.2954251091172695
141,2022,0.19440100348702688,0.009228756227965073,0.3100775836088429
141,2023,0.13196036089440824,0.0,0.2387584017715919
141,2024,0.33953719063273907,0.20129053864158503,
142,2002,0.042237795422555326,,
142,2003,0.09576104413928568,,
142,2010,0.2737995365766602,,
142,2011,0.07517349047174823,0.15114554032312608,
142,2012,0.09647462170732189,,
142,2014,0.07253077726396527,0.0779297043732948,0.11625441398710193
142,2015,0.010006104099593814,,0.19857941967938092
142,2016,0.0,0.03746812830037104,0.1463400309700713
142,2017,0.16764894087216592,0.10073878780182823,0.21107958376811917
142,2018,0.25357040059806807,0.14283080909922138,0.3052502020723847
142,2019,0.10293587174957496,0.11566833755958192,
142,2020,0.2335870263712415,0.16561348481727836,0.2914074227693947
142,2021,0.19383936958731143,0.1966014243330501,0.2422591162772183
142,2022,0.09884183174770665,0.10610447527413328,
142,2023,0.07937035372449902,0.004825817974422859,0.36685765288126465
142,2024,0.0806185358128581,0.17895353019918997,
143,2000,0.4222781379004417,0.21229005781944973,
143,2001,0.11911381320856008,0.12112875941583287,
143,2002,0.042237795422555326,,0.2779657676489158
143,2004,0.26367656529034456,,
143,2007,0.13398628838065355,,
143,2008,0.10738349825561784,0.10492869783959502,
143,2010,0.15340921806551044,,
143,2011,0.17073266221106848,0.07425095620550394,
143,2012,0.19203379344664215,,
143,2014,0.28848026751443523,,
143,2015,0.3367250702607153,,
143,2016,0.13923414700783393,,0.1463400309700713
143,2017,0.3310084239527267,0.04618121212660111,
143,2018,0.22210000024738397,0.04595509005305316,
143,2019,0.15552587891948416,,
143,2020,0.2650574267219256,,
143,2021,0.1508702050179004,0.0,
143,2022,0.15143183891761586,0.0,
143,2023,0.0,0.004825817974422859,0.16382514350197036
143,2024,0.13320854298276733,0.08981951377728181,
144,2005,0.14811366390554953,,
144,2008,0.10738349825561784,0.10492869783959502,
144,2010,0.437159019657221,,
144,2011,0.4018924566328697,0.07425095620550394,
144,2012,0.3553932765272029,,0.14507435921507697
144,2013,,,0.1512953719917966
144,2014,0.4270086038231665,,
144,2015,0.22595559435006377,,
144,2016,0.3303524904864744,0.0,0.1463400309700713
144,2017,0.3061772771808972,0.04618121212660111,
144,2018,0.0,0.0,
144,2019,0.10293587174957496,0.0,0.16997691195289227
144,2020,0.033897632300124395,,0.4607454217453023
144,2021,0.1508702050179004,0.0,
144,2022,0.26220131482826736,,
144,2023,0.2704886972031395,0.004825817974422859,
144,2024,0.17617770755217832,0.0,
145,2011,0.17073266221106848,,
145,2012,0.09647462170732189,0.0896639770702217,
145,2013,0.08413671930162277,,
145,2015,0.10556527583891406,,
145,2016,0.19182415417774315,0.09202570397559816,
145,2017,0.0472586223610162,0.10073878780182823,
145,2018,0.0,0.04595509005305316,
145,2019,0.15552587891948416,0.07335019418864083,
145,2020,0.1542879508112741,0.059484936593418816,
145,2021,0.0982801978479912,0.0,
145,2022,0.031041520406466152,0.0,0.18197833249917014
145,2023,0.13196036089440824,0.05938339364964997,
145,2024,0.13320854298276733,0.08981951377728181,
146,2002,,0.1363481451838358,
146,2009,,0.16950802710790835,
146,2011,0.07517349047174823,,
146,2012,0.09647462170732189,,0.14507435921507697
146,2013,0.17969589104094302,0.15322021902594116,
146,2014,,0.0779297043732948,0.11625441398710193
146,2015,0.26892475891947476,0.07689458411762214,
146,2016,0.19182415417774315,0.0,
146,2017,0.16764894087216592,0.04618121212660111,
146,2018,0.18577008925682756,,
146,2019,0.26629535483013567,0.018792618513413722,
146,2020,0.2928162871200054,0.1018030799643599,
146,2021,0.2893985413266317,0.21658255926159622,
146,2022,0.3766247851128899,0.2375566350669826,0.25691159076879166
146,2023,0.24272983680505975,0.25122883198949664,0.16382514350197036
146,2024,0.3190305306248731,0.15362991863020026,0.3131174764326586
147,2008,,0.18182328195721717,
147,2009,0.17356264359918866,0.22406560278313548,
147,2010,0.05785004632619019,0.15936154038838526,
147,2012,0.09647462170732189,,
147,2013,0.17969589104094302,,
147,2014,0.07253077726396527,0.20938186416614404,
147,2015,0.3367250702607153,0.3052224629566397,
147,2016,0.23479331874715414,0.1689202880932203,
147,2017,0.3061772771808972,0.17763337191945036,0.21107958376811917
147,2018,0.4169298836786288,0.25430183396352457,
147,2019,0.4439427224461091,0.15024477830626295,
147,2020,0.3969465094518022,0.3101498238748313,0.16330817165972195
147,2021,0.4249991640091127,0.21658255926159622,
147,2022,0.4255607979088281,0.2375566350669826,0.3100775836088429
147,2023,0.4060893198856205,0.3222877132353485,0.16382514350197036
147,2024,0.3921271978026483,0.22127167357013114,0.14377947745675101
148,2014,0.07253077726396527,,
148,2016,,0.0,
148,2017,0.3061772771808972,0.0,
148,2019,0.0,0.0,
148,2020,0.033897632300124395,,
148,2021,0.0,,
148,2022,0.031041520406466152,0.0,
148,2023,0.0,0.0,
148,2024,0.0,0.04750137040634072,
149,1999,,0.1395776537729733,
149,2002,0.20559727850311607,0.21324272930145796,
149,2004,,0.18153018937410545,
149,2005,,0.18109992914194553,
149,2008,0.10738349825561784,,0.20117069929666753
149,2015,0.010006104099593814,0.0,
149,2017,0.0,0.0,
149,2019,0.03513556040833445,,
149,2020,,0.0,
149,2021,0.0,,
149,2022,0.0,0.0,
149,2023,0.0,0.004825817974422859,
149,2024,0.0,0.0,
150,2001,0.023554641469239832,,
150,2002,0.13779696716187556,,
150,2005,0.14811366390554953,,0.6574702014670492
150,2006,0.14540430650641914,,
150,2009,0.24136295494042914,,
150,2012,0.19203379344664215,,
150,2015,0.010006104099593814,,
150,2016,,,0.1463400309700713
150,2017,0.0472586223610162,,
150,2018,0.3679938708826906,0.0,
150,2019,0.6073022055266698,0.17947874241250036,
150,2020,0.10169794364136489,0.059484936593418816,0.16330817165972195
150,2021,0.31422968809846125,0.2346576944376525,0.16732585800759675
150,2022,0.15143183891761586,0.0,
150,2023,0.24272983680505975,0.45957557589996806,0.16382514350197036
150,2024,0.012818224471617607,0.3327426984344342,
151,1999,0.1727889322122948,,
151,2000,0.0,,
151,2001,0.023554641469239832,,
151,2003,0.09576104413928568,,
151,2008,0.10738349825561784,,
151,2010,0.05785004632619019,,
151,2011,0.07517349047174823,0.07425095620550394,
151,2012,0.25983410478788266,0.0896639770702217,
151,2013,0.08413671930162277,,
151,2015,,0.0,
151,2016,0.0,0.0,
151,2019,,0.018792618513413722,
151,2020,0.033897632300124395,0.0049273609181916984,0.16330817165972195
151,2021,,0.08513039946874688,
151,2022,0.0,0.009228756227965073,
151,2023,0.011570042383258516,0.10170153702059107,
151,2024,,0.0,
152,2000,0.29524856581043735,,
152,2001,0.023554641469239832,0.12112875941583287,
152,2002,0.3689567615836768,,
152,2003,0.09576104413928568,,
152,2004,,,0.372655969166167
152,2007,0.13398628838065355,,
152,2010,0.22120952940675093,,
152,2011,0.07517349047174823,,
152,2015,0.010006104099593814,,
152,2016,0.19182415417774315,,
152,2017,0.16764894087216592,,
152,2018,0.25357040059806807,0.0,
152,2019,0.10293587174957496,,
152,2020,0.0,,
152,2021,0.2301692805778678,0.0,
152,2022,0.09884183174770665,,
152,2023,0.011570042383258516,,
152,2024,0.21250761854273473,0.12439595452396285,
153,1999,0.22537893938220402,0.1395776537729733,
153,2000,0.32671896616112145,,
153,2001,0.3188032072796772,0.12112875941583287,
153,2002,0.5728175551018304,,
153,2003,0.7091575255183679,,
153,2004,0.3955656480202212,0.18153018937410545,
153,2005,0.3640631541560195,,
153,2007,0.2295454601199738,,
153,2008,0.32333298850608777,,
153,2009,0.4573124451908992,,
153,2010,0.5884298060054654,0.15936154038838526,
153,2011,0.17073266221106848,,
153,2012,0.31242411195779185,0.16655856118784385,
153,2013,0.08413671930162277,,
153,2014,0.45183975059499604,0.0779297043732948,
153,2015,0.3893150774306246,0.2629043195856985,
153,2016,0.23479331874715414,0.03746812830037104,
153,2017,0.1150589337022567,0.0,
153,2018,0.43121776821404145,0.10051266572828028,
153,2019,0.36185452656945594,0.17947874241250036,
153,2020,0.3606165984612459,0.23325523975720924,
153,2021,0.31422968809846125,0.17426441589065506,
153,2022,0.26220131482826736,0.31445121918460467,
153,2023,0.24272983680505975,0.2331536968134404,
153,2024,0.33953719063273907,0.29816625768775323,0.14377947745675101
154,1999,0.46803749802273215,0.21647223789059544,
154,2000,0.6045019195263047,,
154,2001,0.11911381320856008,,
154,2002,0.4215467687535861,0.21324272930145796,
154,2003,0.42248001030040716,,
154,2004,0.4547949087689851,,
154,2005,0.4433622297159869,,
154,2006,0.14540430650641914,,
154,2007,0.6881535090109718,,
154,2008,0.4866924715866486,,
154,2009,0.708241252958536,,
154,2010,0.7968167891505541,,
154,2011,0.769112733231584,0.2825977001159753,
154,2012,0.709871103086404,0.22111613686307097,
154,2013,0.7375746516238658,0.15322021902594116,
154,2014,0.8492867417236082,0.2862764482837662,
154,2015,0.807632148710237,0.0,
154,2016,0.7963260737040478,0.03746812830037104,
154,2017,0.8689155484036923,0.0,
154,2018,0.8691390440458986,0.20664121395213983,
154,2019,0.7372024332796575,0.11566833755958192,
154,2020,0.7278368750599603,0.13637952071104095,
154,2021,0.8683969087287795,0.14894080432166534,
154,2022,0.8644261353251327,0.2375566350669826,0.18197833249917014
154,2023,0.7364622804207129,0.39918229735297067,
154,2024,0.7413086685253147,0.22127167357013114,
155,2000,0.37930897333103075,0.13539547370182758,
155,2001,,0.12112875941583287,
155,2002,0.13779696716187556,0.1363481451838358,
155,2004,0.26367656529034456,,
155,2008,0.5296616361560597,0.10492869783959502,
155,2009,0.4797749497524441,0.5862015149288512,
155,2010,0.5756873559659521,0.46458400334502487,
155,2011,0.3340921452916292,0.2057031159983532,
155,2012,0.09647462170732189,0.16655856118784385,
155,2013,,0.20777779470116828,
155,2014,0.235890260344526,0.3155104123900036,
155,2015,0.10556527583891406,0.20834674391047137,
155,2016,0.13923414700783393,0.13434384734653923,
155,2017,0.1150589337022567,0.4240363859345242,
155,2018,0.22210000024738397,0.3511775530096928,
155,2019,0.4439427224461091,0.35859152221673435,
155,2020,0.3401099384533799,0.3549798632933473,
155,2021,0.0982801978479912,0.25115900000827723,
155,2022,0.15143183891761586,0.16991488012705172,
155,2023,0.2704886972031395,0.19083555344249922,
155,2024,0.13320854298276733,0.27102784395353113,
156,2010,,0.0824669562707631,
156,2014,,0.0779297043732948,
156,2017,0.0,0.0,
156,2020,0.0,,
156,2022,,0.0,
156,2023,0.0,0.0,
156,2024,0.0,0.0,
166,1999,,0.21647223789059544,
166,2002,,0.1363481451838358,
166,2003,,0.15991654516879,
166,2005,,0.18109992914194553,
166,2006,,0.20799363477464688,
166,2007,,0.5873022297357288,
166,2008,,0.7076319211286143,
166,2009,,0.3555177625759847,
166,2010,,0.5191415790202519,
166,2011,,0.6846958821187832,
166,2012,0.09647462170732189,0.4294628807735424,
166,2013,,0.47068211428686674,
166,2014,,0.41772860807661544,
166,2015,,0.6104449259132793,
166,2016,0.07143383566659343,0.7338596783117558,
166,2017,,0.6688655703441664,
166,2018,,0.7977061001438945,
166,2019,0.10293587174957496,0.7364466960246574,
166,2020,0.0,0.7896476379077266,
166,2021,0.0,0.7237224935108814,
166,2022,0.0,0.8464782967341614,
166,2023,0.0,0.8269593430655804,
166,2024,,0.8463119053015453,
167,1999,0.10498862087105432,,
167,2001,0.023554641469239832,0.12112875941583287,
167,2002,0.13779696716187556,,
167,2003,0.2591205272198464,0.15991654516879,
167,2005,0.14811366390554953,,
167,2007,0.13398628838065355,0.170608741914786,
167,2008,0.10738349825561784,0.3425094058563038,
167,2009,0.17356264359918866,0.09261344299028619,
167,2010,0.05785004632619019,0.21391911606361239,
167,2011,0.23853297355230899,0.35949228423359747,
167,2012,0.3553932765272029,0.3525682966559202,
167,2013,0.2474962023821835,0.31390634292502784,
167,2014,0.07253077726396527,0.5048767908660725,
167,2015,0.36448393065879503,0.5533417364592038,
167,2016,0.45074280899762414,0.5710184700960281,
167,2017,0.410307499512694,0.5639186170894392,
167,2018,0.40171957950729753,0.5756740817616979,
167,2019,0.4144445337393652,0.5738352217910483,
167,2020,0.5990285932732609,0.6391088985197333,
167,2021,0.6738874575917944,0.7470740383073622,
167,2022,0.48964956929746434,0.6742312578164715,
167,2023,0.47017809127425664,0.6251246682724149,
167,2024,0.5028966737132998,0.6987411754444606,
168,1999,,0.1395776537729733,
168,2007,,0.170608741914786,
168,2008,0.2707429813361786,0.10492869783959502,
168,2009,0.0780034718598684,0.16950802710790835,
168,2010,0.15340921806551044,,
168,2011,0.23853297355230899,0.3118316642222127,
168,2012,,0.22111613686307097,
168,2013,0.30008620955209275,0.31390634292502784,
168,2014,0.235890260344526,0.3408340239589933,
168,2015,0.36448393065879503,0.3943564793785478,
168,2016,0.2711232297377105,0.3426905912570107,
168,2017,0.3310084239527267,0.30908553171229963,
168,2018,0.22210000024738397,0.4149879578626112,
168,2019,0.23482495447945156,0.26519563252848755,
168,2020,0.4132066056311551,0.36470739955005843,
168,2021,0.3571988526678722,0.3903528624253865,
168,2022,0.3766247851128899,0.4394741063596282,
168,2023,0.43384818028370015,0.38268099178234594,
168,2024,0.4478388124115725,0.5106811996939518,
169,2000,0.0,,
169,2001,0.023554641469239832,,
169,2003,0.19132021587860593,,
169,2004,0.10031708220978383,,
169,2007,0.13398628838065355,0.170608741914786,
169,2008,0.10738349825561784,,
169,2009,0.0780034718598684,0.09261344299028619,
169,2010,0.2737995365766602,0.0824669562707631,
169,2011,0.2911229807222182,0.24802125936929428,
169,2012,0.31242411195779185,0.16655856118784385,
169,2013,0.2474962023821835,0.25009593807210934,
169,2014,0.28848026751443523,0.2862764482837662,
169,2015,0.3367250702607153,0.28524132802809354,
169,2016,0.355183637258304,0.24581487221084244,
169,2017,0.3534709285142717,0.3514036750832407,
169,2018,0.40171957950729753,0.39600759242820877,
169,2019,0.36185452656945594,0.3878254863229718,
169,2020,0.3401099384533799,0.3992838402967395,
169,2021,0.46550047444670556,0.37453992559256755,
169,2022,0.4533196583069078,0.3266906514888907,
169,2023,0.4465906303232134,0.33378489261932476,
169,2024,0.5217609722586021,0.35272383336298035,
170,2002,,0.21324272930145796,
170,2003,,0.15991654516879,
170,2007,0.13398628838065355,0.24750332603240816,
170,2009,0.0780034718598684,,
170,2011,0.23853297355230899,0.15114554032312608,
170,2012,0.09647462170732189,0.16655856118784385,
170,2013,0.08413671930162277,0.15322021902594116,
170,2014,0.28848026751443523,0.15482428849091692,
170,2015,0.36448393065879503,0.3052224629566397,
170,2016,0.23479331874715414,0.1689202880932203,
170,2017,0.0472586223610162,0.17763337191945036,
170,2018,0.22210000024738397,0.17740724984590242,
170,2019,0.10293587174957496,0.26519563252848755,
170,2020,0.1542879508112741,0.1018030799643599,
170,2021,0.37606315121317446,0.35728754823213676,
170,2022,0.4533196583069078,0.3490276599312857,
170,2023,0.2953198439749691,0.31004828093106246,
170,2024,0.24397801889341883,0.22127167357013114,
171,2003,,0.15991654516879,
171,2004,,0.18153018937410545,
171,2008,,0.18182328195721717,
171,2009,0.24136295494042914,,
171,2010,0.2737995365766602,0.0824669562707631,
171,2011,0.47694496836432404,0.4563680032797657,
171,2012,0.5865530709490042,0.4955176358327458,
171,2013,0.2474962023821835,0.25009593807210934,
171,2014,0.07253077726396527,0.25170000753708516,
171,2015,0.500084553341276,0.3052224629566397,
171,2016,0.5892711453063553,0.3664272029452729,
171,2017,0.5736669825932549,0.375140286771503,
171,2018,0.5124890554179491,0.39600759242820877,
171,2019,0.6073022055266698,0.33625451377433935,
171,2020,0.5428403800871089,0.4070255429209995,
171,2021,0.6161175074877531,0.4746854735554676,
171,2022,0.511089608410949,0.495659549360854,
171,2023,0.5379784026154971,0.39918229735297067,
171,2024,0.4714262733626157,0.37922903990110246,0.3131174764326586
172,1999,0.22537893938220402,0.1395776537729733,
172,2000,,0.26684763349467683,
172,2003,0.2591205272198464,,
172,2004,0.10031708220978383,0.18153018937410545,
172,2005,0.14811366390554953,0.18109992914194553,
172,2006,0.14540430650641914,,
172,2007,0.3499357786311235,,
172,2008,0.10738349825561784,,
172,2009,0.3732520376703058,0.16950802710790835,
172,2010,0.4123278728853914,0.0824669562707631,
172,2011,0.454482463802779,0.3118316642222127,
172,2012,0.3553932765272029,0.22111613686307097,
172,2013,0.08413671930162277,0.31390634292502784,
172,2014,0.235890260344526,0.25170000753708516,
172,2015,0.26892475891947476,0.41669348782094273,
172,2016,0.480240997704368,0.3426905912570107,
172,2017,0.410307499512694,0.44053769150514893,
172,2018,0.4169298836786288,0.46264857787399594,
172,2019,0.3981844375600123,0.3878254863229718,
172,2020,0.42841690980248637,0.37396022872774975,
172,2021,0.520558335748433,0.4249293031720676,
172,2022,0.5737099768180577,0.480479819724135,
172,2023,0.5905684097854064,0.5007408562735077,
172,2024,0.4478388124115725,0.47937458786400255,0.21871273572637256
173,2007,,0.24750332603240816,
173,2009,0.0780034718598684,,
173,2010,0.05785004632619019,,
173,2011,0.07517349047174823,0.3371552757912024,
173,2012,0.31242411195779185,0.45869684487977974,
173,2013,0.08413671930162277,0.31390634292502784,
173,2014,0.07253077726396527,0.15482428849091692,
173,2015,0.5278434137393557,0.6027032232890193,
173,2016,0.2711232297377105,0.533383166599456,
173,2017,0.527306710365499,0.5511286898295359,
173,2018,0.09021091751750734,0.3511775530096928,
173,2019,0.15552587891948416,0.33625451377433935,
173,2020,0.4132066056311551,0.32238925617911735,
173,2021,0.520558335748433,0.4841697187216636,
173,2022,0.28996017522634715,0.37826162403752317,
173,2023,0.33828900854438,0.3911110631444117,
173,2024,0.5392265847038562,0.3707989685390367,
174,2006,,0.20799363477464688,
174,2007,0.29734577146121427,0.24750332603240816,
174,2009,,0.09261344299028619,
174,2010,0.05785004632619019,,
174,2011,0.07517349047174823,0.15114554032312608,
174,2012,0.09647462170732189,0.0896639770702217,
174,2014,,0.15482428849091692,
174,2015,0.3052546699100312,0.28524132802809354,
174,2016,0.3025936300883946,0.1981542521994577,
174,2017,0.3061772771808972,0.30908553171229963,
174,2018,0.22210000024738397,0.440311569431601,
174,2019,0.03513556040833445,0.4354861063343565,
174,2020,0.2335870263712415,0.32238925617911735,
174,2021,0.19383936958731143,0.2934771433792183,
174,2022,0.33725382655972164,0.2175755001384365,
174,2023,0.24272983680505975,0.3911110631444117,
174,2024,0.3190305306248731,0.22127167357013114,
175,2001,0.11911381320856008,,
175,2007,,0.170608741914786,
175,2008,,0.2363808576324443,
175,2009,,0.16950802710790835,
175,2010,,0.0824669562707631,
175,2011,0.454482463802779,0.2057031159983532,
175,2012,0.09647462170732189,0.16655856118784385,
175,2013,0.17969589104094302,0.20777779470116828,
175,2014,0.39924974342508673,0.0779297043732948,
175,2015,0.10556527583891406,0.4459274519271802,
175,2016,0.45074280899762414,0.32960641199230695,
175,2017,0.4417778998633782,0.44053769150514893,
175,2018,0.43121776821404145,0.42381026386097626,
175,2019,0.4574136983087761,0.5002972806814187,
175,2020,0.3969465094518022,0.3827825347261148,
175,2021,0.2893985413266317,0.3280535841258993,
175,2022,0.394090397558144,0.3266906514888907,
175,2023,0.5016484916249407,0.31004828093106246,0.5097494490626601
175,2024,0.3584014891780414,0.35272383336298035,0.3468119868360453
176,2002,0.042237795422555326,,
176,2003,0.09576104413928568,,
176,2006,0.14540430650641914,,
176,2011,0.17073266221106848,,
176,2012,0.09647462170732189,,
176,2013,0.5427447681926209,0.15322021902594116,
176,2014,0.494808915164407,,
176,2015,0.10556527583891406,0.0,
176,2016,0.13923414700783393,0.09202570397559816,
176,2017,0.46953676026145785,0.38598011582992175,
176,2018,0.34912957233738834,0.3088594096387517,
176,2019,0.36185452656945594,0.20480235398149008,
176,2020,0.2650574267219256,0.2513303749332655,
176,2021,0.37606315121317446,0.11970684021542793,
176,2022,0.48964956929746434,0.2175755001384365,
176,2023,0.2953198439749691,0.1362779777672721,0.16382514350197036
176,2024,0.24397801889341883,0.15362991863020026,
177,2003,0.09576104413928568,,
177,2008,,0.10492869783959502,
177,2012,0.19203379344664215,0.0896639770702217,
177,2013,0.5252791557473667,0.399623233041015,
177,2014,0.5136732137097093,0.36317103240138837,
177,2015,0.4511485405453378,0.0,
177,2016,0.2711232297377105,0.03746812830037104,
177,2017,0.24694801643213332,0.04618121212660111,
177,2018,0.14280092468741656,0.10051266572828028,
177,2019,0.29405421522821545,0.0,
177,2020,0.0,0.0,
177,2021,0.1508702050179004,0.08513039946874688,
177,2022,0.33725382655972164,0.19523849169604143,
177,2023,0.2704886972031395,0.2969641016663588,
177,2024,0.24397801889341883,0.27102784395353113,
178,2010,0.05785004632619019,0.15936154038838526,
178,2011,0.07517349047174823,0.15114554032312608,
178,2013,0.17969589104094302,0.20777779470116828,
178,2016,0.19182415417774315,0.03746812830037104,
178,2017,0.16764894087216592,0.0,
178,2018,0.14280092468741656,0.04595509005305316,
178,2019,0.03513556040833445,0.15024477830626295,
178,2020,0.2335870263712415,0.13637952071104095,
178,2021,0.030479886506750712,0.14894080432166534,
178,2022,,0.0,
178,2023,0.17492952546381924,0.05938339364964997,
178,2024,0.0806185358128581,0.0,
179,2000,,0.13539547370182758,
179,2002,0.042237795422555326,,
179,2003,0.09576104413928568,,
179,2008,0.10738349825561784,,
179,2009,0.0780034718598684,,
179,2011,,0.07425095620550394,
179,2013,0.08413671930162277,,
179,2014,,0.0779297043732948,0.28559241296300947
179,2015,0.26892475891947476,,
179,2017,0.16764894087216592,0.0,
179,2018,0.0,,
179,2019,0.0,0.0,
179,2020,0.0,0.0,
179,2021,0.030479886506750712,,
179,2023,0.0,,
180,2008,0.10738349825561784,,
180,2009,0.0780034718598684,,
180,2010,0.15340921806551044,,
180,2011,0.17073266221106848,,
180,2014,0.07253077726396527,,
180,2016,,0.03746812830037104,
180,2018,,0.04595509005305316,
180,2019,0.0,,
180,2020,0.1972571153806851,0.0,
180,2021,,,0.16732585800759675
180,2022,0.0,0.06378633190319219,
180,2023,0.17492952546381924,0.0,
181,2009,0.0780034718598684,,
181,2012,0.09647462170732189,0.0896639770702217,
181,2015,0.10556527583891406,,0.07048016856970821
181,2016,0.07143383566659343,0.0,
181,2017,,0.0,0.08298033265844643
181,2018,0.0,0.0,
181,2019,0.03513556040833445,0.018792618513413722,0.2449101702225138
181,2020,0.0,0.0049273609181916984,0.4607454217453023
181,2021,0.0982801978479912,0.0,
181,2022,0.19440100348702688,0.2175755001384365,0.25691159076879166
181,2023,0.17492952546381924,,
181,2024,0.0806185358128581,0.0,0.14377947745675101
182,2009,,0.09261344299028619,
182,2012,,0.16655856118784385,
182,2014,0.07253077726396527,0.0779297043732948,0.4886249223423038
182,2015,0.010006104099593814,,0.07048016856970821
182,2016,,,0.3778608429750314
182,2017,,0.0,0.08298033265844643
182,2018,0.0,,
182,2019,0.03513556040833445,0.018792618513413722,0.2449101702225138
182,2020,,0.0,0.3326461706356295
182,2021,0.1508702050179004,0.0,0.42352436022694223
182,2022,,0.009228756227965073,0.25691159076879166
182,2023,0.0,0.0,0.2387584017715919
182,2024,0.0,,0.48970378301744066
183,2006,0.14540430650641914,,
183,2007,,0.170608741914786,
183,2008,,0.10492869783959502,
183,2009,0.17356264359918866,0.09261344299028619,
183,2010,,0.0824669562707631,
183,2011,0.17073266221106848,0.15114554032312608,
183,2012,0.09647462170732189,0.0896639770702217,
183,2013,0.08413671930162277,,
183,2014,0.36777934307440263,0.15482428849091692,
183,2015,0.26892475891947476,0.35497863334003965,
183,2016,0.3025936300883946,0.46105857178515625,0.1463400309700713
183,2017,0.39284188706743994,0.4557174211418679,0.08298033265844643
183,2018,0.40171957950729753,0.32403913927547073,
183,2019,0.36185452656945594,0.31093090220534964,0.2449101702225138
183,2020,0.3401099384533799,0.4144635699334585,
183,2021,0.500051675740567,0.5100706378264152,
183,2022,0.26220131482826736,0.4394741063596282,0.3513163314750777
183,2023,0.317782348536514,0.435071168106086,0.16382514350197036
183,2024,0.4073375019739796,0.4096372825520564,0.3131174764326586
184,2012,0.19203379344664215,,
184,2014,0.235890260344526,0.15482428849091692,
184,2015,0.3893150774306246,0.38211704707426175,
184,2016,0.19182415417774315,,
184,2017,0.0472586223610162,0.0,
184,2018,0.0,0.0,
184,2019,0.03513556040833445,,
184,2020,0.1972571153806851,0.13637952071104095,
184,2021,0.030479886506750712,0.0,0.16732585800759675
184,2022,0.15143183891761586,0.10610447527413328,
184,2023,0.35715330708968224,,
184,2024,0.13320854298276733,,
185,1999,,0.27102981356582256,
185,2008,0.10738349825561784,,
185,2009,0.24136295494042914,,
185,2011,0.07517349047174823,,
185,2012,0.19203379344664215,,
185,2015,0.22595559435006377,0.0,
185,2017,,0.0,
185,2018,0.09021091751750734,,
185,2019,0.03513556040833445,,
185,2020,0.0,0.1018030799643599,0.2382414299293435
185,2021,0.030479886506750712,,
185,2022,0.09884183174770665,0.06378633190319219,
185,2023,0.07937035372449902,,
185,2024,0.012818224471617607,0.0,
186,2001,0.023554641469239832,,
186,2005,0.14811366390554953,,
186,2008,0.10738349825561784,0.18182328195721717,
186,2009,,0.09261344299028619,
186,2011,0.07517349047174823,,
186,2014,,,0.11625441398710193
186,2015,0.10556527583891406,0.0,
186,2016,0.0,,
186,2017,0.24694801643213332,0.10073878780182823,
186,2019,0.10293587174957496,0.0,
186,2020,0.033897632300124395,0.059484936593418816,
186,2021,0.0982801978479912,,
186,2022,0.0,,
186,2023,0.011570042383258516,,
186,2024,0.0806185358128581,,
187,2011,0.07517349047174823,,
187,2014,0.07253077726396527,,
187,2016,0.13923414700783393,,
187,2018,0.0,,
187,2021,0.0,,
187,2022,0.0,,
187,2023,,0.0,
188,2000,0.0,,
188,2001,0.2824732962891208,,
188,2002,0.3374863612329927,,
188,2004,,,0.05760462066327891
188,2010,0.05785004632619019,,
188,2011,0.07517349047174823,,
188,2013,0.08413671930162277,,
188,2015,0.17336558718015455,,
188,2016,,0.03746812830037104,
188,2017,0.39284188706743994,0.14305693117276932,
188,2018,0.5875415671494033,0.04595509005305316,
188,2019,0.6073022055266698,0.0,
188,2020,0.10169794364136489,,
188,2021,0.5883586470896736,0.08513039946874688,
188,2022,0.5814378139310064,0.009228756227965073,
188,2023,0.17492952546381924,0.0,
188,2024,0.17617770755217832,,
189,2002,0.042237795422555326,,
189,2004,,,0.13253787893290042
189,2015,,0.0,
189,2017,0.0,,
189,2018,0.0,,
189,2019,0.0,,
189,2020,0.0,,
189,2021,0.0982801978479912,,
189,2022,0.0,0.0,
189,2023,0.011570042383258516,0.0,
190,2000,0.6133964813790822,0.21229005781944973,
190,2001,0.2824732962891208,,
190,2002,0.3689567615836768,,
190,2003,0.3546796989591666,,
190,2004,0.4270360483709053,,
190,2007,0.13398628838065355,,
190,2009,0.5366115207508665,,
190,2010,0.2737995365766602,0.0824669562707631,
190,2011,0.47694496836432404,0.07425095620550394,
190,2012,0.25983410478788266,0.22111613686307097,
190,2013,0.41085568546274426,,
190,2014,0.16808994900328553,0.25170000753708516,
190,2015,0.4686141529905919,0.07689458411762214,
190,2016,0.3981528018277149,0.09202570397559816,
190,2017,0.410307499512694,0.04618121212660111,
190,2018,0.40171957950729753,0.14283080909922138,
190,2019,0.4144445337393652,0.0,
190,2020,0.3606165984612459,0.059484936593418816,
190,2021,0.520558335748433,0.1966014243330501,
190,2022,0.5399842681934507,0.19523849169604143,
190,2023,0.4465906303232134,0.1655119418735095,
190,2024,0.5217609722586021,0.2393468087461874,
191,2000,0.09555917173932021,,
191,2001,0.2824732962891208,,
191,2002,0.20559727850311607,,
191,2005,0.24367283564486977,,
191,2010,0.05785004632619019,,
191,2011,0.07517349047174823,,
191,2012,0.09647462170732189,,
191,2014,0.07253077726396527,,
191,2015,0.010006104099593814,,
191,2017,0.0,0.04618121212660111,
191,2018,0.02241060617626685,,
191,2019,0.0,,
191,2020,0.10169794364136489,0.0,
191,2021,0.0,0.0,
191,2022,0.0,0.06378633190319219,
191,2023,0.07937035372449902,0.05938339364964997,
191,2024,0.012818224471617607,0.0,
192,1999,0.268348103951615,,
192,2000,0.29524856581043735,,
192,2001,0.023554641469239832,0.12112875941583287,
192,2002,0.042237795422555326,,
192,2004,0.19587625394910407,,
192,2006,0.9132657091132846,,
192,2007,0.13398628838065355,0.170608741914786,
192,2008,0.20294266999493807,0.27869900100338535,
192,2009,0.6431344328330049,0.3009601869007576,
192,2010,0.751789289086026,0.43744558961080277,
192,2011,0.5652519397134305,0.44328382401506194,
192,2012,0.45095244826652314,,
192,2013,0.2474962023821835,0.07632563490831899,
192,2014,0.16808994900328553,0.20938186416614404,
192,2015,0.5751370650727303,0.17377030316379033,
192,2016,0.614102292078185,0.1981542521994577,
192,2017,0.4265675956920469,0.3514036750832407,
192,2018,0.8898258171050396,0.32403913927547073,
192,2019,0.6934330033704497,0.3477516931583156,
192,2020,0.6558651642716833,0.19093709638626805,
192,2021,0.5301791783489311,0.2934771433792183,
192,2022,0.588920280989389,0.2873128054503826,
192,2023,0.6746288173059997,0.2969641016663588,
192,2024,0.4599275091438888,0.2850820784230495,
193,2000,0.09555917173932021,,
193,2001,0.023554641469239832,0.12112875941583287,
193,2006,0.47212327266754067,,
193,2009,0.0780034718598684,,
193,2012,0.09647462170732189,,
193,2015,0.010006104099593814,,
193,2016,0.19182415417774315,0.09202570397559816,
193,2017,0.0,0.14305693117276932,
193,2018,0.14280092468741656,0.0,
193,2019,0.15552587891948416,0.018792618513413722,
193,2020,0.2335870263712415,0.059484936593418816,
193,2021,0.0,,
193,2022,0.09884183174770665,,
193,2023,0.0,,
193,2024,0.0,0.0,
194,2002,0.042237795422555326,,
194,2005,0.24367283564486977,,
194,2010,0.22120952940675093,,
194,2011,0.07517349047174823,,
194,2013,0.08413671930162277,,
194,2015,0.4117775819921696,0.0,
194,2016,0.9737600615715181,0.3155521775227886,
194,2017,0.9973438065937449,0.30908553171229963,
194,2018,0.8105267415450722,0.04595509005305316,
194,2019,0.8638988916518406,0.22713936242388513,
194,2020,0.8274948964793527,0.23325523975720924,
194,2021,0.7859343237088633,0.2803929641145146,
194,2022,0.89646787635835,0.3490276599312857,
194,2023,0.8078607977781963,0.3738586857839809,
194,2024,0.7650661099497361,0.31040568999203927,
204,2001,0.023554641469239832,,
204,2002,0.20559727850311607,0.1363481451838358,
204,2006,0.14540430650641914,,
204,2007,,0.24750332603240816,
204,2008,,0.27869900100338535,
204,2010,0.05785004632619019,,
204,2011,,0.15114554032312608,
204,2012,0.31242411195779185,0.26343428023401205,
204,2013,,0.28467237881879043,
204,2014,0.16808994900328553,0.25170000753708516,
204,2015,0.10556527583891406,0.369032867809558,
204,2016,0.0,0.3664272029452729,0.1463400309700713
204,2017,0.24694801643213332,0.4482793941294089,
204,2018,0.09021091751750734,0.448053272055861,
204,2019,0.23482495447945156,0.5147076568124986,
204,2020,0.1542879508112741,0.5226647658810298,
204,2021,0.030479886506750712,0.3977908894378455,
204,2022,0.15143183891761586,0.495659549360854,
204,2023,0.13196036089440824,0.549426588937923,
204,2024,0.2717368792914986,0.5147597521349501,
205,1999,0.009429449131734064,,
205,2000,,0.13539547370182758,
205,2009,0.0780034718598684,0.26638374615407656,
205,2011,0.07517349047174823,0.15114554032312608,
205,2012,,0.26343428023401205,
205,2013,,0.31390634292502784,
205,2014,0.07253077726396527,0.20938186416614404,
205,2015,0.010006104099593814,0.3052224629566397,
205,2016,0.07143383566659343,0.4065009961099291,
205,2017,,0.36364310738752675,
205,2018,0.09021091751750734,0.46954553353783834,
205,2019,0.4574136983087761,0.3878254863229718,
205,2020,0.3176474338918349,0.4070255429209995,
205,2021,0.19383936958731143,0.37453992559256755,
205,2022,0.4398486824442408,0.45814281128174,
205,2023,0.317782348536514,0.44771887910207125,
205,2024,0.4073375019739796,0.4588523815868399,
206,2002,,0.1363481451838358,
206,2004,0.10031708220978383,,
206,2009,,0.09261344299028619,
206,2010,0.15340921806551044,0.0824669562707631,
206,2011,,0.24802125936929428,
206,2012,0.09647462170732189,0.26343428023401205,
206,2013,0.3430553741215037,0.36156696293641255,
206,2014,0.33144943208384625,0.3408340239589933,
206,2015,0.17336558718015455,0.4459274519271802,
206,2016,0.23479331874715414,0.26579600713938856,
206,2017,0.24694801643213332,0.3962337145017567,
206,2018,0.22210000024738397,0.32403913927547073,
206,2019,0.23482495447945156,0.44903796864507683,
206,2020,0.442704794337899,0.47083594777391796,
206,2021,0.2893985413266317,0.3903528624253865,
206,2022,0.35776048656758763,0.45212181735561346,
206,2023,0.39087901571428924,0.3646058566062896,
206,2024,0.29656802606332816,0.38730027410966145,
207,2002,,0.1363481451838358,
207,2007,,0.170608741914786,
207,2008,0.10738349825561784,,
207,2010,0.15340921806551044,,
207,2011,0.17073266221106848,0.3371552757912024,
207,2012,,0.0896639770702217,
207,2013,0.3430553741215037,0.41612453861163967,
207,2014,0.4270086038231665,0.4600467514475565,
207,2015,0.3367250702607153,0.5197876452452705,
207,2016,0.480240997704368,0.528700326725087,
207,2017,0.5058666712520143,0.5639186170894392,
207,2018,0.4169298836786288,0.5224022423946348,
207,2019,0.5855318539328747,0.6292375444266929,
207,2020,0.6668289046145013,0.6391088985197333,
207,2021,0.7442356631118517,0.6156218785145129,
207,2022,0.7165627998907524,0.5866083679479945,
207,2023,0.7763903974275121,0.6412254554702068,
207,2024,0.8009343598404229,0.6909357371855737,
208,2002,,0.1363481451838358,
208,2003,,0.15991654516879,
208,2004,,0.18153018937410545,
208,2007,,0.170608741914786,
208,2008,0.20294266999493807,0.18182328195721717,
208,2009,0.17356264359918866,0.3009601869007576,
208,2010,0.15340921806551044,0.15936154038838526,
208,2011,0.23853297355230899,0.24802125936929428,
208,2012,0.31242411195779185,0.16655856118784385,
208,2013,0.08413671930162277,0.20777779470116828,
208,2014,0.16808994900328553,0.15482428849091692,
208,2015,0.4848742491699447,0.4935880719385649,
208,2016,0.6819026034194254,0.5890936052720845,
208,2017,0.7006965546832593,0.6912025787865614,
208,2018,0.6708867148914902,0.5464401176554605,
208,2019,0.6514238316400857,0.5052234116463027,
208,2020,0.63227770332064,0.5346463526268365,
208,2021,0.5883586470896736,0.4697593425905836,
208,2022,0.7733993708891749,0.5741681464465006,
208,2023,0.6600461510984819,0.5791710388949205,
208,2024,0.59845584545262,0.44185784978488857,
209,2006,0.24096347824573938,,
209,2007,0.13398628838065355,0.24750332603240816,
209,2008,0.10738349825561784,0.10492869783959502,
209,2010,0.22120952940675093,0.2562372594345535,
209,2011,,0.3118316642222127,
209,2012,0.6008409554844167,0.4294628807735424,
209,2013,0.5064148572020645,0.5310753928338643,
209,2014,0.33144943208384625,0.36317103240138837,
209,2015,0.3367250702607153,0.463179829287611,
209,2016,0.2711232297377105,0.4395663103031789,
209,2017,0.39284188706743994,0.44053769150514893,
209,2018,0.43121776821404145,0.38575399375637376,
209,2019,0.4296548379106964,0.3966477923213368,
209,2020,0.5428403800871089,0.4653385953559429,
209,2021,0.5651584958660981,0.5100706378264152,
209,2022,0.5488788300462281,0.5097137838303725,
209,2023,0.5016484916249407,0.33378489261932476,
209,2024,0.59845584545262,0.5445692717028271,
210,2007,,0.170608741914786,
210,2008,,0.3678330174252935,
210,2009,0.0780034718598684,0.09261344299028619,
210,2010,0.15340921806551044,0.0824669562707631,
210,2011,0.07517349047174823,0.2825977001159753,
210,2012,0.09647462170732189,0.22111613686307097,
210,2013,,0.28467237881879043,
210,2014,,0.0779297043732948,
210,2015,0.010006104099593814,0.33979890370332066,
210,2016,0.07143383566659343,0.3972481669322378,
210,2017,0.0,0.2545279560370725,
210,2018,,0.3511775530096928,
210,2019,0.19849504348889518,0.3878254863229718,
210,2020,0.46891822024007923,0.3338864355630936,
210,2021,0.2301692805778678,0.30571657568350435,
210,2022,0.31479132199817667,0.2721330758136636,
210,2023,0.21125943645437564,0.33378489261932476,
210,2024,0.24397801889341883,0.42318914486277676,
211,2002,0.042237795422555326,,
211,2003,0.19132021587860593,,
211,2008,0.32333298850608777,0.27869900100338535,
211,2009,,0.09261344299028619,
211,2011,0.07517349047174823,0.15114554032312608,
211,2013,0.08413671930162277,0.15322021902594116,
211,2014,0.16808994900328553,0.15482428849091692,
211,2015,0.22595559435006377,0.13145215979284924,
211,2016,0.07143383566659343,0.1689202880932203,
211,2017,0.1150589337022567,0.14305693117276932,
211,2018,0.02241060617626685,0.10051266572828028,
211,2019,0.29405421522821545,0.26519563252848755,
211,2020,0.2650574267219256,0.2513303749332655,
211,2021,0.19383936958731143,0.30571657568350435,
211,2022,0.15143183891761586,0.2175755001384365,
211,2023,0.33828900854438,0.2969641016663588,
211,2024,0.3190305306248731,0.31040568999203927,
212,2000,0.0,,
212,2008,0.10738349825561784,,
212,2009,0.17356264359918866,0.22406560278313548,
212,2010,0.05785004632619019,0.15936154038838526,
212,2011,0.4018924566328697,0.2057031159983532,
212,2013,0.17969589104094302,0.15322021902594116,
212,2014,,0.3155104123900036,
212,2015,0.5143724378766887,0.42694708649277774,
212,2016,0.3303524904864744,0.3972481669322378,
212,2017,0.46953676026145785,0.40596125075846784,
212,2018,0.3679938708826906,0.39600759242820877,
212,2019,0.5047073496421507,0.3477516931583156,
212,2020,0.45617577020056604,0.49135815405108063,
212,2021,0.5105279745112336,0.44300443834812386,
212,2022,0.394090397558144,0.3690087948598318,
212,2023,0.5619663359077988,0.39918229735297067,0.44179091115088626
212,2024,0.3190305306248731,0.31040568999203927,0.37530028946171107
213,2001,0.023554641469239832,,
213,2009,0.24136295494042914,0.26638374615407656,
213,2011,0.07517349047174823,0.2057031159983532,
213,2012,0.19203379344664215,0.16655856118784385,
213,2014,0.36777934307440263,0.25170000753708516,
213,2015,0.3052546699100312,0.3052224629566397,
213,2016,0.23479331874715414,0.1689202880932203,
213,2017,0.3061772771808972,0.27450909096561865,
213,2018,0.40171957950729753,0.17740724984590242,
213,2019,0.4937436092993326,0.31093090220534964,
213,2020,0.3969465094518022,0.28301141014060927,
213,2021,0.37606315121317446,0.2346576944376525,
213,2022,0.46606210834642103,0.16991488012705172,
213,2023,0.4811418316170748,0.21317256188489428,0.3953459555069304
213,2024,0.5028966737132998,0.22127167357013114,0.3468119868360453
214,2007,0.2295454601199738,,
214,2012,0.09647462170732189,0.0896639770702217,
214,2014,0.07253077726396527,,
214,2015,0.3052546699100312,0.3052224629566397,
214,2016,0.19182415417774315,0.13434384734653923,
214,2017,0.2106181054415769,0.17763337191945036,
214,2018,0.0,0.10051266572828028,
214,2019,0.0,0.0,
214,2020,0.1542879508112741,0.0049273609181916984,
214,2021,0.030479886506750712,0.0428122560978058,
214,2022,0.031041520406466152,0.009228756227965073,
214,2023,0.24272983680505975,0.21317256188489428,
214,2024,0.0,0.15362991863020026,
215,1999,,,0.33702415437372696
215,2002,0.042237795422555326,,
215,2011,,0.15114554032312608,
215,2012,0.19203379344664215,0.0896639770702217,
215,2013,0.17969589104094302,,
215,2014,0.07253077726396527,0.0779297043732948,
215,2015,0.10556527583891406,0.17377030316379033,
215,2016,0.0,0.0,
215,2017,0.24694801643213332,0.23219094759467748,
215,2018,0.0,0.04595509005305316,
215,2019,0.03513556040833445,0.018792618513413722,
215,2020,0.1542879508112741,0.1018030799643599,
215,2021,0.0,0.0,
215,2022,0.031041520406466152,0.10610447527413328,
215,2023,0.011570042383258516,,
215,2024,0.13320854298276733,0.08981951377728181,
216,2007,0.2295454601199738,0.170608741914786,
216,2009,0.17356264359918866,,
216,2011,0.17073266221106848,0.15114554032312608,
216,2012,0.19203379344664215,0.26343428023401205,
216,2013,0.17969589104094302,0.20777779470116828,
216,2014,0.07253077726396527,0.25170000753708516,
216,2015,0.43228424200003557,0.3052224629566397,
216,2016,0.45074280899762414,0.43182460767891884,
216,2017,0.4265675956920469,0.38598011582992175,
216,2018,0.28132926099614786,0.29235810406812696,
216,2019,0.36185452656945594,0.31093090220534964,
216,2020,0.46891822024007923,0.28301141014060927,
216,2021,0.4097888598377814,0.2803929641145146,
216,2022,0.33725382655972164,0.38708393003588815,
216,2023,0.37461891953493637,0.2829098671968404,
216,2024,0.33953719063273907,0.22127167357013114,
217,2007,0.13398628838065355,,
217,2008,,0.10492869783959502,
217,2011,0.07517349047174823,0.07425095620550394,
217,2012,0.09647462170732189,0.0896639770702217,
217,2013,0.08413671930162277,0.07632563490831899,
217,2014,0.235890260344526,0.0779297043732948,
217,2015,0.010006104099593814,0.0,
217,2016,0.19182415417774315,0.03746812830037104,0.1463400309700713
217,2017,0.24694801643213332,0.0,
217,2018,0.22210000024738397,0.04595509005305316,
217,2019,0.15552587891948416,0.018792618513413722,
217,2020,0.033897632300124395,0.0049273609181916984,
217,2021,0.26163968092855194,0.0428122560978058,
217,2022,0.031041520406466152,0.009228756227965073,
217,2023,0.13196036089440824,0.05938339364964997,
217,2024,0.24397801889341883,0.08981951377728181,
218,2011,,0.07425095620550394,
218,2012,,,0.14507435921507697
218,2014,0.16808994900328553,,
218,2015,,0.0,
218,2016,0.0,0.03746812830037104,
218,2017,0.16764894087216592,0.17763337191945036,
218,2018,,0.10051266572828028,
218,2019,,0.15024477830626295,
218,2020,0.033897632300124395,0.2132741048286631,0.2382414299293435
218,2021,0.030479886506750712,0.0,0.2954251091172695
218,2022,0.09884183174770665,0.1406809160208143,
218,2023,0.011570042383258516,0.05938339364964997,
218,2024,0.0806185358128581,0.04750137040634072,
219,2014,0.07253077726396527,0.0779297043732948,
219,2016,,,0.3778608429750314
219,2017,0.0,0.04618121212660111,
219,2018,0.02241060617626685,,
219,2019,0.03513556040833445,,0.16997691195289227
219,2020,0.033897632300124395,0.0,
219,2021,0.030479886506750712,0.0,0.2422591162772183
219,2022,0.0,0.0,0.18197833249917014
219,2023,0.0,,
220,2011,0.07517349047174823,,
220,2015,0.17336558718015455,0.13145215979284924,
220,2017,0.0,,
220,2019,0.03513556040833445,,0.6045302333371466
220,2020,,0.0,
220,2021,0.0,0.0,
220,2022,,0.009228756227965073,
220,2023,0.0,0.1362779777672721,
220,2024,0.13320854298276733,0.04750137040634072,
221,2009,,0.09261344299028619,
221,2013,0.17969589104094302,0.20777779470116828,
221,2015,0.22595559435006377,0.13145215979284924,
221,2016,0.19182415417774315,0.03746812830037104,
221,2017,0.2106181054415769,0.14305693117276932,
221,2018,0.18577008925682756,0.17740724984590242,
221,2019,0.10293587174957496,0.07335019418864083,
221,2020,0.2650574267219256,0.36470739955005843,
221,2021,0.26163968092855194,0.4249293031720676,
221,2022,0.26220131482826736,0.4187649652432319,
221,2023,0.07937035372449902,0.6101448810675502,
221,2024,0.24397801889341883,0.7120291649158274,
222,2008,0.10738349825561784,,
222,2011,0.07517349047174823,0.07425095620550394,
222,2012,,0.0896639770702217,
222,2014,0.16808994900328553,,
222,2015,0.17336558718015455,0.0,
222,2016,0.13923414700783393,0.09202570397559816,0.1463400309700713
222,2017,0.1150589337022567,0.10073878780182823,
222,2018,0.02241060617626685,0.0,
222,2019,0.0,,
222,2020,0.10169794364136489,,
222,2021,,0.0,
222,2022,0.15143183891761586,0.0,
222,2023,0.17492952546381924,0.1655119418735095,
222,2024,0.3190305306248731,0.20129053864158503,
223,2002,0.042237795422555326,,
223,2011,0.07517349047174823,,
223,2015,,0.0,
223,2016,0.0,,
223,2017,0.24694801643213332,,
223,2018,0.0,0.04595509005305316,
223,2019,0.10293587174957496,0.07335019418864083,
223,2020,0.1972571153806851,0.059484936593418816,
223,2021,,0.0,
223,2022,0.031041520406466152,0.0,
223,2023,0.2704886972031395,0.004825817974422859,
223,2024,0.17617770755217832,0.12439595452396285,
224,2015,0.010006104099593814,0.07689458411762214,
224,2016,0.13923414700783393,,
224,2017,0.0472586223610162,0.0,
224,2018,0.02241060617626685,,
224,2019,0.03513556040833445,0.0,
224,2020,0.0,,
224,2021,0.030479886506750712,0.0,
224,2022,0.0,0.0,
224,2023,0.13196036089440824,,
224,2024,,0.0,
225,2004,0.10031708220978383,,
225,2008,0.10738349825561784,,
225,2011,0.17073266221106848,,
225,2014,0.07253077726396527,,
225,2017,0.0472586223610162,,
225,2018,0.0,,
225,2019,0.03513556040833445,,
225,2020,0.0,0.0,
225,2021,0.030479886506750712,0.0,
225,2022,0.0,,
225,2023,0.13196036089440824,0.004825817974422859,
225,2024,0.012818224471617607,,
226,2008,,0.10492869783959502,
226,2009,0.0780034718598684,,
226,2010,0.2737995365766602,0.0824669562707631,
226,2015,0.10556527583891406,0.0,
226,2016,0.0,0.0,
226,2017,,0.04618121212660111,
226,2018,0.0,0.0,
226,2020,0.033897632300124395,0.0,
226,2021,,0.0,
226,2022,,0.009228756227965073,
226,2023,0.07937035372449902,0.004825817974422859,
226,2024,0.0,0.0,
227,2001,0.023554641469239832,,
227,2003,0.09576104413928568,,
227,2009,0.0780034718598684,,
227,2010,,0.15936154038838526,
227,2011,0.23853297355230899,0.15114554032312608,
227,2012,0.09647462170732189,,
227,2013,0.17969589104094302,,
227,2014,0.07253077726396527,0.15482428849091692,
227,2015,,0.0,
227,2016,0.0,,
227,2017,0.1150589337022567,0.0,
227,2018,0.0,,
227,2019,0.0,0.018792618513413722,
227,2020,,0.059484936593418816,
227,2021,0.0982801978479912,,
227,2022,0.031041520406466152,0.0,
227,2023,0.011570042383258516,0.1655119418735095,
227,2024,0.24397801889341883,0.0,
228,2011,0.07517349047174823,,
228,2012,0.09647462170732189,,
228,2013,0.08413671930162277,,
228,2016,0.13923414700783393,,
228,2019,0.10293587174957496,,
228,2021,0.19383936958731143,,
228,2023,0.0,,
229,1999,0.10498862087105432,,
229,2000,0.0,,
229,2001,0.3780324680284411,,
229,2002,0.2581872856730253,,
229,2003,,0.15991654516879,
229,2004,0.10031708220978383,,
229,2007,0.13398628838065355,,
229,2008,0.20294266999493807,,
229,2013,0.08413671930162277,,
229,2015,0.22595559435006377,0.07689458411762214,
229,2016,0.13923414700783393,,
229,2017,0.1150589337022567,0.0,
229,2018,0.22210000024738397,0.0,
229,2019,0.15552587891948416,,
229,2020,0.1972571153806851,0.0049273609181916984,
229,2021,0.1508702050179004,0.0,
229,2022,0.09884183174770665,0.009228756227965073,
229,2023,0.24272983680505975,0.004825817974422859,
229,2024,,0.04750137040634072,
230,1999,0.009429449131734064,,
230,2001,0.023554641469239832,0.19802334353345502,
230,2002,0.2581872856730253,,
230,2004,0.19587625394910407,0.18153018937410545,
230,2005,0.14811366390554953,,
230,2006,,0.20799363477464688,
230,2008,0.10738349825561784,,
230,2009,,0.09261344299028619,
230,2012,0.09647462170732189,,
230,2014,0.07253077726396527,,
230,2015,0.26892475891947476,,
230,2016,0.19182415417774315,0.09202570397559816,
230,2017,0.24694801643213332,0.10073878780182823,
230,2018,0.09021091751750734,0.0,
230,2019,0.03513556040833445,0.07335019418864083,
230,2020,0.033897632300124395,0.13637952071104095,
230,2021,0.0,0.11970684021542793,
230,2022,0.09884183174770665,0.06378633190319219,
230,2023,0.011570042383258516,0.0,
230,2024,0.0806185358128581,0.0,
231,2001,0.18691412454980058,,
231,2002,0.3011564502424363,,
231,2016,0.07143383566659343,,
231,2017,0.24694801643213332,,
231,2018,0.28132926099614786,0.0,
231,2019,0.29405421522821545,,
231,2020,0.2335870263712415,,
231,2021,0.19383936958731143,,
231,2022,0.09884183174770665,,
231,2023,0.13196036089440824,,
231,2024,0.21250761854273473,,
232,1999,0.009429449131734064,,
232,2000,0.0,,
232,2002,0.042237795422555326,,
232,2009,0.0780034718598684,,
232,2011,0.07517349047174823,,
232,2015,0.10556527583891406,0.0,
232,2016,0.5892711453063553,,
232,2017,0.605137382943939,0.04618121212660111,
232,2018,0.48101865506726493,0.0,
232,2019,0.31888536200004497,0.07335019418864083,
232,2020,0.1542879508112741,,
232,2021,0.0982801978479912,0.0,
232,2022,0.31479132199817667,0.0,
232,2023,0.2704886972031395,0.0,
232,2024,0.29656802606332816,0.08981951377728181,
233,1999,0.3639072756909353,,
233,2000,0.09555917173932021,,
233,2002,0.3374863612329927,,
233,2003,0.09576104413928568,,
233,2005,0.14811366390554953,,
233,2008,0.2707429813361786,,
233,2010,0.05785004632619019,,
233,2013,0.30008620955209275,,
233,2014,0.33144943208384625,0.0779297043732948,
233,2015,0.22595559435006377,0.13145215979284924,
233,2016,0.46595311316895544,,
233,2017,0.39284188706743994,0.0,
233,2018,0.46951989084853807,0.20664121395213983,
233,2019,0.5252140096500167,,
233,2020,0.5239760815418066,0.0,
233,2021,0.46550047444670556,0.0,
233,2022,0.6231364745280179,0.0,0.18197833249917014
233,2023,0.55423849879485,0.10170153702059107,
233,2024,0.5392265847038562,0.0,0.14377947745675101
234,1999,0.22537893938220402,,
234,2002,0.042237795422555326,,
234,2003,0.09576104413928568,,
234,2007,0.13398628838065355,,
234,2010,0.05785004632619019,,
234,2011,0.07517349047174823,,
234,2014,0.16808994900328553,,
234,2015,0.10556527583891406,,
234,2016,0.3776461418198489,,
234,2017,0.0472586223610162,,
234,2018,0.14280092468741656,,
234,2019,0.15552587891948416,0.0,
234,2020,0.10169794364136489,,
234,2021,0.1508702050179004,0.0,
234,2022,0.28996017522634715,,
234,2023,0.511269334225439,,
234,2024,0.4478388124115725,,
243,2002,,0.1363481451838358,
243,2006,0.14540430650641914,,
243,2009,0.0780034718598684,,
243,2015,,0.07689458411762214,
243,2016,0.0,0.2234778637684474,
243,2017,0.1150589337022567,0.0,
243,2018,0.02241060617626685,0.17740724984590242,
243,2019,0.10293587174957496,0.018792618513413722,
243,2020,0.033897632300124395,0.16561348481727836,
243,2021,0.2301692805778678,0.3280535841258993,
243,2022,0.09884183174770665,0.2175755001384365,
243,2023,0.011570042383258516,0.2677301375601214,
243,2024,0.13320854298276733,0.25584811431681215,
244,1999,0.009429449131734064,,
244,2001,0.023554641469239832,,
244,2002,0.042237795422555326,,
244,2003,0.19132021587860593,,
244,2004,0.10031708220978383,,
244,2005,0.14811366390554953,,
244,2006,0.14540430650641914,,
244,2008,0.10738349825561784,0.10492869783959502,
244,2009,0.2939529621103384,0.09261344299028619,0.04603997884983689
244,2010,0.22120952940675093,0.0824669562707631,
244,2011,0.07517349047174823,0.2825977001159753,
244,2012,0.09647462170732189,0.16655856118784385,
244,2013,,0.20777779470116828,
244,2014,0.07253077726396527,0.4329083377133345,
244,2015,0.4117775819921696,0.38211704707426175,
244,2016,0.4170171003730172,0.32960641199230695,
244,2017,0.39284188706743994,0.10073878780182823,
244,2018,0.14280092468741656,0.3634169853139788,
244,2019,0.31888536200004497,0.22713936242388513,
244,2020,0.1542879508112741,0.28301141014060927,
244,2021,0.26163968092855194,0.3661098542305018,
244,2022,0.23073091447758326,0.45212181735561346,
244,2023,0.011570042383258516,0.44150044072391176,
244,2024,0.37586710162329545,0.39504197673392144,
245,2008,,0.10492869783959502,
245,2009,0.0780034718598684,,
245,2010,0.3530986121366276,0.3677082842988567,
245,2011,0.3704220562821856,0.3794734191621436,
245,2012,0.39172318751775925,0.4840204564487695,
245,2013,0.5427447681926209,0.399623233041015,
245,2014,0.33144943208384625,0.36317103240138837,
245,2015,0.3052546699100312,0.369032867809558,
245,2016,0.0,0.3155521775227886,
245,2017,0.39284188706743994,0.4697716556113863,
245,2018,0.18577008925682756,0.440311569431601,
245,2019,0.34134786656158994,0.4616856796410621,
245,2020,0.5239760815418066,0.4144635699334585,
245,2021,0.46550047444670556,0.4249293031720676,
245,2022,0.4533196583069078,0.46963999066571627,
245,2023,0.5972076633642609,0.5183950248415339,
245,2024,0.6232869922244496,0.6315358887732481,
246,2008,0.20294266999493807,0.10492869783959502,
246,2009,0.0780034718598684,0.330194151006995,
246,2010,0.22120952940675093,0.15936154038838526,
246,2011,0.2911229807222182,0.4140498599088246,
246,2012,0.25983410478788266,0.3272446850869305,
246,2013,0.2474962023821835,0.41612453861163967,
246,2014,0.36777934307440263,0.3155104123900036,
246,2015,0.6052645676810944,0.5071399342492853,
246,2016,0.5892711453063553,0.528700326725087,
246,2017,0.410307499512694,0.5009309700521463,
246,2018,0.38545948332794466,0.4057351286849199,
246,2019,0.19849504348889518,0.4554672412629026,
246,2020,0.4810069169723956,0.4144635699334585,
246,2021,0.45275802440719237,0.4249293031720676,
246,2022,0.19440100348702688,0.5051437945270499,
246,2023,0.4586793270555297,0.45957557589996806,
246,2024,0.4928663124761005,0.4978912724340484,
247,2005,0.14811366390554953,,
247,2008,0.10738349825561784,0.2363808576324443,
247,2009,0.0780034718598684,,
247,2010,0.05785004632619019,0.15936154038838526,
247,2011,0.2911229807222182,0.3794734191621436,
247,2012,,0.22111613686307097,
247,2013,,0.36156696293641255,
247,2014,,0.20938186416614404,
247,2015,0.3052546699100312,0.3943564793785478,
247,2016,0.07143383566659343,0.32960641199230695,
247,2017,0.2106181054415769,0.375140286771503,
247,2018,0.28132926099614786,0.3634169853139788,
247,2019,0.03513556040833445,0.40507786368340254,
247,2020,0.3176474338918349,0.3827825347261148,
247,2021,0.3571988526678722,0.35728754823213676,
247,2022,0.3766247851128899,0.3955140013979539,
247,2023,0.35715330708968224,0.2677301375601214,
247,2024,0.2717368792914986,0.4165342382158988,
248,1999,0.009429449131734064,,
248,2007,0.13398628838065355,0.3789554858252574,
248,2008,0.20294266999493807,0.3132754417500664,
248,2009,0.2939529621103384,0.26638374615407656,
248,2010,0.15340921806551044,0.15936154038838526,
248,2011,0.23853297355230899,0.24802125936929428,
248,2012,0.19203379344664215,0.4840204564487695,
248,2013,0.3430553741215037,0.36156696293641255,
248,2014,0.16808994900328553,0.36317103240138837,
248,2015,0.4117775819921696,0.33979890370332066,
248,2016,0.3025936300883946,0.3972481669322378,
248,2017,0.3739775885221377,0.38598011582992175,
248,2018,0.18577008925682756,0.33809337374498905,
248,2019,0.10293587174957496,0.40507786368340254,
248,2020,0.3401099384533799,0.39121260608818054,
248,2021,0.4249991640091127,0.3903528624253865,
248,2022,0.4103504937374969,0.33818783087286697,
248,2023,0.4465906303232134,0.35487832034957845,
248,2024,0.4350963623720593,0.3707989685390367,
249,1999,0.009429449131734064,,
249,2007,0.13398628838065355,,
249,2008,,0.10492869783959502,
249,2009,,0.09261344299028619,
249,2010,,0.0824669562707631,
249,2011,0.23853297355230899,0.24802125936929428,
249,2012,,0.2980107209806931,
249,2013,,0.20777779470116828,
249,2014,,0.2862764482837662,
249,2015,0.010006104099593814,0.23758070801670877,
249,2016,0.2711232297377105,0.3003724478860696,
249,2017,0.0,0.30908553171229963,
249,2018,0.02241060617626685,0.3511775530096928,
249,2019,0.15552587891948416,0.37857265714528043,
249,2020,0.2928162871200054,0.4416019836676806,
249,2021,0.2301692805778678,0.3280535841258993,
249,2022,0.31479132199817667,0.3690087948598318,
249,2023,0.24272983680505975,0.46523705241217406,
249,2024,0.3921271978026483,0.5733100095777377,
250,2003,,0.3682632890792614,
250,2004,,0.3129823491669547,
250,2008,0.3663021530754988,0.18182328195721717,
250,2009,,0.330194151006995,
250,2010,0.22120952940675093,0.3677082842988567,
250,2011,0.3340921452916292,0.3794734191621436,
250,2012,,0.3525682966559202,
250,2013,0.2474962023821835,0.399623233041015,
250,2014,0.07253077726396527,0.49462319219423756,
250,2015,0.540585863778869,0.6450213666599602,
250,2016,0.355183637258304,0.673867765796155,
250,2017,0.48227921030097104,0.6408132012070614,
250,2018,0.5402479158160288,0.7290327268176159,
250,2019,0.4937436092993326,0.6529741561149552,
250,2020,0.46891822024007923,0.6228103138439299,
250,2021,0.678955995221974,0.6846462304339634,
250,2022,0.6032081655248015,0.6584183209836525,
250,2023,0.6927668351035812,0.7239111881591366,
250,2024,0.5706969850545404,0.7017755662439923,
251,2002,0.042237795422555326,,
251,2006,0.14540430650641914,,
251,2007,,0.170608741914786,
251,2009,0.2939529621103384,0.4616463107998442,
251,2010,0.05785004632619019,0.2562372594345535,
251,2011,0.2911229807222182,0.15114554032312608,
251,2012,0.09647462170732189,0.2980107209806931,
251,2013,0.37938528511206016,0.15322021902594116,
251,2014,0.28848026751443523,0.25170000753708516,
251,2015,0.17336558718015455,0.3052224629566397,
251,2016,0.3776461418198489,0.3426905912570107,
251,2017,0.4265675956920469,0.38598011582992175,
251,2018,0.25357040059806807,0.23196482552112951,
251,2019,0.26629535483013567,0.36884512088856936,
251,2020,0.2650574267219256,0.32238925617911735,
251,2021,0.4249991640091127,0.4049481682435215,
251,2022,0.511089608410949,0.4113269382307729,
251,2023,0.5016484916249407,0.5053108455768303,0.16382514350197036
251,2024,0.5918165918737655,0.5226627864397583,0.14377947745675101
252,2003,0.19132021587860593,,
252,2008,,0.10492869783959502,
252,2010,0.05785004632619019,,
252,2011,0.07517349047174823,0.2057031159983532,
252,2012,0.09647462170732189,0.16655856118784385,0.14507435921507697
252,2013,0.2474962023821835,0.20777779470116828,
252,2014,,0.20938186416614404,
252,2015,0.43228424200003557,0.13145215979284924,
252,2016,0.355183637258304,0.26579600713938856,
252,2017,0.24694801643213332,0.375140286771503,
252,2018,0.30616040776797737,0.0,
252,2019,0.10293587174957496,0.26519563252848755,
252,2020,0.2650574267219256,0.2132741048286631,
252,2021,0.1508702050179004,0.1966014243330501,
252,2022,0.09884183174770665,0.2175755001384365,0.3100775836088429
252,2023,0.33828900854438,0.2331536968134404,0.33316314247787787
252,2024,0.21250761854273473,0.17895353019918997,
253,2000,,0.21229005781944973,
253,2001,,0.12112875941583287,
253,2003,,0.15991654516879,
253,2007,0.13398628838065355,0.170608741914786,
253,2008,0.20294266999493807,0.10492869783959502,
253,2009,,0.16950802710790835,
253,2011,0.07517349047174823,0.15114554032312608,
253,2012,,0.16655856118784385,
253,2013,0.08413671930162277,0.20777779470116828,
253,2014,0.28848026751443523,0.2862764482837662,
253,2015,0.5526745605111852,0.41669348782094273,
253,2016,0.5410056249004096,0.5784564971084871,
253,2017,0.3534709285142717,0.542096250425686,
253,2018,0.18577008925682756,0.5464401176554605,
253,2019,0.4439427224461091,0.4792038529511649,
253,2020,0.5139457203046073,0.43517271104985483,
253,2021,0.5394226342937353,0.5100706378264152,
253,2022,0.5574498806387048,0.5835739771484627,
253,2023,0.4060893198856205,0.5598684212520574,
253,2024,0.4478388124115725,0.5410894423449056,
254,2011,0.07517349047174823,,
254,2012,0.19203379344664215,,
254,2013,0.08413671930162277,0.07632563490831899,
254,2015,0.17336558718015455,0.0,
254,2016,0.0,0.03746812830037104,
254,2017,,0.04618121212660111,
254,2018,0.0,0.0,
254,2019,0.0,0.11566833755958192,
254,2020,0.033897632300124395,0.16561348481727836,
254,2021,0.0,0.17426441589065506,
254,2022,0.09884183174770665,0.2175755001384365,
254,2023,0.21125943645437564,0.1655119418735095,
254,2024,0.4478388124115725,0.22127167357013114,
255,2012,0.19203379344664215,0.0896639770702217,
255,2013,0.08413671930162277,,
255,2014,0.16808994900328553,,
255,2015,0.010006104099593814,0.13145215979284924,
255,2016,,0.0,
255,2017,0.0,0.20686733602568777,
255,2018,0.0,0.04595509005305316,
255,2020,0.033897632300124395,0.13637952071104095,
255,2021,0.26163968092855194,0.08513039946874688,
255,2022,0.0,0.009228756227965073,
255,2023,0.011570042383258516,0.0,0.16382514350197036
255,2024,0.0806185358128581,0.0,
256,2004,0.10031708220978383,,
256,2005,0.14811366390554953,,
256,2009,,0.09261344299028619,
256,2012,0.09647462170732189,,
256,2013,0.17969589104094302,,
256,2015,0.010006104099593814,0.0,
256,2016,0.3025936300883946,,
256,2017,0.1150589337022567,,
256,2018,0.22210000024738397,0.10051266572828028,
256,2019,0.23482495447945156,0.0,
256,2020,0.0,0.1018030799643599,
256,2021,0.0,0.0428122560978058,
256,2022,0.23073091447758326,0.0,
256,2023,0.6549776134683022,0.0,
256,2024,0.0806185358128581,0.12439595452396285,
257,2007,0.13398628838065355,,
257,2008,,0.10492869783959502,
257,2011,0.07517349047174823,,
257,2013,0.08413671930162277,,
257,2015,0.10556527583891406,0.0,
257,2016,,0.0,
257,2017,0.0472586223610162,,
257,2018,0.02241060617626685,,
257,2019,0.03513556040833445,,
257,2020,0.0,,
257,2021,0.0,0.0,
257,2022,0.0,0.0,
257,2023,0.0,0.0,
257,2024,,0.0,
258,2008,0.10738349825561784,0.10492869783959502,
258,2009,0.0780034718598684,0.09261344299028619,
258,2010,,0.0824669562707631,
258,2011,0.07517349047174823,,
258,2012,0.09647462170732189,,
258,2013,0.08413671930162277,,0.1512953719917966
258,2014,0.16808994900328553,,
258,2015,0.010006104099593814,0.0,
258,2016,0.0,0.03746812830037104,0.1463400309700713
258,2017,0.0472586223610162,0.04618121212660111,
258,2020,0.0,0.1018030799643599,0.16330817165972195
258,2021,0.0982801978479912,0.0428122560978058,
258,2022,0.0,0.06378633190319219,
258,2023,0.0,0.05938339364964997,
258,2024,0.0,,
259,2008,0.32333298850608777,0.18182328195721717,
259,2012,0.19203379344664215,,
259,2013,0.08413671930162277,,
259,2014,,0.0779297043732948,0.11625441398710193
259,2016,0.0,,0.2212732892396929
259,2017,0.0,0.0,
259,2018,0.0,0.0,
259,2019,0.0,0.018792618513413722,
259,2021,0.0982801978479912,0.0,
259,2022,0.15143183891761586,0.06378633190319219,
259,2023,0.011570042383258516,0.0,
260,2001,0.023554641469239832,,
260,2008,0.10738349825561784,,
260,2013,,,0.07636211372217508
260,2014,0.07253077726396527,,
260,2015,,0.13145215979284924,
260,2016,,,0.1463400309700713
260,2017,,0.0,
260,2018,,0.0,
260,2019,0.0,,
260,2021,,0.0,
260,2022,0.0,,
260,2023,0.0,0.10170153702059107,
260,2024,0.21250761854273473,0.0,
261,1999,0.009429449131734064,,
261,2012,0.19203379344664215,0.0896639770702217,
261,2015,0.010006104099593814,0.07689458411762214,
261,2016,0.13923414700783393,0.09202570397559816,
261,2017,0.1150589337022567,0.17763337191945036,
261,2018,0.28132926099614786,0.04595509005305316,
261,2019,0.19849504348889518,0.22713936242388513,
261,2020,0.033897632300124395,0.059484936593418816,
261,2021,0.19383936958731143,0.21658255926159622,
261,2022,0.0,0.10610447527413328,
261,2023,0.24272983680505975,0.21317256188489428,
261,2024,0.13320854298276733,0.15362991863020026,
262,2009,0.0780034718598684,,
262,2011,0.07517349047174823,,
262,2012,0.09647462170732189,,
262,2013,,0.07632563490831899,
262,2017,,0.0,
262,2018,,0.0,
262,2019,0.0,0.0,
262,2021,0.030479886506750712,0.0428122560978058,
262,2022,0.394090397558144,0.10610447527413328,
262,2023,0.011570042383258516,0.0,
262,2024,0.0,0.0,
263,2005,0.14811366390554953,,
263,2012,0.19203379344664215,,
263,2013,0.08413671930162277,,
263,2014,0.07253077726396527,,
263,2015,0.10556527583891406,,
263,2016,0.07143383566659343,,
263,2017,0.0,,
263,2018,0.09021091751750734,0.0,
263,2019,0.10293587174957496,0.0,
263,2020,0.0,,
263,2021,0.030479886506750712,,
263,2023,0.0,,
263,2024,0.0806185358128581,,
264,2008,0.10738349825561784,0.10492869783959502,
264,2010,0.05785004632619019,0.0824669562707631,
264,2015,0.010006104099593814,,
264,2016,0.0,,
264,2017,0.0,0.0,
264,2018,0.0,,
264,2019,0.0,,
264,2020,0.10169794364136489,,
264,2021,0.0,,
264,2022,0.0,,
265,1999,0.009429449131734064,0.1395776537729733,
265,2009,0.0780034718598684,,
265,2012,0.31242411195779185,,
265,2013,0.08413671930162277,,
265,2014,0.07253077726396527,,
265,2015,0.10556527583891406,,
265,2017,0.1150589337022567,,
265,2018,0.09021091751750734,,0.04905169985303921
265,2019,0.10293587174957496,,
265,2020,0.10169794364136489,,
265,2021,0.0982801978479912,0.0428122560978058,
265,2022,,0.0,
265,2023,0.21125943645437564,0.0,
266,2013,0.08413671930162277,,
266,2014,0.235890260344526,,
266,2015,0.10556527583891406,,
266,2016,0.07143383566659343,,
266,2017,0.3061772771808972,,
266,2018,0.02241060617626685,,
266,2019,0.19849504348889518,,
266,2020,0.033897632300124395,,
266,2021,0.0,,
266,2022,0.15143183891761586,,
266,2023,0.24272983680505975,0.0,
266,2024,0.0806185358128581,,
267,2007,0.2295454601199738,,
267,2019,0.0,,
267,2020,0.0,,
268,2009,0.0780034718598684,,
268,2012,0.25983410478788266,,
268,2016,0.07143383566659343,,
268,2018,0.0,,
268,2020,0.033897632300124395,,
268,2021,0.0982801978479912,,
268,2022,0.0,,
268,2023,0.17492952546381924,,
268,2024,0.0806185358128581,,
269,2014,0.07253077726396527,,
269,2018,0.0,,
269,2022,0.09884183174770665,,
269,2024,0.0806185358128581,,
270,2002,0.13779696716187556,,
270,2019,0.0,,
270,2022,,,0.18197833249917014
270,2023,0.0,,
270,2024,0.0,,
271,1999,0.009429449131734064,,
271,2002,0.2581872856730253,,0.07493325826962152
271,2003,0.19132021587860593,,
271,2004,0.26367656529034456,0.18153018937410545,
271,2008,0.10738349825561784,,
271,2009,0.0780034718598684,,
271,2010,0.05785004632619019,,
271,2011,0.07517349047174823,,
271,2012,,,0.2200076174846985
271,2013,0.17969589104094302,,
271,2014,0.235890260344526,,
271,2015,0.17336558718015455,,
271,2016,0.0,,
271,2017,0.24694801643213332,,
271,2018,0.09021091751750734,0.0,
271,2019,0.23482495447945156,0.018792618513413722,
271,2020,0.3401099384533799,,
271,2021,0.1508702050179004,,
271,2022,0.23073091447758326,,0.18197833249917014
271,2023,0.317782348536514,,
271,2024,0.21250761854273473,,
272,2001,0.11911381320856008,,
272,2005,0.6786934235848247,,
272,2007,0.13398628838065355,,
272,2008,0.7751093151132735,0.27869900100338535,
272,2009,0.961678778967994,0.22406560278313548,
272,2010,0.9056571035436289,,
272,2011,0.4018924566328697,,
272,2012,0.7267124028059894,0.0896639770702217,
272,2013,0.8281719997561664,0.07632563490831899,
272,2014,0.39924974342508673,,
272,2015,0.10556527583891406,,
272,2016,0.13923414700783393,,
272,2017,,0.0,
272,2018,0.18577008925682756,,0.04905169985303921
272,2019,0.03513556040833445,,
272,2020,0.2650574267219256,0.13637952071104095,0.16330817165972195
272,2021,0.0,0.08513039946874688,
272,2022,0.394090397558144,0.1406809160208143,0.18197833249917014
272,2023,0.17492952546381924,0.10170153702059107,
272,2024,0.0806185358128581,0.08981951377728181,
273,2010,0.15340921806551044,,
273,2012,0.31242411195779185,,
273,2013,0.17969589104094302,0.07632563490831899,
273,2014,0.16808994900328553,,
273,2015,0.10556527583891406,,
273,2016,0.0,,
273,2017,0.0472586223610162,,
273,2018,0.18577008925682756,0.04595509005305316,
273,2019,0.03513556040833445,,
273,2020,0.10169794364136489,,
273,2021,0.1508702050179004,,
273,2022,0.15143183891761586,,
273,2023,0.17492952546381924,,
273,2024,0.21250761854273473,,
280,2009,,0.3009601869007576,
280,2010,,0.2562372594345535,
280,2011,,0.07425095620550394,
280,2013,,0.07632563490831899,
280,2015,0.010006104099593814,0.17377030316379033,
280,2016,,0.09202570397559816,
280,2017,0.0,0.10073878780182823,
280,2018,0.0,0.17740724984590242,
280,2019,,0.07335019418864083,
280,2020,0.033897632300124395,0.16561348481727836,
280,2021,0.030479886506750712,0.21658255926159622,
280,2022,,0.1406809160208143,
280,2023,0.07937035372449902,0.2829098671968404,
280,2024,,0.08981951377728181,
281,2006,0.14540430650641914,,
281,2007,,0.170608741914786,
281,2008,,0.2363808576324443,
281,2009,,0.09261344299028619,
281,2010,0.15340921806551044,0.0824669562707631,
281,2011,0.07517349047174823,0.2057031159983532,
281,2012,0.19203379344664215,0.26343428023401205,
281,2013,0.30008620955209275,0.3392299544940175,
281,2014,0.235890260344526,0.20938186416614404,
281,2015,0.22595559435006377,0.3052224629566397,
281,2016,0.23479331874715414,0.41532330210829416,
281,2017,0.3534709285142717,0.41521407993615916,
281,2018,0.30616040776797737,0.432240335223042,
281,2019,0.19849504348889518,0.49004368200958365,
281,2020,0.3606165984612459,0.49615955934290773,
281,2021,0.3571988526678722,0.4185000305542418,
281,2022,0.4103504937374969,0.4259222440489079,
281,2023,0.35715330708968224,0.39918229735297067,
281,2024,0.21250761854273473,0.35272383336298035,
282,2002,,0.1363481451838358,
282,2007,0.13398628838065355,0.170608741914786,
282,2008,,0.18182328195721717,
282,2009,0.33692212667974936,0.16950802710790835,
282,2010,0.05785004632619019,0.15936154038838526,
282,2011,0.17073266221106848,0.24802125936929428,
282,2012,0.09647462170732189,0.5063574648911645,
282,2013,0.3430553741215037,0.31390634292502784,
282,2014,0.235890260344526,0.40122730250599076,
282,2015,0.3893150774306246,0.4459274519271802,
282,2016,0.46595311316895544,0.38752063067552667,
282,2017,0.4560657843987908,0.40596125075846784,
282,2018,0.22210000024738397,0.45549129906832,
282,2019,0.3981844375600123,0.36884512088856936,
282,2020,0.2928162871200054,0.34472626462151235,
282,2021,0.4392870485445253,0.30571657568350435,
282,2022,0.33725382655972164,0.4035852356065129,
282,2023,0.2704886972031395,0.35487832034957845,
282,2024,0.4478388124115725,0.493428822333521,
283,2008,0.2707429813361786,0.2363808576324443,
283,2009,,0.3978359059469259,
283,2010,0.22120952940675093,0.2562372594345535,
283,2011,0.3340921452916292,0.3118316642222127,
283,2012,0.19203379344664215,0.3272446850869305,
283,2013,0.08413671930162277,0.31390634292502784,
283,2014,0.28848026751443523,0.5146043271227837,
283,2015,0.17336558718015455,0.5197876452452705,
283,2016,0.13923414700783393,0.26579600713938856,
283,2017,0.39284188706743994,0.338319495818537,
283,2018,0.40171957950729753,0.3088594096387517,
283,2019,0.34134786656158994,0.32401508147005337,
283,2020,0.10169794364136489,0.2970656446101276,
283,2021,0.37606315121317446,0.25115900000827723,
283,2022,0.15143183891761586,0.2873128054503826,
283,2023,0.21125943645437564,0.3222877132353485,
283,2024,0.4599275091438888,0.27102784395353113,
284,2003,0.09576104413928568,,
284,2006,0.14540430650641914,,
284,2007,0.29734577146121427,0.24750332603240816,
284,2008,,0.2363808576324443,
284,2009,0.0780034718598684,0.3009601869007576,
284,2010,0.3530986121366276,0.5372167141963085,
284,2011,0.4018924566328697,0.3794734191621436,
284,2012,0.31242411195779185,0.39488644002686135,
284,2013,0.37938528511206016,0.20777779470116828,
284,2014,0.235890260344526,0.3408340239589933,
284,2015,0.22595559435006377,0.2629043195856985,
284,2016,0.0,0.3155521775227886,
284,2017,0.2106181054415769,0.5834870306819744,
284,2018,0.14280092468741656,0.2742829688920707,
284,2019,0.15552587891948416,0.24712049735243125,
284,2020,0.1542879508112741,0.2513303749332655,
284,2021,0.2301692805778678,0.31721375506748056,
284,2022,0.23073091447758326,0.2175755001384365,
284,2023,0.2953198439749691,0.1362779777672721,
284,2024,0.24397801889341883,0.12439595452396285,
285,2000,,0.13539547370182758,
285,2007,,0.24750332603240816,
285,2009,,0.09261344299028619,
285,2011,0.17073266221106848,0.15114554032312608,
285,2012,0.09647462170732189,0.26343428023401205,
285,2013,0.08413671930162277,0.20777779470116828,
285,2014,0.235890260344526,0.2862764482837662,
285,2015,0.26892475891947476,0.3052224629566397,
285,2016,0.07143383566659343,0.24581487221084244,
285,2017,0.24694801643213332,0.2925842261416749,
285,2018,0.38545948332794466,0.3634169853139788,
285,2019,0.4144445337393652,0.3477516931583156,
285,2020,0.2650574267219256,0.2513303749332655,
285,2021,0.26163968092855194,0.3383071827977343,
285,2022,0.15143183891761586,0.3490276599312857,
285,2023,0.317782348536514,0.2969641016663588,
285,2024,0.3584014891780414,0.29816625768775323,
286,1999,0.009429449131734064,,
286,2004,0.10031708220978383,,
286,2009,0.0780034718598684,0.09261344299028619,
286,2010,0.2737995365766602,0.0824669562707631,
286,2011,,0.2057031159983532,
286,2012,0.19203379344664215,0.26343428023401205,
286,2013,0.17969589104094302,0.20777779470116828,
286,2014,0.16808994900328553,0.15482428849091692,
286,2015,0.3893150774306246,0.33979890370332066,
286,2016,0.355183637258304,0.533383166599456,
286,2017,0.410307499512694,0.4482793941294089,
286,2018,0.34912957233738834,0.5418701283521381,
286,2019,0.4439427224461091,0.5961722302334431,
286,2020,0.4925056811911225,0.4653385953559429,
286,2021,0.4392870485445253,0.44300443834812386,
286,2022,0.4103504937374969,0.49073341839596996,
286,2023,0.4060893198856205,0.3646058566062896,0.16382514350197036
286,2024,0.4073375019739796,0.48417599315582965,
287,2002,0.042237795422555326,,
287,2005,0.14811366390554953,,
287,2006,0.30876378958697986,0.4455743427913557,
287,2007,0.48846411493985475,0.34437904507857636,
287,2008,0.10738349825561784,0.18182328195721717,
287,2009,0.4047224380209899,0.3555177625759847,
287,2010,0.2737995365766602,0.4222658599740838,
287,2011,0.2911229807222182,0.42922958954554363,
287,2012,0.39172318751775925,0.0896639770702217,
287,2013,0.6019740289413846,0.28467237881879043,
287,2014,0.39924974342508673,0.3408340239589933,
287,2015,0.36448393065879503,0.4459274519271802,
287,2016,0.355183637258304,0.45416161612131384,
287,2017,0.4943679070332875,0.43246645729658995,
287,2018,0.32862291232952234,0.46954553353783834,
287,2019,0.5348348522505149,0.48470120536914,
287,2020,0.5239760815418066,0.47083594777391796,
287,2021,0.48908793539774886,0.48873970802498606,
287,2022,0.35776048656758763,0.5269661611908032,
287,2023,0.4811418316170748,0.4960580163991389,
287,2024,0.4599275091438888,0.435836855858762,0.27187872856642376
288,2007,0.2295454601199738,0.47583120487142566,
288,2008,0.4341024644167393,0.47396156564915304,
288,2009,0.5002816097603101,0.6407590906040783,
288,2010,0.15340921806551044,0.46458400334502487,
288,2011,0.2911229807222182,0.4686074355840517,
288,2012,0.09647462170732189,0.37490530509831527,
288,2013,0.08413671930162277,0.41612453861163967,
288,2014,0.28848026751443523,0.5048767908660725,
288,2015,0.540585863778869,1.0,
288,2016,0.6293125962495163,0.7170659357070124,
288,2017,0.46953676026145785,0.6912025787865614,
288,2018,0.6207906771967825,0.7051811436926421,
288,2019,0.561543920640573,0.6461598166053479,
288,2020,0.6873355646223674,0.6581954781148774,
288,2021,0.6738874575917944,0.664307611178928,
288,2022,0.6744490914915098,0.6411659436232217,
288,2023,0.7912177966955705,0.8132233590131668,0.36685765288126465
288,2024,0.6983395039559038,0.8362143291634363,0.3468119868360453
289,2003,0.09576104413928568,,
289,2006,0.24096347824573938,,
289,2007,0.3499357786311235,0.47583120487142566,
289,2008,0.32333298850608777,0.48704574491385677,
289,2009,0.738693604572325,0.6654230654069933,
289,2010,0.4123278728853914,0.29081370018123454,
289,2011,0.3704220562821856,0.44328382401506194,
289,2012,0.3553932765272029,0.2980107209806931,
289,2013,0.30008620955209275,0.38154809786495875,
289,2014,0.4270086038231665,0.38315216732993446,
289,2015,0.5278434137393557,0.5773796117200295,
289,2016,0.6436004807849288,0.6265219099716304,
289,2017,0.3739775885221377,0.53261200525949,
289,2018,0.40171957950729753,0.46954553353783834,
289,2019,0.36185452656945594,0.49523977085499543,
289,2020,0.45617577020056604,0.4478204220458401,
289,2021,0.500051675740567,0.4841697187216636,
289,2022,0.5488788300462281,0.46963999066571627,
289,2023,0.6927668351035812,0.5938795996456822,
289,2024,0.6612943331868409,0.5226627864397583,
290,2001,0.023554641469239832,,
290,2006,,0.20799363477464688,
290,2007,,0.24750332603240816,
290,2008,0.20294266999493807,,
290,2009,0.2939529621103384,0.22406560278313548,
290,2010,,0.2562372594345535,
290,2011,,0.2825977001159753,
290,2012,,0.0896639770702217,
290,2013,0.3430553741215037,0.45844268198258076,
290,2014,,0.2862764482837662,
290,2015,0.26892475891947476,0.42694708649277774,
290,2016,0.4344827128182713,0.3664272029452729,
290,2017,0.2106181054415769,0.36364310738752675,
290,2018,0.28132926099614786,0.2742829688920707,
290,2019,0.26629535483013567,0.31093090220534964,
290,2020,0.1542879508112741,0.2132741048286631,
290,2021,0.19383936958731143,0.30571657568350435,
290,2022,0.15143183891761586,0.3592812586031207,
290,2023,0.17492952546381924,0.2969641016663588,0.2387584017715919
290,2024,0.29656802606332816,0.42318914486277676,
291,2006,0.14540430650641914,,
291,2010,,0.0824669562707631,
291,2012,0.19203379344664215,0.2980107209806931,
291,2013,0.17969589104094302,0.562756428041208,
291,2014,0.16808994900328553,0.25170000753708516,
291,2015,,0.28524132802809354,
291,2016,0.0,0.26579600713938856,
291,2017,0.0472586223610162,0.40596125075846784,
291,2018,0.22210000024738397,0.29235810406812696,
291,2019,0.26629535483013567,0.29687666773583127,
291,2020,0.2335870263712415,0.2132741048286631,
291,2021,0.26163968092855194,0.2803929641145146,
291,2022,0.09884183174770665,0.3690087948598318,
291,2023,0.011570042383258516,0.3446247216777435,0.2919243946116431
291,2024,0.13320854298276733,0.2393468087461874,
292,2008,,0.3132754417500664,
292,2009,,0.09261344299028619,
292,2011,,0.2057031159983532,
292,2012,,0.0896639770702217,
292,2013,0.17969589104094302,0.07632563490831899,
292,2014,0.16808994900328553,0.15482428849091692,
292,2015,0.22595559435006377,0.17377030316379033,
292,2016,0.07143383566659343,0.24581487221084244,
292,2017,0.16764894087216592,0.10073878780182823,
292,2018,0.14280092468741656,0.20664121395213983,
292,2019,0.0,0.22713936242388513,
292,2020,0.2335870263712415,0.23325523975720924,
292,2021,0.2301692805778678,0.34803471905444544,
292,2022,0.15143183891761586,0.2721330758136636,
292,2023,0.0,0.2331536968134404,
292,2024,0.17617770755217832,0.25584811431681215,
293,2009,0.0780034718598684,,
293,2011,0.07517349047174823,,
293,2012,,0.0896639770702217,
293,2015,0.10556527583891406,0.17377030316379033,
293,2016,0.23479331874715414,0.26579600713938856,
293,2017,0.0,0.20686733602568777,
293,2018,0.02241060617626685,0.20664121395213983,
293,2019,0.19849504348889518,0.3477516931583156,
293,2020,0.2335870263712415,0.28301141014060927,
293,2021,0.0982801978479912,0.4118451239073639,
293,2022,0.15143183891761586,0.4394741063596282,
293,2023,0.2704886972031395,0.3911110631444117,
293,2024,0.13320854298276733,0.435836855858762,
294,2004,,0.18153018937410545,
294,2007,0.2295454601199738,0.170608741914786,
294,2008,0.10738349825561784,0.18182328195721717,
294,2009,,0.09261344299028619,
294,2010,,0.0824669562707631,
294,2011,0.17073266221106848,,
294,2012,,0.0896639770702217,
294,2013,0.08413671930162277,0.07632563490831899,
294,2014,0.07253077726396527,0.0779297043732948,
294,2015,0.22595559435006377,0.32329759813269593,
294,2016,0.0,0.3664272029452729,
294,2017,,0.4628746999475439,
294,2018,0.40171957950729753,0.448053272055861,
294,2019,0.36185452656945594,0.5485116102220584,
294,2020,0.2928162871200054,0.5267433183220281,
294,2021,0.45275802440719237,0.3977908894378455,
294,2022,0.26220131482826736,0.4113269382307729,
294,2023,0.17492952546381924,0.3646058566062896,
294,2024,0.0,0.32190286937601553,
295,2007,0.13398628838065355,,
295,2008,0.32333298850608777,0.10492869783959502,
295,2009,0.17356264359918866,,
295,2010,0.22120952940675093,0.15936154038838526,
295,2011,0.07517349047174823,,
295,2012,,0.26343428023401205,
295,2013,0.30008620955209275,0.28467237881879043,
295,2014,,0.0779297043732948,
295,2015,0.010006104099593814,0.33979890370332066,
295,2016,0.19182415417774315,0.13434384734653923,
295,2017,0.3739775885221377,0.2925842261416749,0.2523183316343539
295,2018,0.3679938708826906,0.4057351286849199,
295,2019,0.36185452656945594,0.22713936242388513,
295,2020,0.10169794364136489,0.32238925617911735,
295,2021,0.26163968092855194,0.08513039946874688,
295,2022,0.35776048656758763,0.2721330758136636,
295,2023,0.07937035372449902,0.2677301375601214,
295,2024,0.33953719063273907,0.25584811431681215,
296,2008,0.10738349825561784,,
296,2011,0.07517349047174823,,
296,2012,0.09647462170732189,,
296,2013,,0.20777779470116828,
296,2014,0.07253077726396527,,
296,2015,0.10556527583891406,0.07689458411762214,
296,2016,0.0,0.09202570397559816,
296,2017,,0.20686733602568777,
296,2018,0.02241060617626685,0.0,
296,2019,0.15552587891948416,0.20480235398149008,
296,2020,,0.059484936593418816,
296,2021,0.1508702050179004,0.21658255926159622,
296,2022,0.09884183174770665,0.2175755001384365,
296,2023,0.07937035372449902,0.10170153702059107,
296,2024,0.012818224471617607,0.25584811431681215,
297,2008,0.10738349825561784,,
297,2012,,,0.14507435921507697
297,2013,,,0.27939462310146934
297,2014,,0.0779297043732948,0.11625441398710193
297,2015,0.010006104099593814,0.0,
297,2016,0.0,,
297,2018,,0.0,
297,2019,0.03513556040833445,0.018792618513413722,
297,2020,,0.0,
297,2021,,0.0,
297,2022,,0.009228756227965073,
297,2023,,0.0,
297,2024,0.0806185358128581,0.15362991863020026,
298,2007,0.2295454601199738,,
298,2009,0.24136295494042914,0.09261344299028619,
298,2012,0.19203379344664215,,0.2200076174846985
298,2013,0.08413671930162277,,0.5828916998233649
298,2014,0.16808994900328553,0.0779297043732948,0.31928692336639625
298,2015,0.010006104099593814,,
298,2016,0.0,0.0,
298,2017,0.2106181054415769,0.0,
298,2018,0.09021091751750734,,
298,2019,0.0,0.0,
298,2020,0.0,,
298,2021,0.030479886506750712,0.0,
298,2022,,0.0,
298,2024,0.012818224471617607,,
299,2001,0.023554641469239832,,
299,2007,0.13398628838065355,,
299,2010,0.05785004632619019,,
299,2012,0.09647462170732189,0.0896639770702217,
299,2014,0.16808994900328553,,
299,2015,0.17336558718015455,0.0,
299,2016,,0.0,
299,2017,0.1150589337022567,0.0,
299,2018,0.02241060617626685,,
299,2019,,0.0,
299,2020,0.10169794364136489,,
299,2021,0.1508702050179004,0.0,
299,2023,0.011570042383258516,,
300,2001,0.11911381320856008,0.12112875941583287,
300,2007,,0.170608741914786,
300,2008,0.20294266999493807,0.10492869783959502,
300,2009,0.0780034718598684,0.16950802710790835,
300,2010,0.05785004632619019,0.32004766428747194,
300,2011,0.07517349047174823,0.07425095620550394,
300,2012,,0.16655856118784385,
300,2013,0.08413671930162277,,
300,2014,0.07253077726396527,,
300,2015,0.10556527583891406,0.0,
300,2016,0.0,0.03746812830037104,
300,2017,0.0,,
300,2018,0.02241060617626685,0.0,
300,2019,,0.018792618513413722,
300,2020,0.033897632300124395,0.0,
300,2022,,0.009228756227965073,
300,2024,0.3190305306248731,0.0,
301,2008,,0.10492869783959502,
301,2012,0.09647462170732189,0.0896639770702217,
301,2013,0.17969589104094302,0.07632563490831899,
301,2015,0.26892475891947476,0.20834674391047137,
301,2016,0.0,0.1689202880932203,
301,2017,0.0,0.20686733602568777,
301,2018,0.09021091751750734,,
301,2019,0.03513556040833445,,
301,2020,0.033897632300124395,0.0,
301,2021,0.1508702050179004,0.0,
301,2022,0.031041520406466152,0.06378633190319219,
301,2023,0.07937035372449902,0.0,
301,2024,0.012818224471617607,0.0,
302,2009,0.0780034718598684,,
302,2012,0.09647462170732189,,
302,2013,0.08413671930162277,0.07632563490831899,
302,2014,0.16808994900328553,,
302,2015,0.3893150774306246,,
302,2016,0.13923414700783393,0.03746812830037104,
302,2017,0.24694801643213332,0.0,
302,2018,0.02241060617626685,,
302,2019,0.15552587891948416,0.35859152221673435,
302,2020,0.2335870263712415,0.4864320230861966,
302,2021,0.2893985413266317,0.30571657568350435,
302,2022,0.0,0.19523849169604143,
302,2023,0.011570042383258516,,
302,2024,0.012818224471617607,0.0,
303,2007,,0.170608741914786,
303,2012,0.19203379344664215,,
303,2014,0.16808994900328553,,
303,2015,0.17336558718015455,,
303,2016,0.0,,
303,2017,,0.0,
303,2018,0.0,,
303,2019,0.0,,
303,2021,0.0,0.0,
303,2023,0.07937035372449902,0.004825817974422859,
303,2024,0.0,,
304,2009,,0.09261344299028619,
304,2016,0.07143383566659343,,
304,2018,,0.0,
304,2021,0.0,,
304,2022,0.031041520406466152,,
305,1999,0.1727889322122948,,
305,2000,0.0,,
305,2002,0.042237795422555326,,
305,2007,0.13398628838065355,,
305,2009,0.17356264359918866,,
305,2011,0.5163159269174922,,
305,2013,0.17969589104094302,,
305,2015,0.10556527583891406,,
305,2016,0.07143383566659343,,
305,2017,0.0,,
305,2018,0.09021091751750734,0.0,
305,2019,0.10293587174957496,,
305,2021,0.2301692805778678,,
305,2022,0.031041520406466152,,
305,2023,0.07937035372449902,,
305,2024,0.012818224471617607,,
306,2004,0.19587625394910407,,
306,2008,0.10738349825561784,,
306,2014,0.07253077726396527,,
306,2018,0.0,,
306,2019,0.03513556040833445,,
306,2020,0.033897632300124395,,
306,2022,0.0,,
306,2023,0.011570042383258516,,
307,2003,,0.15991654516879,
307,2010,0.15340921806551044,,
307,2011,0.07517349047174823,,
307,2013,0.08413671930162277,,
307,2014,0.07253077726396527,,
307,2015,0.17336558718015455,,
307,2016,0.0,,
307,2017,0.0472586223610162,,
307,2018,0.14280092468741656,,
307,2019,0.03513556040833445,,
307,2020,0.1972571153806851,0.0049273609181916984,
307,2021,0.030479886506750712,0.0,
307,2022,0.031041520406466152,,
307,2023,0.07937035372449902,,
307,2024,0.2717368792914986,,
308,2005,0.4433622297159869,,
308,2007,0.29734577146121427,,
308,2008,0.10738349825561784,,
308,2009,0.0780034718598684,,
308,2010,0.05785004632619019,0.15936154038838526,
308,2012,0.25983410478788266,,
308,2013,0.08413671930162277,,
308,2014,0.39924974342508673,,
308,2015,0.22595559435006377,,
308,2016,0.5410056249004096,,
308,2017,0.16764894087216592,0.0,
308,2018,0.22210000024738397,,
308,2019,0.4144445337393652,0.0,
308,2020,0.2650574267219256,,
308,2021,0.1508702050179004,,
308,2022,0.5574498806387048,0.0,
308,2023,0.39087901571428924,,
308,2024,0.5554866808832091,,
309,1999,0.009429449131734064,0.1395776537729733,
309,2001,0.3188032072796772,0.12112875941583287,
309,2002,0.5008458443135534,0.1363481451838358,
309,2004,0.10031708220978383,,
309,2006,,,0.2752144194738912
309,2009,0.24136295494042914,0.09261344299028619,
309,2010,0.3530986121366276,,
309,2011,0.07517349047174823,,
309,2012,0.7710321608487899,0.16655856118784385,
309,2013,0.574215168543305,,
309,2014,0.4270086038231665,0.15482428849091692,
309,2015,0.26892475891947476,0.13145215979284924,
309,2016,0.3025936300883946,0.03746812830037104,0.2212732892396929
309,2017,0.3534709285142717,0.10073878780182823,
309,2018,0.43121776821404145,0.10051266572828028,
309,2019,0.36185452656945594,0.018792618513413722,
309,2020,0.0,0.0,
309,2021,0.0,0.0428122560978058,
309,2022,0.0,0.16991488012705172,
309,2023,0.2953198439749691,0.10170153702059107,
309,2024,0.3584014891780414,0.0,
310,2006,,,0.2002811612042697
310,2008,0.20294266999493807,,
310,2009,0.3732520376703058,,
310,2010,0.22120952940675093,0.0824669562707631,
310,2011,0.3340921452916292,,
310,2012,0.3553932765272029,,
310,2013,0.5252791557473667,,
310,2014,0.474302255156541,,
310,2015,0.4511485405453378,0.0,
310,2016,0.5410056249004096,,
310,2017,0.5736669825932549,,
310,2018,0.43121776821404145,0.0,
310,2019,0.47015614834828934,0.0,
310,2020,0.4925056811911225,0.36470739955005843,
310,2021,0.2893985413266317,0.08513039946874688,
310,2022,0.46606210834642103,0.0,
310,2023,0.4811418316170748,0.05938339364964997,0.16382514350197036
310,2024,0.3584014891780414,0.20129053864158503,
311,1999,0.009429449131734064,,
311,2000,0.2589186548198809,,
311,2001,0.11911381320856008,,
311,2002,0.20559727850311607,,
311,2003,0.09576104413928568,,
311,2004,0.10031708220978383,,
311,2005,,0.18109992914194553,
311,2007,0.2295454601199738,,
311,2008,0.10738349825561784,,
311,2009,0.4573124451908992,,
311,2010,0.437159019657221,,
311,2011,0.2911229807222182,,
311,2012,0.45095244826652314,0.16655856118784385,
311,2013,0.5427447681926209,,
311,2014,0.4270086038231665,,
311,2015,0.17336558718015455,,
311,2016,0.4170171003730172,,
311,2017,0.4943679070332875,,
311,2018,0.43121776821404145,,
311,2019,0.4439427224461091,,
311,2020,0.560305992532363,,
311,2021,0.26163968092855194,,
311,2022,0.5307408122486467,,
311,2023,0.5294073520230205,,
311,2024,0.42162538650939224,,
316,1999,,0.1395776537729733,
316,2005,,0.18109992914194553,
316,2006,0.24096347824573938,,
316,2007,0.13398628838065355,,
316,2008,,0.2363808576324443,
316,2009,0.17356264359918866,0.22406560278313548,
316,2010,0.2737995365766602,0.15936154038838526,
316,2011,0.07517349047174823,0.3118316642222127,
316,2012,0.31242411195779185,0.2980107209806931,
316,2013,,0.36156696293641255,
316,2014,0.6151992336755567,0.4837833631358188,
316,2015,0.7039453468594298,0.5004850276024073,
316,2016,0.5978421958988321,0.46105857178515625,
316,2017,0.5976549158855564,0.5374134105513171,
316,2018,0.5570892155356142,0.5636924950158912,
316,2019,0.4937436092993326,0.5704180954851272,
316,2020,0.37948089700654813,0.627611719135757,
316,2021,0.47758917117902194,0.6415227976192645,
316,2022,0.3766247851128899,0.5741681464465006,
316,2023,0.35715330708968224,0.5822054296944523,
316,2024,0.29656802606332816,0.5982628578242409,
317,2004,,0.2584247734917276,
317,2007,,0.170608741914786,
317,2008,0.10738349825561784,0.10492869783959502,
317,2009,,0.09261344299028619,
317,2010,0.05785004632619019,0.21391911606361239,
317,2011,0.07517349047174823,0.2825977001159753,
317,2012,0.09647462170732189,0.22111613686307097,
317,2013,0.3430553741215037,0.31390634292502784,
317,2014,0.235890260344526,0.2862764482837662,
317,2015,0.17336558718015455,0.20834674391047137,
317,2016,0.23479331874715414,0.4065009961099291,
317,2017,0.0472586223610162,0.44053769150514893,
317,2018,0.14280092468741656,0.29235810406812696,
317,2019,0.19849504348889518,0.26519563252848755,
317,2020,0.1972571153806851,0.28301141014060927,
317,2021,0.0982801978479912,0.3903528624253865,
317,2022,0.15143183891761586,0.4259222440489079,
317,2023,0.011570042383258516,0.3222877132353485,
317,2024,0.012818224471617607,0.4096372825520564,
318,2012,0.09647462170732189,0.0896639770702217,
318,2014,,0.0779297043732948,
318,2015,0.3052546699100312,0.07689458411762214,
318,2016,,0.2234778637684474,
318,2017,0.3061772771808972,0.36364310738752675,
318,2018,0.09021091751750734,0.2742829688920707,
318,2019,0.23482495447945156,0.33625451377433935,
318,2020,0.3176474338918349,0.37396022872774975,
318,2021,0.2893985413266317,0.4118451239073639,
318,2022,0.28996017522634715,0.4035852356065129,
318,2023,0.011570042383258516,0.4143620269896897,
318,2024,0.24397801889341883,0.39504197673392144,
319,2010,0.05785004632619019,,
319,2013,,0.15322021902594116,
319,2014,0.07253077726396527,0.20938186416614404,
319,2015,0.010006104099593814,0.28524132802809354,
319,2016,0.3303524904864744,0.1981542521994577,
319,2017,,0.30908553171229963,
319,2018,0.09021091751750734,0.3088594096387517,
319,2019,0.3807188251147582,0.29687666773583127,
319,2020,0.1972571153806851,0.36470739955005843,
319,2021,0.0,0.31721375506748056,
319,2022,0.28996017522634715,0.3690087948598318,
319,2023,0.35715330708968224,0.2829098671968404,
319,2024,0.13320854298276733,0.20129053864158503,
320,2006,0.24096347824573938,0.20799363477464688,
320,2008,0.2707429813361786,,
320,2009,0.17356264359918866,0.22406560278313548,
320,2010,0.05785004632619019,0.15936154038838526,
320,2011,,0.15114554032312608,
320,2012,0.19203379344664215,0.26343428023401205,
320,2013,0.17969589104094302,0.36156696293641255,
320,2014,0.07253077726396527,0.20938186416614404,
320,2015,0.3052546699100312,0.4459274519271802,
320,2016,0.5514819236710763,0.48638218335414596,
320,2017,0.39284188706743994,0.38598011582992175,
320,2018,0.38545948332794466,0.46264857787399594,
320,2019,0.36185452656945594,0.37857265714528043,
320,2020,0.5139457203046073,0.47083594777391796,
320,2021,0.39352876365842854,0.4697593425905836,
320,2022,0.4398486824442408,0.5773555387703032,
320,2023,0.2953198439749691,0.522563222937261,
320,2024,0.42162538650939224,0.5733100095777377,
321,2000,0.16335948308056072,,
321,2006,0.24096347824573938,,
321,2007,0.3929049432005345,0.170608741914786,
321,2008,0.2707429813361786,0.39017002586768856,
321,2009,0.4797749497524441,0.22406560278313548,
321,2010,0.05785004632619019,0.15936154038838526,
321,2011,0.4018924566328697,0.3118316642222127,
321,2012,0.42319358786844335,0.3525682966559202,
321,2013,0.37938528511206016,0.31390634292502784,
321,2014,0.39924974342508673,0.3408340239589933,
321,2015,0.585613363843397,0.5533417364592038,
321,2016,0.580376583453578,0.6348288749489467,
321,2017,0.5976549158855564,0.5639186170894392,
321,2018,0.6499237567427864,0.4888481511807016,
321,2019,0.6733631885592462,0.5192776461158211,
321,2020,0.7106891020642582,0.7282429149416415,
321,2021,0.6887773294688659,0.6332760470825389,
321,2022,0.5961724813796027,0.46963999066571627,
321,2023,0.47017809127425664,0.4960580163991389,
321,2024,0.4823900137054339,0.5339321635392297,0.21871273572637256
322,1999,0.10498862087105432,0.1395776537729733,
322,2001,,0.19802334353345502,
322,2002,0.20559727850311607,,
322,2004,0.10031708220978383,,
322,2005,0.24367283564486977,0.18109992914194553,
322,2007,,0.24750332603240816,
322,2008,0.20294266999493807,0.27869900100338535,
322,2009,0.17356264359918866,0.26638374615407656,
322,2010,0.22120952940675093,0.21391911606361239,
322,2011,,0.35949228423359747,
322,2012,0.3553932765272029,0.3525682966559202,
322,2013,0.30008620955209275,0.38154809786495875,
322,2014,0.235890260344526,0.3408340239589933,
322,2015,0.3367250702607153,0.45474975792554523,
322,2016,0.45074280899762414,0.6671340864050306,
322,2017,0.5736669825932549,0.7473339840672202,
322,2018,0.6947128370438121,0.7787888972010159,
322,2019,0.6456043281611664,0.6484585766180733,
322,2020,0.6195352532811268,0.629967592649606,
322,2021,0.6839178188289938,0.6353715974545543,
322,2022,0.6032081655248015,0.5310447136318015,
322,2023,0.6335375743548174,0.5564512949461363,
322,2024,0.577949185444754,0.5578831849496491,
323,1999,0.009429449131734064,0.1395776537729733,
323,2003,0.09576104413928568,0.15991654516879,
323,2007,0.13398628838065355,0.5873022297357288,
323,2008,0.32333298850608777,0.49928517721814275,
323,2009,0.4324812984190696,0.4984671017528103,
323,2010,0.4123278728853914,0.45149982408032113,
323,2011,0.42965131703094944,0.537430785493115,
323,2012,0.42319358786844335,0.5686567431906516,
323,2013,0.438614545860824,0.6396510121588301,
323,2014,0.39924974342508673,0.5850696386225801,
323,2015,0.3893150774306246,0.7341553830818685,
323,2016,0.46595311316895544,0.7729359413886737,
323,2017,0.5819372317203636,0.895287449430694,
323,2018,0.46951989084853807,0.9082412629374653,
323,2019,0.4296548379106964,0.8490318807476467,
323,2020,0.6128959997022723,0.8311570577544014,
323,2021,0.6225748406283025,0.9240548598701069,
323,2022,0.511089608410949,0.8426157318698507,
323,2023,0.5016484916249407,0.8730492006532486,
323,2024,0.5028966737132998,0.8637474264512431,
324,2000,0.0,,
324,2002,,0.1363481451838358,
324,2003,0.09576104413928568,,
324,2007,0.13398628838065355,0.34437904507857636,
324,2008,,0.2363808576324443,
324,2009,0.0780034718598684,0.3778547710183798,
324,2010,0.05785004632619019,0.2562372594345535,
324,2011,0.23853297355230899,0.3794734191621436,
324,2012,,0.26343428023401205,
324,2013,0.30008620955209275,0.25009593807210934,
324,2014,0.07253077726396527,0.20938186416614404,
324,2015,0.3367250702607153,0.35497863334003965,
324,2016,0.5185431203388647,0.48638218335414596,
324,2017,0.4417778998633782,0.4482793941294089,
324,2018,0.22210000024738397,0.5063663244908043,
324,2019,0.36185452656945594,0.35859152221673435,
324,2020,0.3176474338918349,0.2970656446101276,
324,2021,0.4097888598377814,0.37453992559256755,
324,2022,0.23073091447758326,0.301367039919901,
324,2023,0.4465906303232134,0.25122883198949664,
324,2024,0.3190305306248731,0.31040568999203927,
325,2008,,0.2363808576324443,
325,2012,0.09647462170732189,0.26343428023401205,
325,2013,,0.07632563490831899,
325,2014,,0.0779297043732948,
325,2015,0.010006104099593814,0.17377030316379033,
325,2016,0.2711232297377105,0.3003724478860696,
325,2017,0.3534709285142717,0.2545279560370725,
325,2018,0.18577008925682756,0.2742829688920707,
325,2019,0.0,0.35859152221673435,
325,2020,0.1972571153806851,0.32238925617911735,
325,2021,0.030479886506750712,0.577308462093838,
325,2022,0.28996017522634715,0.45814281128174,
325,2023,0.21125943645437564,0.4537398730281978,
325,2024,0.24397801889341883,0.35272383336298035,
326,2015,0.010006104099593814,,
326,2018,,0.0,
326,2020,,0.0049273609181916984,
326,2023,0.0,,
327,2015,0.10556527583891406,,
327,2017,,0.0,
327,2019,,0.0,
327,2023,0.0,0.0,
327,2024,0.012818224471617607,,
328,2007,,0.24750332603240816,
328,2014,,0.15482428849091692,
328,2015,0.3367250702607153,0.13145215979284924,
328,2016,0.0,0.24581487221084244,
328,2017,,0.23219094759467748,
328,2018,0.25357040059806807,0.17740724984590242,
328,2019,0.03513556040833445,0.11566833755958192,
328,2020,0.2335870263712415,0.3101498238748313,
328,2021,0.1508702050179004,0.25115900000827723,
328,2022,0.19440100348702688,0.2556317702430389,
328,2023,0.07937035372449902,0.10170153702059107,
328,2024,0.13320854298276733,0.12439595452396285,
329,2005,,0.2579945132595677,
329,2006,,0.5901106818489087,
329,2007,0.3499357786311235,0.5527257889890478,
329,2008,0.10738349825561784,0.27869900100338535,
329,2009,0.0780034718598684,0.26638374615407656,
329,2011,0.07517349047174823,0.15114554032312608,
329,2012,0.19203379344664215,,
329,2013,,0.38154809786495875,
329,2014,0.16808994900328553,,
329,2015,0.26892475891947476,0.42694708649277774,
329,2016,0.4344827128182713,0.37726703200369166,
329,2017,0.3061772771808972,0.36364310738752675,
329,2018,0.18577008925682756,0.3511775530096928,
329,2019,0.29405421522821545,0.29687666773583127,
329,2020,0.2650574267219256,0.3338864355630936,
329,2021,0.39352876365842854,0.3280535841258993,
329,2022,0.5006133096402824,0.5982825378992244,
329,2023,0.47017809127425664,0.435071168106086,
329,2024,0.3921271978026483,0.25584811431681215,
330,2007,0.29734577146121427,0.3789554858252574,
330,2010,,0.0824669562707631,
330,2011,0.07517349047174823,,
330,2012,0.19203379344664215,,
330,2013,,0.15322021902594116,
330,2014,,0.0779297043732948,
330,2015,0.3893150774306246,0.40585365876252405,
330,2016,0.3981528018277149,0.46771347843203415,
330,2017,0.2106181054415769,0.5466662397290085,
330,2018,0.40171957950729753,0.5224022423946348,
330,2019,0.29405421522821545,0.5237400962163485,
330,2020,0.42841690980248637,0.4653385953559429,
330,2021,0.3366921926600062,0.4647018327641604,
330,2022,0.28996017522634715,0.5642713595055996,
330,2023,0.24272983680505975,0.5697652081929584,
330,2024,0.29656802606332816,0.6008431068655447,
331,2003,0.09576104413928568,,
331,2007,,0.170608741914786,
331,2008,,0.10492869783959502,
331,2009,,0.09261344299028619,
331,2011,,0.07425095620550394,
331,2015,0.17336558718015455,,
331,2016,0.13923414700783393,0.2234778637684474,
331,2017,0.1150589337022567,0.14305693117276932,
331,2018,0.02241060617626685,0.0,
331,2019,0.19849504348889518,0.11566833755958192,
331,2020,0.033897632300124395,0.0,
331,2021,0.0,,
331,2022,0.0,0.06378633190319219,
331,2024,0.0,0.04750137040634072,
332,2006,,0.20799363477464688,
332,2007,0.13398628838065355,,
332,2008,0.2707429813361786,,
332,2010,0.05785004632619019,,
332,2011,0.07517349047174823,,
332,2013,0.17969589104094302,,
332,2014,0.28848026751443523,,
332,2015,0.17336558718015455,,
332,2016,0.07143383566659343,0.0,
332,2017,0.16764894087216592,0.04618121212660111,
332,2018,0.28132926099614786,,
332,2019,0.15552587891948416,0.0,
332,2020,0.1972571153806851,,
332,2021,,0.0,
332,2022,0.09884183174770665,,
332,2024,0.0,0.0,0.21871273572637256
333,2005,0.14811366390554953,,
333,2006,,0.20799363477464688,
333,2008,0.32333298850608777,0.18182328195721717,
333,2009,0.4047224380209899,,
333,2010,0.31676870114607114,0.21391911606361239,
333,2011,,0.07425095620550394,
333,2013,0.2474962023821835,0.07632563490831899,
333,2014,0.39924974342508673,0.15482428849091692,
333,2015,0.3893150774306246,0.07689458411762214,
333,2016,0.13923414700783393,,
333,2017,0.0472586223610162,,
333,2018,0.0,,
333,2019,0.10293587174957496,0.0,
333,2020,0.1542879508112741,,
333,2021,0.0982801978479912,0.0,
333,2022,0.031041520406466152,,
333,2023,0.011570042383258516,0.004825817974422859,
333,2024,0.0806185358128581,,
334,2008,0.20294266999493807,0.10492869783959502,
334,2012,,0.0896639770702217,
334,2014,,0.0779297043732948,
334,2015,0.010006104099593814,,
334,2016,0.07143383566659343,,
334,2018,0.02241060617626685,,
334,2019,0.10293587174957496,,
334,2024,0.17617770755217832,,
335,2010,0.05785004632619019,,
335,2014,0.07253077726396527,,
335,2023,0.0,,
335,2024,0.012818224471617607,,
336,2011,0.07517349047174823,,
336,2013,0.08413671930162277,,
336,2015,0.17336558718015455,,
336,2016,0.0,,
336,2017,0.0,0.0,0.5175336540427008
336,2018,0.0,,
336,2019,,0.018792618513413722,
336,2020,,0.0,
336,2021,0.030479886506750712,,
336,2022,0.031041520406466152,0.0,
336,2023,,0.0,
336,2024,0.012818224471617607,0.0,
337,2023,0.011570042383258516,,
337,2024,0.012818224471617607,,
338,2012,0.09647462170732189,,
338,2013,,0.07632563490831899,
338,2014,0.07253077726396527,,0.11625441398710193
338,2015,0.17336558718015455,,
338,2016,0.07143383566659343,,
338,2017,0.16764894087216592,,
338,2018,0.14280092468741656,,
338,2019,0.0,0.0,
338,2020,0.033897632300124395,0.0049273609181916984,
338,2021,0.0,0.0,
338,2022,0.031041520406466152,0.0,
338,2024,0.0,0.0,
339,2006,0.14540430650641914,,
339,2011,0.07517349047174823,,
339,2013,,0.07632563490831899,
339,2014,0.16808994900328553,0.15482428849091692,
339,2015,0.17336558718015455,0.07689458411762214,
339,2016,0.13923414700783393,0.03746812830037104,
339,2017,0.0,0.04618121212660111,
339,2018,,0.04595509005305316,
339,2019,0.15552587891948416,0.0,
339,2020,,0.1018030799643599,
339,2021,0.0,0.0,
339,2022,0.031041520406466152,0.10610447527413328,
339,2023,0.0,0.0,
339,2024,0.012818224471617607,,
340,2006,0.14540430650641914,,
340,2008,0.32333298850608777,,
340,2012,0.09647462170732189,,
340,2016,0.0,,
340,2017,0.0,,
340,2021,0.030479886506750712,,
340,2024,0.0,,
341,2011,0.17073266221106848,,
341,2012,0.19203379344664215,,
341,2016,0.07143383566659343,0.0,
341,2017,,0.0,
341,2018,0.02241060617626685,0.0,
341,2019,0.34134786656158994,0.07335019418864083,
341,2020,0.1972571153806851,0.0049273609181916984,
341,2021,0.4097888598377814,0.11970684021542793,
341,2022,0.4255607979088281,,
341,2023,0.24272983680505975,0.05938339364964997,
341,2024,0.37586710162329545,0.25584811431681215,0.27187872856642376
342,1999,0.009429449131734064,,
342,2013,0.08413671930162277,,
342,2015,0.010006104099593814,,
342,2017,0.0472586223610162,,
342,2019,0.0,,
342,2020,0.0,0.059484936593418816,
342,2024,0.0,,
343,1999,0.009429449131734064,,
343,2009,0.0780034718598684,,
343,2011,0.17073266221106848,,
343,2012,0.4757835950383526,,0.14507435921507697
343,2016,0.0,,
343,2021,0.030479886506750712,,
343,2023,0.07937035372449902,,
343,2024,0.0,,
344,2010,0.05785004632619019,0.0824669562707631,
344,2016,0.07143383566659343,0.0,
344,2017,0.16764894087216592,0.0,
344,2018,0.25357040059806807,0.0,
344,2019,0.23482495447945156,0.07335019418864083,
344,2020,0.1542879508112741,,
344,2021,0.2893985413266317,,0.16732585800759675
344,2022,0.19440100348702688,0.1406809160208143,
344,2023,0.17492952546381924,,
344,2024,0.0806185358128581,,
345,1999,,0.27102981356582256,
345,2012,0.09647462170732189,,
345,2013,0.17969589104094302,,
345,2015,0.010006104099593814,,
345,2016,0.23479331874715414,,
345,2017,0.1150589337022567,,
345,2018,0.14280092468741656,,
345,2019,0.03513556040833445,,
345,2020,0.1972571153806851,,
345,2021,0.0982801978479912,,
345,2022,0.031041520406466152,,
345,2023,0.21125943645437564,,
345,2024,0.17617770755217832,,
347,1999,0.10498862087105432,,
347,2000,0.0,,
347,2002,0.042237795422555326,,
347,2004,0.19587625394910407,,
347,2007,0.460705254541775,0.6253584998403312,
347,2008,0.4866924715866486,0.7264240529207172,
347,2009,0.5366115207508665,0.7613714213385089,
347,2010,0.437159019657221,0.6197727748261365,
347,2011,0.4974516283721899,0.6516305679255334,
347,2012,0.672081881451125,0.7409037821083415,
347,2013,0.574215168543305,0.569913706846884,
347,2014,0.6944983092355241,0.5569224704937248,
347,2015,0.7330784264054336,0.6659483657888814,
347,2016,0.7999242797202906,0.6782276216939928,
347,2017,0.8297631136641609,0.7275269155841638,
347,2018,0.685469381099008,0.7391047597704148,
347,2019,0.7563738040718179,0.7462460540504705,
347,2020,0.8047613419556454,0.7296322645918182,
347,2021,0.8294336975370467,0.7538883778169695,
347,2022,0.7989029230133317,0.7380416626693899,
347,2023,0.7470961705821547,0.6717153538292243,
347,2024,0.8551821317548935,0.7017755662439923,
348,1999,0.1727889322122948,,
348,2000,0.0,,
348,2001,0.2395041317197098,0.12112875941583287,
348,2002,0.2581872856730253,,
348,2003,0.19132021587860593,0.15991654516879,
348,2004,0.10031708220978383,0.18153018937410545,
348,2005,0.4070323187254305,,
348,2006,0.24096347824573938,0.20799363477464688,
348,2007,0.48846411493985475,0.633788571202397,
348,2008,0.7118854177819226,0.7115422736658619,
348,2009,0.6206719282714599,0.6184220821616833,
348,2010,0.7038055115900507,0.7539935294688456,
348,2011,0.4974516283721899,0.7961669069830865,
348,2012,0.5550826705983201,0.8692722092569558,
348,2013,0.438614545860824,0.7918123130680758,
348,2014,0.667789240845466,0.7775086467084822,
348,2015,0.6559615693634544,0.8665927158904574,
348,2016,0.7297312786287086,0.8858546479321218,
348,2017,0.639353576482568,0.8916612322777409,
348,2018,0.6553418784906437,0.9161169432282283,
348,2019,0.6680668327227114,0.897132819923744,
348,2020,0.7694237604990205,0.9080516418720235,
348,2021,0.7027821173742961,0.8864528304115262,
348,2022,0.7927810745075426,0.8977577313636618,
348,2023,0.7539278928659672,0.9041297750559053,
348,2024,0.7924659787839295,0.9319010450731615,
349,1999,0.10498862087105432,0.1395776537729733,
349,2000,0.0,,
349,2006,0.14540430650641914,,
349,2007,0.4292348541910909,0.5649652212933338,
349,2008,0.5822516433259688,0.7621894968038413,
349,2009,0.3732520376703058,0.6607402255326243,
349,2010,0.2737995365766602,0.6966673589437585,
349,2011,0.454482463802779,0.7511963374513987,
349,2012,0.39172318751775925,0.8136754782198193,
349,2013,0.2474962023821835,0.6444524174506572,
349,2014,0.16808994900328553,0.36317103240138837,
349,2015,0.43228424200003557,0.35497863334003965,
349,2016,0.3303524904864744,0.46105857178515625,
349,2017,0.4265675956920469,0.6265474269732253,
349,2018,0.22210000024738397,0.6009976933306878,
349,2019,0.4937436092993326,0.6106560127440142,
349,2020,0.5765660887117159,0.6345933190228512,
349,2021,0.48908793539774886,0.5986996063358578,
349,2022,0.33725382655972164,0.6434102938295067,
349,2023,0.39087901571428924,0.5632250642600499,
349,2024,0.4823900137054339,0.5610705772734517,
350,2001,0.023554641469239832,,
350,2005,,0.18109992914194553,
350,2006,0.14540430650641914,0.20799363477464688,
350,2007,0.29734577146121427,,
350,2008,0.20294266999493807,0.3678330174252935,
350,2009,0.17356264359918866,,
350,2011,0.07517349047174823,0.15114554032312608,
350,2012,0.19203379344664215,0.3525682966559202,
350,2013,0.08413671930162277,0.15322021902594116,
350,2014,,0.15482428849091692,
350,2015,0.10556527583891406,0.23758070801670877,
350,2016,0.19182415417774315,0.2234778637684474,
350,2017,0.1150589337022567,0.3242652613490187,
350,2018,0.09021091751750734,0.29235810406812696,
350,2019,0.19849504348889518,0.3966477923213368,
350,2020,0.10169794364136489,0.514234694518964,
350,2021,0.030479886506750712,0.3661098542305018,
350,2022,0.15143183891761586,0.4035852356065129,
350,2023,0.13196036089440824,0.35487832034957845,
350,2024,0.29656802606332816,0.35272383336298035,
351,2010,0.05785004632619019,,
351,2016,,0.09202570397559816,
351,2017,0.0,0.04618121212660111,
351,2018,0.02241060617626685,0.0,
351,2020,0.0,,
351,2021,0.0,0.0428122560978058,
351,2022,0.0,,
351,2024,0.0,,
352,2000,0.0,,
352,2007,0.13398628838065355,,
352,2011,,0.07425095620550394,
352,2013,0.08413671930162277,0.07632563490831899,
352,2017,0.0,0.0,
352,2018,,0.04595509005305316,
352,2019,,0.018792618513413722,
352,2020,0.1972571153806851,0.0049273609181916984,
352,2021,0.0,0.0,
352,2022,0.09884183174770665,0.0,
352,2024,0.0,0.0,
353,2007,,0.170608741914786,
353,2009,0.0780034718598684,,
353,2010,,0.0824669562707631,
353,2012,0.09647462170732189,,
353,2013,,0.07632563490831899,
353,2014,,0.0779297043732948,
353,2015,0.10556527583891406,0.2629043195856985,
353,2016,0.07143383566659343,0.1689202880932203,
353,2017,0.3061772771808972,0.20686733602568777,
353,2018,0.25357040059806807,0.4149879578626112,
353,2019,0.31888536200004497,0.35859152221673435,
353,2020,0.2928162871200054,0.36470739955005843,
353,2021,0.31422968809846125,0.30571657568350435,
353,2022,0.4255607979088281,0.37826162403752317,
353,2023,0.35715330708968224,0.19083555344249922,
353,2024,0.33953719063273907,0.22127167357013114,
354,2004,0.10031708220978383,,
354,2006,0.14540430650641914,,
354,2007,0.3499357786311235,0.3020609017076353,
354,2008,0.4026320640660552,0.3132754417500664,
354,2009,0.5680819211015506,0.16950802710790835,
354,2010,0.5756873559659521,0.2562372594345535,
354,2011,0.5500416355420992,0.07425095620550394,
354,2012,0.45095244826652314,0.22111613686307097,
354,2013,0.5252791557473667,0.07632563490831899,
354,2014,0.33144943208384625,0.20938186416614404,
354,2015,0.3367250702607153,0.20834674391047137,
354,2016,0.3981528018277149,0.24581487221084244,
354,2017,0.2784184167828174,0.2545279560370725,
354,2018,0.46951989084853807,0.17740724984590242,
354,2019,0.31888536200004497,0.20480235398149008,
354,2020,0.42841690980248637,0.2132741048286631,
354,2021,0.39352876365842854,0.17426441589065506,
354,2022,0.28996017522634715,0.10610447527413328,
354,2023,0.2953198439749691,0.05938339364964997,
354,2024,0.17617770755217832,0.0,
355,1999,0.009429449131734064,,
355,2007,0.13398628838065355,,
355,2008,0.32333298850608777,,
355,2009,0.0780034718598684,0.09261344299028619,
355,2010,0.05785004632619019,0.0824669562707631,
355,2012,0.19203379344664215,,
355,2013,0.2474962023821835,,
355,2015,0.10556527583891406,0.0,
355,2016,0.13923414700783393,0.03746812830037104,0.3778608429750314
355,2017,,0.10073878780182823,
355,2018,0.25357040059806807,0.20664121395213983,
355,2019,0.03513556040833445,0.07335019418864083,
355,2020,0.033897632300124395,0.059484936593418816,
355,2021,0.31422968809846125,0.08513039946874688,
355,2022,0.33725382655972164,0.2175755001384365,
355,2023,0.17492952546381924,0.05938339364964997,
355,2024,0.012818224471617607,0.04750137040634072,
356,2009,,0.09261344299028619,
356,2014,0.07253077726396527,,
356,2015,0.010006104099593814,,
356,2016,0.0,0.03746812830037104,
356,2017,0.0472586223610162,,
356,2019,0.03513556040833445,0.018792618513413722,
356,2020,0.10169794364136489,0.059484936593418816,
356,2021,0.1508702050179004,,
356,2022,0.0,0.16991488012705172,
356,2023,0.07937035372449902,0.19083555344249922,
356,2024,0.012818224471617607,,0.14377947745675101
357,2007,0.2295454601199738,0.170608741914786,
357,2010,0.437159019657221,0.509414042763541,
357,2011,0.4974516283721899,0.6115567747608772,
357,2012,0.3553932765272029,0.37490530509831527,
357,2013,0.48590819719419853,0.15322021902594116,
357,2014,0.28848026751443523,0.15482428849091692,0.11625441398710193
357,2015,0.540585863778869,0.6947775370433603,
357,2016,0.7199099443818169,0.7477990805773131,
357,2017,0.46953676026145785,0.6994493293232869,
357,2018,0.40171957950729753,0.6512741531461805,
357,2019,0.4144445337393652,0.6507298059086702,
357,2020,0.3176474338918349,0.6680238627542082,
357,2021,0.1508702050179004,0.6588628722663666,0.16732585800759675
357,2022,0.33725382655972164,0.7072206986824251,
357,2023,0.07937035372449902,0.6519427350063984,0.2919243946116431
357,2024,0.13320854298276733,0.6541149462326077,0.21871273572637256
358,2000,0.09555917173932021,,
358,2002,0.13779696716187556,,
358,2006,0.24096347824573938,,
358,2009,0.0780034718598684,0.09261344299028619,
358,2012,0.19203379344664215,,
358,2015,0.10556527583891406,,
358,2016,0.13923414700783393,,
358,2017,0.1150589337022567,0.0,0.21107958376811917
358,2019,0.0,,0.2449101702225138
358,2020,,0.0,
358,2021,0.19383936958731143,,
358,2022,0.0,,
358,2023,0.0,0.0,
358,2024,0.0,,
359,2012,0.09647462170732189,,
359,2015,0.10556527583891406,0.0,
359,2017,0.1150589337022567,0.04618121212660111,
359,2018,0.09021091751750734,,
359,2020,0.0,0.0,
359,2022,0.0,,
359,2024,0.0,,
360,2007,0.13398628838065355,,
360,2012,0.09647462170732189,,
360,2013,,0.07632563490831899,
360,2015,0.10556527583891406,0.13145215979284924,
360,2016,0.07143383566659343,0.03746812830037104,
360,2017,,0.04618121212660111,
360,2018,0.18577008925682756,0.20664121395213983,
360,2019,0.19849504348889518,0.3477516931583156,
360,2020,0.42841690980248637,0.13637952071104095,
360,2021,0.5105279745112336,0.3383071827977343,
360,2022,0.26220131482826736,0.38708393003588815,
360,2023,0.317782348536514,0.25122883198949664,
360,2024,0.29656802606332816,0.27102784395353113,
361,2006,,0.20799363477464688,
361,2011,0.07517349047174823,,
361,2015,0.17336558718015455,0.0,
361,2016,0.23479331874715414,0.1689202880932203,
361,2017,0.16764894087216592,0.0,
361,2018,0.22210000024738397,0.04595509005305316,
361,2019,0.36185452656945594,0.17947874241250036,
361,2020,0.1972571153806851,0.1018030799643599,
361,2021,0.26163968092855194,0.0,
361,2022,0.23073091447758326,0.19523849169604143,
361,2023,0.24272983680505975,0.21317256188489428,
361,2024,0.17617770755217832,0.0,
362,2011,0.07517349047174823,,
362,2013,0.17969589104094302,,
362,2014,0.16808994900328553,,
362,2016,0.355183637258304,,
362,2017,0.16764894087216592,,
362,2018,0.09021091751750734,,
362,2019,0.03513556040833445,0.0,
362,2020,0.2650574267219256,,
362,2021,0.45275802440719237,,
362,2022,0.4103504937374969,0.0,
362,2023,0.2704886972031395,,
362,2024,0.17617770755217832,0.0,
363,2002,,0.1363481451838358,
363,2015,0.010006104099593814,,
363,2016,0.13923414700783393,,
363,2017,0.2106181054415769,0.4240363859345242,
363,2018,,0.6292616022321103,
363,2019,0.26629535483013567,0.5446012576848108,
363,2020,0.10169794364136489,0.5008423992172766,
363,2021,0.2301692805778678,0.43114774155022706,
363,2022,0.33725382655972164,0.2175755001384365,
363,2023,0.24272983680505975,0.10170153702059107,
363,2024,0.13320854298276733,0.12439595452396285,
364,2009,0.0780034718598684,,
364,2020,0.0,,
366,2003,,,0.09888210037879513
366,2019,0.0,,
367,2002,0.042237795422555326,,
367,2010,0.05785004632619019,,
367,2011,0.17073266221106848,,
367,2012,0.09647462170732189,,
367,2019,,,0.16997691195289227
367,2022,0.0,,
367,2023,0.17492952546381924,,
367,2024,0.0,0.0,
368,1999,0.10498862087105432,,
368,2018,,0.0,
368,2021,0.0,,
368,2023,0.0,,
369,2005,0.14811366390554953,,
369,2006,,0.20799363477464688,
369,2007,0.2295454601199738,0.24750332603240816,
369,2008,0.10738349825561784,0.3132754417500664,
369,2009,0.24136295494042914,0.3009601869007576,
369,2010,0.05785004632619019,0.2562372594345535,
369,2011,0.23853297355230899,0.3371552757912024,
369,2012,0.45095244826652314,0.39488644002686135,
369,2013,0.08413671930162277,0.20777779470116828,
369,2014,0.33144943208384625,0.38315216732993446,
369,2015,0.3893150774306246,0.43667462274948887,
369,2016,0.3776461418198489,0.4395663103031789,
369,2017,0.0472586223610162,0.38598011582992175,
369,2018,0.28132926099614786,0.532385883185942,
369,2019,0.3981844375600123,0.5365300234762519,
369,2020,0.37948089700654813,0.610246424011319,
369,2021,0.26163968092855194,0.6012115023834329,
369,2022,0.4103504937374969,0.5350373953993621,
369,2023,0.43384818028370015,0.5665233278989352,
369,2024,0.3584014891780414,0.5762503069101708,
370,2013,,0.07632563490831899,
370,2015,0.010006104099593814,,
370,2016,,0.0,
370,2017,0.0,,
370,2018,0.0,0.0,
370,2019,0.03513556040833445,,
370,2022,0.0,,
370,2023,,0.0,
371,2014,0.07253077726396527,0.0779297043732948,
371,2017,,0.0,
371,2018,,0.0,
371,2019,0.0,0.018792618513413722,
371,2020,0.0,0.23325523975720924,
371,2022,,0.0,
371,2023,0.0,0.10170153702059107,
371,2024,,0.04750137040634072,
372,2004,0.10031708220978383,0.18153018937410545,
372,2005,0.14811366390554953,0.18109992914194553,
372,2006,0.14540430650641914,0.20799363477464688,
372,2007,0.3499357786311235,0.47583120487142566,
372,2008,0.4866924715866486,0.47396156564915304,
372,2009,0.5002816097603101,0.4984671017528103,
372,2010,0.5479284955678724,0.561459722391193,
372,2011,0.42965131703094944,0.4909444440264467,
372,2012,0.31242411195779185,0.544413734995767,
372,2013,0.5590048643719737,0.43130426824835866,
372,2014,0.28848026751443523,0.523857156300475,
372,2015,0.6052645676810944,0.581842061820557,
372,2016,0.5410056249004096,0.6055949108427091,
372,2017,0.7240500921251499,0.6174427004028636,
372,2018,0.6443781381478257,0.6756210481577127,
372,2019,0.6934330033704497,0.7183715608486011,
372,2020,0.7106891020642582,0.7455559109310196,
372,2021,0.8013435961622718,0.7893921816783033,
372,2022,0.6795176291216894,0.7433841393098336,
372,2023,0.7364622804207129,0.7993744796032888,
372,2024,0.7067574672314535,0.7398318363485948,
373,2007,0.3499357786311235,0.3020609017076353,
373,2008,0.32333298850608777,0.3132754417500664,
373,2009,0.17356264359918866,,
373,2010,0.3845690124873117,0.15936154038838526,
373,2011,0.17073266221106848,,
373,2012,0.3553932765272029,0.2980107209806931,
373,2013,0.37938528511206016,0.20777779470116828,
373,2014,0.235890260344526,0.15482428849091692,0.1911876722567235
373,2015,0.17336558718015455,0.07689458411762214,
373,2016,0.13923414700783393,0.2234778637684474,
373,2017,0.16764894087216592,0.17763337191945036,
373,2018,0.32862291232952234,0.14283080909922138,
373,2019,0.10293587174957496,0.20480235398149008,
373,2020,0.1542879508112741,0.13637952071104095,
373,2021,0.3571988526678722,0.08513039946874688,
373,2022,0.23073091447758326,0.06378633190319219,
373,2023,0.2953198439749691,0.004825817974422859,0.44179091115088626
373,2024,0.012818224471617607,0.08981951377728181,
374,2007,0.29734577146121427,0.34437904507857636,
374,2008,0.2707429813361786,0.10492869783959502,
374,2009,0.17356264359918866,,
374,2011,0.17073266221106848,,
374,2012,0.09647462170732189,,
374,2013,0.08413671930162277,0.07632563490831899,
374,2014,,0.0779297043732948,
374,2015,0.22595559435006377,,
374,2016,0.23479331874715414,0.13434384734653923,
374,2017,0.0,0.0,
374,2018,0.30616040776797737,0.20664121395213983,
374,2019,,0.2816969380991122,
374,2020,0.2650574267219256,0.2678316805038902,
374,2021,0.030479886506750712,0.11970684021542793,
374,2022,0.09884183174770665,0.10610447527413328,
374,2023,0.21125943645437564,0.2331536968134404,
374,2024,0.3190305306248731,0.08981951377728181,
375,2009,0.0780034718598684,,
375,2010,0.05785004632619019,,
375,2011,0.07517349047174823,,
375,2015,,0.07689458411762214,
375,2016,0.07143383566659343,0.09202570397559816,
375,2017,,0.04618121212660111,
375,2018,0.0,0.10051266572828028,
375,2019,0.03513556040833445,0.018792618513413722,0.16997691195289227
375,2020,,0.13637952071104095,
375,2021,0.0,0.14894080432166534,
375,2022,0.031041520406466152,0.0,
375,2023,0.0,0.004825817974422859,
375,2024,,0.08981951377728181,
376,2000,0.16335948308056072,,
376,2004,,0.18153018937410545,
376,2006,0.14540430650641914,,
376,2007,0.4292348541910909,0.24750332603240816,
376,2008,0.10738349825561784,,
376,2009,0.0780034718598684,0.09261344299028619,
376,2010,0.15340921806551044,,
376,2013,0.08413671930162277,,
376,2015,0.3052546699100312,0.23758070801670877,
376,2016,0.3776461418198489,0.35493002356129666,
376,2017,0.4265675956920469,0.3962337145017567,
376,2018,0.38545948332794466,0.4149879578626112,
376,2019,0.34134786656158994,0.5365300234762519,
376,2020,0.3401099384533799,0.45384141597196664,
376,2021,0.37606315121317446,0.3661098542305018,
376,2022,0.31479132199817667,0.2175755001384365,
376,2023,0.2704886972031395,0.33378489261932476,
376,2024,0.2717368792914986,0.17895353019918997,
377,2000,0.09555917173932021,,
377,2008,,0.10492869783959502,
377,2009,,0.09261344299028619,
377,2010,0.05785004632619019,,
377,2012,0.31242411195779185,0.22111613686307097,
377,2013,,0.07632563490831899,0.3737993638077554
377,2014,0.07253077726396527,,
377,2015,0.10556527583891406,0.13145215979284924,
377,2016,0.19182415417774315,0.24581487221084244,
377,2017,0.48227921030097104,0.41521407993615916,
377,2018,0.4446887440767085,0.45549129906832,
377,2019,0.4144445337393652,0.4131490978919615,
377,2020,0.4810069169723956,0.5267433183220281,
377,2021,0.5808761800312909,0.4647018327641604,
377,2022,0.31479132199817667,0.4259222440489079,
377,2023,0.4060893198856205,0.44771887910207125,
377,2024,0.42162538650939224,0.31040568999203927,
378,2004,0.10031708220978383,,
378,2013,,0.07632563490831899,
378,2014,0.07253077726396527,,
378,2015,0.10556527583891406,,
378,2016,0.3303524904864744,0.0,
378,2017,0.1150589337022567,0.10073878780182823,
378,2018,0.02241060617626685,0.10051266572828028,
378,2019,0.03513556040833445,,
378,2020,0.033897632300124395,,0.4195066738790674
378,2021,0.0,,
378,2022,0.0,,
378,2023,0.011570042383258516,,0.16382514350197036
378,2024,0.0806185358128581,,
379,2012,0.19203379344664215,0.0896639770702217,
379,2013,0.08413671930162277,,
379,2014,0.07253077726396527,,
379,2015,0.010006104099593814,,
379,2016,0.19182415417774315,,
379,2017,0.16764894087216592,0.0,
379,2018,0.0,,
379,2019,0.23482495447945156,0.0,
379,2020,0.033897632300124395,0.0049273609181916984,
379,2021,0.2893985413266317,0.0,
379,2022,0.031041520406466152,,
379,2023,0.0,0.0,
379,2024,0.012818224471617607,,
380,2011,0.07517349047174823,,
380,2012,0.39172318751775925,0.26343428023401205,
380,2013,0.08413671930162277,,
380,2015,0.22595559435006377,,
380,2019,,0.0,
380,2020,0.10169794364136489,0.0,
380,2021,0.030479886506750712,0.0,
380,2022,0.031041520406466152,0.0,
380,2023,0.07937035372449902,0.05938339364964997,
380,2024,0.0,0.0,
381,2010,0.05785004632619019,,
381,2011,0.17073266221106848,,
381,2012,0.09647462170732189,,
381,2014,0.07253077726396527,,
381,2016,0.0,,
381,2017,,0.04618121212660111,
381,2018,,0.0,
381,2019,0.03513556040833445,0.018792618513413722,
381,2020,0.10169794364136489,0.23325523975720924,
381,2021,0.19383936958731143,0.1966014243330501,
381,2022,0.23073091447758326,0.16991488012705172,
381,2023,0.24272983680505975,0.004825817974422859,
381,2024,0.17617770755217832,0.0,0.14377947745675101
382,2017,0.0,,
383,2006,,,0.4564796634236152
383,2007,,,0.08347315840450058
383,2022,,,0.5880433512577588
384,1999,0.009429449131734064,,
384,2002,0.042237795422555326,,
384,2006,,,0.2752144194738912
384,2009,,0.09261344299028619,
384,2018,0.0,0.0,
384,2019,,0.07335019418864083,
384,2020,,0.0,
384,2021,,0.0,
384,2023,,,0.16382514350197036
385,1999,0.1727889322122948,,
385,2002,0.042237795422555326,,
385,2008,,,0.2543366921367188
385,2015,0.010006104099593814,,
385,2016,,,0.2212732892396929
385,2019,0.0,,
386,1999,0.6046879127132347,0.27102981356582256,
386,2000,0.2589186548198809,,
386,2001,0.2824732962891208,,
386,2002,0.20559727850311607,,
386,2010,,0.0824669562707631,
386,2012,0.09647462170732189,0.0896639770702217,
386,2013,,0.07632563490831899,
386,2014,0.07253077726396527,,
386,2015,0.3052546699100312,,
386,2016,0.0,0.13434384734653923,
386,2017,0.0472586223610162,,
386,2018,0.4169298836786288,0.04595509005305316,
386,2019,0.561543920640573,0.22713936242388513,
386,2020,0.6823737410153478,0.37396022872774975,
386,2021,0.500051675740567,0.17426441589065506,
386,2022,0.35776048656758763,,
386,2023,0.2953198439749691,0.1362779777672721,0.16382514350197036
386,2024,0.2717368792914986,0.08981951377728181,
387,2020,0.033897632300124395,,
387,2021,0.0,,
387,2022,0.19440100348702688,0.0,
387,2023,0.0,,
387,2024,,0.0,
389,2007,0.13398628838065355,0.170608741914786,
389,2015,,0.0,
389,2017,0.0,,
389,2018,0.09021091751750734,0.04595509005305316,
389,2019,0.0,0.07335019418864083,
389,2020,0.1972571153806851,0.19093709638626805,
389,2021,0.26163968092855194,0.08513039946874688,
389,2022,0.19440100348702688,0.06378633190319219,
389,2023,0.2704886972031395,0.1362779777672721,
389,2024,0.0,0.08981951377728181,
390,2010,0.05785004632619019,,
390,2011,0.07517349047174823,,
390,2012,,0.0896639770702217,
390,2014,0.07253077726396527,,
390,2015,0.010006104099593814,,
390,2016,0.0,0.0,
390,2018,0.02241060617626685,0.10051266572828028,
390,2019,0.10293587174957496,0.20480235398149008,
390,2020,0.1542879508112741,0.059484936593418816,
390,2021,0.2301692805778678,0.14894080432166534,
390,2022,0.19440100348702688,0.10610447527413328,
390,2023,0.17492952546381924,0.19083555344249922,
390,2024,0.0806185358128581,0.17895353019918997,
391,2010,,0.0824669562707631,
391,2011,,0.07425095620550394,
391,2015,0.010006104099593814,,
391,2016,,0.0,
391,2019,0.0,,
391,2020,0.10169794364136489,0.0,
391,2021,0.26163968092855194,0.17426441589065506,
391,2022,0.0,0.19523849169604143,
391,2023,0.011570042383258516,0.19083555344249922,
391,2024,0.0,,
392,2000,0.0,,
392,2006,0.14540430650641914,0.20799363477464688,
392,2007,,0.170608741914786,
392,2008,0.10738349825561784,0.3132754417500664,
392,2009,,0.16950802710790835,
392,2011,0.07517349047174823,0.15114554032312608,
392,2014,0.33144943208384625,0.3155104123900036,
392,2015,0.5751370650727303,0.48643079313288895,
392,2016,0.7344926105893346,0.5890936052720845,
392,2017,0.7195608532285614,0.6974210171647209,
392,2018,0.6658181772613105,0.6733222881449873,
392,2019,0.7450590913393077,0.691233147114379,
392,2020,0.6969564072228656,0.6391088985197333,
392,2021,0.7027821173742961,0.6353715974545543,0.2422591162772183
392,2022,0.5657201297658135,0.5608542331996785,
392,2023,0.7253258189883596,0.5632250642600499,
392,2024,0.6232869922244496,0.5903045413796892,
393,2007,0.13398628838065355,,
393,2009,,0.09261344299028619,
393,2011,0.17073266221106848,0.07425095620550394,
393,2012,0.19203379344664215,,
393,2013,,0.07632563490831899,
393,2014,0.07253077726396527,0.20938186416614404,
393,2015,0.22595559435006377,0.35497863334003965,
393,2016,0.5410056249004096,0.4237533734703599,
393,2017,0.5562013701480008,0.43246645729658995,
393,2018,0.685469381099008,0.4762004401847163,
393,2019,0.5348348522505149,0.4735423764389589,
393,2020,0.5917763928830472,0.49135815405108063,
393,2021,0.6579930370732703,0.5856154270711543,
393,2022,0.6294215914269817,0.480479819724135,
393,2023,0.6335375743548174,0.44771887910207125,
393,2024,0.5028966737132998,0.32190286937601553,
394,2012,0.09647462170732189,0.0896639770702217,
394,2013,0.08413671930162277,,
394,2015,0.010006104099593814,0.07689458411762214,
394,2016,0.3981528018277149,0.09202570397559816,
394,2017,0.3739775885221377,0.20686733602568777,
394,2018,0.7872309612205205,0.3511775530096928,
394,2019,0.6981943353310757,0.26519563252848755,0.16997691195289227
394,2020,0.5685762416594717,0.3338864355630936,0.2382414299293435
394,2021,0.9661900110907654,0.5328554513860788,0.16732585800759675
394,2022,0.5574498806387048,0.4187649652432319,
394,2023,0.6099501134037741,0.31004828093106246,
394,2024,0.5474968338309649,0.3327426984344342,
395,2011,,0.07425095620550394,
395,2013,0.08413671930162277,,
395,2015,0.010006104099593814,,
395,2016,0.07143383566659343,,
395,2017,0.0,,
395,2020,0.0,,0.2382414299293435
395,2021,0.0,,
395,2022,0.0,,
396,2007,0.13398628838065355,,
396,2010,0.05785004632619019,,
396,2011,0.17073266221106848,,
396,2013,0.08413671930162277,,
396,2015,0.10556527583891406,,
396,2016,0.0,0.0,
396,2017,0.0,,
396,2018,0.0,,
396,2019,,0.0,
396,2020,0.033897632300124395,0.0,
396,2021,0.0982801978479912,0.0,
396,2022,0.0,,
396,2023,,0.0,
396,2024,,0.0,
397,2010,0.15340921806551044,,
397,2015,0.010006104099593814,,
397,2020,0.033897632300124395,,
397,2021,0.0982801978479912,,
397,2022,0.0,,
397,2023,,0.0,
398,2015,0.010006104099593814,,
398,2022,,,0.5880433512577588
399,2009,,,0.12097323711945841
399,2010,,,0.13273533181452032
399,2022,,,0.25691159076879166
400,1999,0.009429449131734064,,
400,2001,,0.12112875941583287,
400,2006,,,0.4564796634236152
400,2007,,,0.15840641667412209
400,2009,,,0.2775607908547969
400,2013,0.08413671930162277,,
400,2018,,,0.2520842092323335
400,2023,,,0.16382514350197036
401,2001,0.023554641469239832,,
401,2006,,,0.4564796634236152
401,2007,,,0.08347315840450058
401,2009,0.0780034718598684,,
401,2010,,,0.4477866803174085
401,2011,,,0.3056742524542153
401,2018,0.0,,0.6745146179121401
401,2022,0.0,,
402,1999,0.009429449131734064,0.1395776537729733,
402,2000,,0.21229005781944973,
402,2001,0.023554641469239832,0.12112875941583287,
402,2002,0.042237795422555326,,
402,2003,0.09576104413928568,,
402,2005,0.14811366390554953,,
402,2009,0.0780034718598684,,
402,2010,0.3530986121366276,,
402,2011,0.23853297355230899,,
402,2012,0.09647462170732189,,
402,2013,,0.15322021902594116,
402,2014,0.16808994900328553,0.0779297043732948,
402,2016,,0.0,
402,2017,0.0472586223610162,0.04618121212660111,
402,2018,0.0,,
402,2019,0.15552587891948416,0.15024477830626295,0.16997691195289227
402,2020,0.2928162871200054,0.42162084873913447,
402,2021,0.39352876365842854,0.34803471905444544,
402,2022,0.4533196583069078,0.2721330758136636,
402,2023,0.24272983680505975,0.33378489261932476,
402,2024,0.17617770755217832,0.2393468087461874,
403,2000,0.0,,
403,2001,0.11911381320856008,,
403,2002,0.3374863612329927,,
403,2009,0.24136295494042914,,
403,2010,,0.0824669562707631,
403,2015,0.010006104099593814,,
403,2016,0.07143383566659343,,
403,2017,0.0,,
403,2018,0.0,0.0,
403,2019,0.03513556040833445,,
403,2020,0.033897632300124395,,
403,2021,0.030479886506750712,,
403,2022,0.031041520406466152,,
403,2023,0.011570042383258516,0.0,
403,2024,0.24397801889341883,0.0,
405,2010,0.05785004632619019,,
405,2015,0.17336558718015455,,
405,2016,0.0,,
405,2017,0.0,0.14305693117276932,
405,2018,0.09021091751750734,0.0,
405,2019,0.23482495447945156,0.17947874241250036,
405,2020,0.3401099384533799,0.39121260608818054,0.16330817165972195
405,2021,0.3571988526678722,0.1966014243330501,
405,2022,0.31479132199817667,0.10610447527413328,
405,2023,0.2704886972031395,0.10170153702059107,
405,2024,0.4714262733626157,0.04750137040634072,
406,2003,0.09576104413928568,,
406,2015,0.10556527583891406,0.07689458411762214,
406,2016,0.07143383566659343,,
406,2017,0.2106181054415769,0.0,
406,2018,0.18577008925682756,0.10051266572828028,
406,2019,0.03513556040833445,0.20480235398149008,
406,2020,0.2650574267219256,0.16561348481727836,
406,2021,0.26163968092855194,0.1966014243330501,0.16732585800759675
406,2022,0.23073091447758326,0.0,
406,2023,0.011570042383258516,0.004825817974422859,
406,2024,0.29656802606332816,0.08981951377728181,
407,2013,,0.07632563490831899,
407,2017,0.0,0.14305693117276932,
407,2018,0.09021091751750734,0.04595509005305316,
407,2019,0.03513556040833445,0.07335019418864083,
407,2020,0.0,,0.16330817165972195
407,2021,0.0,0.17426441589065506,
407,2022,0.09884183174770665,0.16991488012705172,
407,2023,,0.1362779777672721,
407,2024,0.0,0.29816625768775323,
408,2011,0.07517349047174823,,
408,2017,0.0,,
408,2019,0.10293587174957496,,
408,2021,0.0,,
409,2005,,,0.13028065195663543
409,2009,,,0.2775607908547969
409,2019,0.23482495447945156,,
409,2020,0.0,,
409,2021,0.0982801978479912,,
409,2022,0.031041520406466152,,
409,2023,0.011570042383258516,,
409,2024,0.13320854298276733,,
410,2009,,,0.3022384810691824
410,2019,0.03513556040833445,,
410,2021,0.0,,
410,2024,0.21250761854273473,,
411,1999,,0.1395776537729733,
411,2000,0.16335948308056072,,
411,2001,0.3188032072796772,,
411,2002,0.042237795422555326,,
411,2010,,0.15936154038838526,0.5672886531987746
411,2011,0.17073266221106848,,
411,2012,0.09647462170732189,,
411,2014,0.16808994900328553,,
411,2015,,0.35497863334003965,
411,2016,0.0,0.13434384734653923,
411,2017,0.0472586223610162,0.14305693117276932,
411,2018,0.0,0.0,
411,2019,0.15552587891948416,,
411,2020,0.1972571153806851,0.0,
411,2021,0.0,,
411,2022,0.031041520406466152,,
411,2023,0.011570042383258516,,
411,2024,0.13320854298276733,0.0,
412,2000,0.0,,
412,2001,,0.12112875941583287,
412,2002,0.3011564502424363,,
412,2003,0.19132021587860593,,
412,2005,0.14811366390554953,,
412,2016,0.07143383566659343,,
412,2017,0.0,,
412,2019,0.29405421522821545,0.0,
412,2020,0.033897632300124395,0.1018030799643599,
412,2021,0.0,0.0,
412,2022,0.0,,
412,2023,0.011570042383258516,0.004825817974422859,
413,2000,0.09555917173932021,0.13539547370182758,
413,2001,0.18691412454980058,,
413,2009,0.0780034718598684,,
413,2016,0.0,,
413,2017,0.1150589337022567,,
413,2018,0.02241060617626685,,
413,2019,0.0,,
413,2020,0.0,,
413,2021,0.030479886506750712,,
413,2023,0.011570042383258516,,
413,2024,0.0,,
414,2000,0.0,,
414,2013,0.08413671930162277,,
414,2017,0.0472586223610162,,
414,2020,0.033897632300124395,,
414,2023,0.0,0.0,
416,1999,0.10498862087105432,,
416,2002,0.3374863612329927,,
416,2017,0.0472586223610162,,
416,2020,0.0,,
416,2024,0.0806185358128581,,
417,2001,0.11911381320856008,,
417,2004,0.10031708220978383,,
417,2010,,0.0824669562707631,
417,2012,,0.0896639770702217,
417,2015,0.010006104099593814,,
417,2018,0.14280092468741656,0.04595509005305316,
417,2019,,0.11566833755958192,
417,2020,0.033897632300124395,0.13637952071104095,
417,2021,0.0,0.0,
417,2022,,0.0,
417,2023,0.13196036089440824,0.004825817974422859,
417,2024,0.17617770755217832,0.0,
418,1999,0.10498862087105432,,
418,2000,0.16335948308056072,,
418,2001,0.3188032072796772,0.19802334353345502,
418,2002,0.13779696716187556,,
418,2009,0.0780034718598684,,
418,2011,,,0.102641743074921
418,2017,0.16764894087216592,,
418,2019,0.03513556040833445,,
418,2024,0.0,,
421,2001,0.2824732962891208,,
421,2014,0.33144943208384625,,
421,2015,0.17336558718015455,,
421,2016,0.3025936300883946,,
421,2017,0.16764894087216592,,
421,2018,0.28132926099614786,,
421,2019,0.03513556040833445,,
421,2020,0.0,,
421,2021,0.19383936958731143,,
421,2022,0.15143183891761586,,
421,2023,0.13196036089440824,0.0,
421,2024,0.33953719063273907,,0.3468119868360453
422,2005,0.14811366390554953,,
422,2008,0.10738349825561784,,
422,2009,0.0780034718598684,,
422,2010,,0.0824669562707631,
422,2011,0.17073266221106848,,
422,2014,0.45183975059499604,,
422,2015,0.22595559435006377,,
422,2016,0.07143383566659343,,
422,2017,0.0,,
422,2018,0.02241060617626685,,
422,2020,0.1542879508112741,,
422,2021,0.0,,
422,2022,0.031041520406466152,,
422,2023,0.0,,
422,2024,0.012818224471617607,,
423,2024,0.012818224471617607,,
424,1999,0.22537893938220402,,
424,2000,0.0,,
424,2002,0.4833802318682993,,
424,2005,,,0.18344664479668665
424,2006,0.14540430650641914,,
424,2009,0.0780034718598684,,
424,2010,,,0.13273533181452032
424,2012,0.09647462170732189,,
424,2013,0.17969589104094302,,
424,2014,0.39924974342508673,,0.44738617447606904
424,2015,0.500084553341276,,
424,2016,0.23479331874715414,,
424,2017,0.3310084239527267,,
424,2018,0.3679938708826906,,0.04905169985303921
424,2019,0.4439427224461091,,0.298076163062565
424,2020,0.3401099384533799,,
424,2021,0.26163968092855194,,0.4823772065104848
424,2022,0.33725382655972164,0.0,0.3513163314750777
424,2023,0.33828900854438,,
424,2024,0.4073375019739796,,0.656176481895442
425,1999,0.268348103951615,0.1395776537729733,
425,2000,0.09555917173932021,,
425,2001,0.18691412454980058,,
425,2002,0.5849062518341468,0.21324272930145796,
425,2003,,,0.09888210037879513
425,2004,,,0.31380312288262435
425,2005,,,0.3527846437725943
425,2008,,0.10492869783959502,
425,2009,0.0780034718598684,0.16950802710790835,
425,2010,0.15340921806551044,0.21391911606361239,0.20766859008414187
425,2011,0.07517349047174823,0.07425095620550394,
425,2012,,0.0896639770702217,
425,2014,0.36777934307440263,,0.31928692336639625
425,2015,0.4848742491699447,,0.07048016856970821
425,2016,0.5185431203388647,0.0,
425,2017,0.4560657843987908,0.17763337191945036,
425,2018,0.46951989084853807,0.0,
425,2019,0.7411634999004866,0.20480235398149008,
425,2020,0.46891822024007923,0.2513303749332655,
425,2021,0.716001165991037,0.2803929641145146,
425,2022,0.5488788300462281,0.19523849169604143,
425,2023,0.5379784026154971,0.19083555344249922,
425,2024,0.584984869589953,0.2393468087461874,0.5280772307857693
426,2000,0.0,,
426,2002,0.042237795422555326,,
426,2005,,,0.05534739368701393
426,2009,0.0780034718598684,,
426,2015,0.010006104099593814,0.0,
426,2016,0.0,,
426,2017,0.0472586223610162,,
426,2019,0.03513556040833445,,
426,2022,0.0,,
426,2023,0.0,0.0,
426,2024,0.0,0.0,0.3468119868360453
427,1999,0.009429449131734064,,
427,2000,0.16335948308056072,,
427,2005,0.14811366390554953,,
427,2014,0.07253077726396527,,
427,2019,0.03513556040833445,,
427,2020,0.0,,
427,2022,0.0,,
427,2024,0.012818224471617607,,
429,2005,,,0.370398742189902
430,2000,0.0,,
430,2021,0.0,,
430,2022,0.0,,
430,2023,0.0,,
431,1999,0.009429449131734064,,
431,2023,0.0,,
